COUNTRY,CITY,DEALSIZE,Count of MONTH_ID,Sum of MSRP,Year,Quarter,Month,Day,Sum of ORDERLINENUMBER,Sum of ORDERNUMBER,Sum of PRICEEACH,PRODUCTCODE,PRODUCTLINE,Count of QTR_ID,Sum of QUANTITYORDERED,Sum of SALES,STATUS,Sum of TOTAL_CALCULATED,Count of YEAR_ID
Australia,Chatswood,Large,1,168,2003,Qtr 3,July,16,8,10139,100,S18_2795,Vintage Cars,1,41,7956.46,Shipped,4100,1
Australia,Chatswood,Medium,1,102,2003,Qtr 3,July,16,7,10139,100,S18_1342,Vintage Cars,1,31,3184.94,Shipped,3100,1
Australia,Chatswood,Medium,1,101,2003,Qtr 3,July,16,1,10139,100,S18_2949,Vintage Cars,1,46,5545.76,Shipped,4600,1
Australia,Chatswood,Medium,1,99,2003,Qtr 3,July,16,5,10139,100,S18_3320,Vintage Cars,1,30,3095.4,Shipped,3000,1
Australia,Chatswood,Medium,1,97,2003,Qtr 3,July,16,4,10139,100,S24_4258,Vintage Cars,1,29,3276.13,Shipped,2900,1
Australia,Chatswood,Medium,1,214,2004,Qtr 3,July,19,9,10270,100,S10_1949,Classic Cars,1,21,4905.39,Shipped,2100,1
Australia,Chatswood,Medium,1,147,2004,Qtr 3,July,19,2,10270,100,S10_4962,Classic Cars,1,32,4302.08,Shipped,3200,1
Australia,Chatswood,Medium,1,136,2004,Qtr 3,July,19,6,10270,100,S12_1666,Trucks and Buses,1,28,4094.72,Shipped,2800,1
Australia,Chatswood,Medium,1,116,2004,Qtr 3,July,19,8,10270,96.84,S18_1097,Trucks and Buses,1,43,4164.12,Shipped,4164.12,1
Australia,Chatswood,Medium,1,104,2004,Qtr 3,July,19,11,10270,100,S18_3136,Vintage Cars,1,38,4775.08,Shipped,3800,1
Australia,Chatswood,Medium,1,121,2004,Qtr 3,July,19,3,10270,100,S18_4600,Trucks and Buses,1,38,5383.08,Shipped,3800,1
Australia,Chatswood,Medium,1,101,2004,Qtr 3,July,19,4,10270,88,S700_2824,Classic Cars,1,46,4048,Shipped,4048,1
Australia,Chatswood,Medium,1,65,2004,Qtr 4,December,17,6,10361,100,S24_3420,Vintage Cars,1,34,3871.92,Shipped,3400,1
Australia,Chatswood,Medium,1,68,2004,Qtr 4,December,17,7,10361,100,S24_3949,Planes,1,26,3710.98,Shipped,2600,1
Australia,Chatswood,Medium,1,68,2004,Qtr 4,December,17,2,10361,72.33,S32_4289,Vintage Cars,1,49,3544.17,Shipped,3544.17,1
Australia,Chatswood,Medium,1,118,2004,Qtr 4,December,17,5,10361,72.42,S700_2834,Planes,1,44,3186.48,Shipped,3186.48,1
Australia,Chatswood,Medium,1,80,2004,Qtr 4,December,17,10,10361,100,S700_3167,Planes,1,44,5001.92,Shipped,4400,1
Australia,Chatswood,Medium,1,74,2004,Qtr 4,December,17,11,10361,100,S700_4002,Planes,1,35,4277.35,Shipped,3500,1
Australia,Chatswood,Medium,1,170,2005,Qtr 2,May,29,5,10420,100,S18_1749,Vintage Cars,1,37,5283.6,In Process,3700,1
Australia,Chatswood,Medium,1,127,2005,Qtr 2,May,29,2,10420,100,S18_2325,Vintage Cars,1,45,4977,In Process,4500,1
Australia,Chatswood,Medium,1,92,2005,Qtr 2,May,29,6,10420,92.95,S18_4409,Vintage Cars,1,66,6134.7,In Process,6134.7,1
Australia,Chatswood,Medium,1,73,2005,Qtr 2,May,29,11,10420,64.67,S24_1046,Classic Cars,1,60,3880.2,In Process,3880.2000000000003,1
Australia,Chatswood,Medium,1,90,2005,Qtr 2,May,29,9,10420,100,S24_2766,Classic Cars,1,39,3933.93,In Process,3900,1
Australia,Chatswood,Medium,1,117,2005,Qtr 2,May,29,8,10420,96.3,S24_2887,Classic Cars,1,55,5296.5,In Process,5296.5,1
Australia,Chatswood,Medium,1,85,2005,Qtr 2,May,29,10,10420,96.74,S24_3191,Classic Cars,1,35,3385.9,In Process,3385.8999999999996,1
Australia,Chatswood,Small,1,53,2003,Qtr 3,July,16,6,10139,43.13,S18_1367,Vintage Cars,1,49,2113.37,Shipped,2113.3700000000003,1
Australia,Chatswood,Small,1,62,2003,Qtr 3,July,16,3,10139,71.2,S18_2957,Vintage Cars,1,20,1424,Shipped,1424,1
Australia,Chatswood,Small,1,104,2003,Qtr 3,July,16,2,10139,90.06,S18_3136,Vintage Cars,1,20,1801.2,Shipped,1801.2,1
Australia,Chatswood,Small,1,101,2004,Qtr 3,July,19,10,10270,96.24,S18_2949,Vintage Cars,1,31,2983.44,Shipped,2983.44,1
Australia,Chatswood,Small,1,50,2004,Qtr 3,July,19,7,10270,58.36,S18_4668,Vintage Cars,1,44,2567.84,Shipped,2567.84,1
Australia,Chatswood,Small,1,96,2004,Qtr 3,July,19,1,10270,85.72,S32_1268,Trucks and Buses,1,32,2743.04,Shipped,2743.04,1
Australia,Chatswood,Small,1,64,2004,Qtr 3,July,19,5,10270,63.35,S32_3522,Trucks and Buses,1,21,1330.35,Shipped,1330.3500000000001,1
Australia,Chatswood,Small,1,95,2004,Qtr 4,December,17,13,10361,72.55,S10_1678,Motorcycles,1,20,1451,Shipped,1451,1
Australia,Chatswood,Small,1,118,2004,Qtr 4,December,17,8,10361,51.15,S10_2016,Motorcycles,1,26,1329.9,Shipped,1329.8999999999999,1
Australia,Chatswood,Small,1,72,2004,Qtr 4,December,17,1,10361,62.46,S24_4278,Planes,1,25,1561.5,Shipped,1561.5,1
Australia,Chatswood,Small,1,43,2004,Qtr 4,December,17,3,10361,82.59,S50_1341,Vintage Cars,1,33,2725.47,Shipped,2725.4700000000003,1
Australia,Chatswood,Small,1,91,2004,Qtr 4,December,17,4,10361,60.54,S700_1691,Planes,1,20,1210.8,Shipped,1210.8,1
Australia,Chatswood,Small,1,90,2004,Qtr 4,December,17,14,10361,45.39,S700_2047,Ships,1,24,1089.36,Shipped,1089.3600000000001,1
Australia,Chatswood,Small,1,99,2004,Qtr 4,December,17,9,10361,100,S700_2466,Planes,1,26,2754.7,Shipped,2600,1
Australia,Chatswood,Small,1,49,2004,Qtr 4,December,17,12,10361,95.2,S72_1253,Planes,1,23,2189.6,Shipped,2189.6,1
Australia,Chatswood,Small,1,60,2005,Qtr 2,May,29,4,10420,63.57,S18_2248,Vintage Cars,1,36,2288.52,In Process,2288.52,1
Australia,Chatswood,Small,1,71,2005,Qtr 2,May,29,7,10420,57.73,S18_4933,Classic Cars,1,36,2078.28,In Process,2078.2799999999997,1
Australia,Chatswood,Small,1,50,2005,Qtr 2,May,29,13,10420,60.37,S24_1628,Classic Cars,1,37,2233.69,In Process,2233.69,1
Australia,Chatswood,Small,1,33,2005,Qtr 2,May,29,1,10420,26.88,S24_1937,Vintage Cars,1,45,1209.6,In Process,1209.6,1
Australia,Chatswood,Small,1,107,2005,Qtr 2,May,29,12,10420,100,S24_3432,Classic Cars,1,26,2617.16,In Process,2600,1
Australia,Chatswood,Small,1,41,2005,Qtr 2,May,29,3,10420,43.49,S24_3969,Vintage Cars,1,15,652.35,In Process,652.35,1
Australia,Glen Waverly,Large,1,146,2004,Qtr 3,July,2,1,10265,100,S18_3482,Classic Cars,1,49,8427.02,Shipped,4900,1
Australia,Glen Waverly,Medium,1,102,2003,Qtr 4,November,21,7,10193,100,S18_1342,Vintage Cars,1,28,3106.88,Shipped,2800,1
Australia,Glen Waverly,Medium,1,170,2003,Qtr 4,November,21,14,10193,100,S18_1749,Vintage Cars,1,21,3141.6,Shipped,2100,1
Australia,Glen Waverly,Medium,1,127,2003,Qtr 4,November,21,11,10193,100,S18_2325,Vintage Cars,1,44,4642.88,Shipped,4400,1
Australia,Glen Waverly,Medium,1,168,2003,Qtr 4,November,21,8,10193,100,S18_2795,Vintage Cars,1,22,3675.32,Shipped,2200,1
Australia,Glen Waverly,Medium,1,80,2004,Qtr 3,July,2,2,10265,86.84,S18_3278,Classic Cars,1,45,3907.8,Shipped,3907.8,1
Australia,Glen Waverly,Medium,1,105,2005,Qtr 2,May,9,5,10415,100,S18_3856,Vintage Cars,1,51,6209.25,Disputed,5100,1
Australia,Glen Waverly,Medium,1,90,2005,Qtr 2,May,9,4,10415,95.95,S700_2047,Ships,1,32,3070.4,Disputed,3070.4,1
Australia,Glen Waverly,Small,1,53,2003,Qtr 4,November,21,6,10193,53.37,S18_1367,Vintage Cars,1,46,2455.02,Shipped,2455.02,1
Australia,Glen Waverly,Small,1,60,2003,Qtr 4,November,21,13,10193,59.33,S18_2248,Vintage Cars,1,42,2491.86,Shipped,2491.86,1
Australia,Glen Waverly,Small,1,101,2003,Qtr 4,November,21,1,10193,93.21,S18_2949,Vintage Cars,1,28,2609.88,Shipped,2609.8799999999997,1
Australia,Glen Waverly,Small,1,62,2003,Qtr 4,November,21,3,10193,51.84,S18_2957,Vintage Cars,1,24,1244.16,Shipped,1244.16,1
Australia,Glen Waverly,Small,1,104,2003,Qtr 4,November,21,2,10193,100,S18_3136,Vintage Cars,1,23,2769.89,Shipped,2300,1
Australia,Glen Waverly,Small,1,99,2003,Qtr 4,November,21,5,10193,79.37,S18_3320,Vintage Cars,1,32,2539.84,Shipped,2539.84,1
Australia,Glen Waverly,Small,1,92,2003,Qtr 4,November,21,15,10193,97.55,S18_4409,Vintage Cars,1,24,2341.2,Shipped,2341.2,1
Australia,Glen Waverly,Small,1,71,2003,Qtr 4,November,21,16,10193,76.26,S18_4933,Classic Cars,1,25,1906.5,Shipped,1906.5000000000002,1
Australia,Glen Waverly,Small,1,33,2003,Qtr 4,November,21,10,10193,29.21,S24_1937,Vintage Cars,1,26,759.46,Shipped,759.46,1
Australia,Glen Waverly,Small,1,44,2003,Qtr 4,November,21,9,10193,50.62,S24_2022,Vintage Cars,1,20,1012.4,Shipped,1012.4,1
Australia,Glen Waverly,Small,1,41,2003,Qtr 4,November,21,12,10193,41.03,S24_3969,Vintage Cars,1,22,902.66,Shipped,902.6600000000001,1
Australia,Glen Waverly,Small,1,97,2003,Qtr 4,November,21,4,10193,100,S24_4258,Vintage Cars,1,20,2279,Shipped,2000,1
Australia,Glen Waverly,Small,1,68,2005,Qtr 2,May,9,1,10415,67.82,S24_2841,Planes,1,21,1424.22,Disputed,1424.2199999999998,1
Australia,Glen Waverly,Small,1,65,2005,Qtr 2,May,9,2,10415,69.7,S24_3420,Vintage Cars,1,18,1254.6,Disputed,1254.6000000000001,1
Australia,Glen Waverly,Small,1,49,2005,Qtr 2,May,9,3,10415,57.61,S72_1253,Planes,1,42,2419.62,Disputed,2419.62,1
Australia,Melbourne,Large,1,193,2003,Qtr 2,April,29,2,10120,100,S10_4698,Motorcycles,1,46,9264.86,Shipped,4600,1
Australia,Melbourne,Large,1,193,2004,Qtr 1,February,20,3,10223,100,S10_4698,Motorcycles,1,49,9774.03,Shipped,4900,1
Australia,Melbourne,Medium,1,112,2003,Qtr 2,April,29,1,10120,98.05,S24_1578,Motorcycles,1,35,3431.75,Shipped,3431.75,1
Australia,Melbourne,Medium,1,109,2003,Qtr 2,April,29,10,10120,100,S24_1785,Planes,1,39,4651.53,Shipped,3900,1
Australia,Melbourne,Medium,1,91,2003,Qtr 2,April,29,13,10120,82.21,S700_1691,Planes,1,47,3863.87,Shipped,3863.87,1
Australia,Melbourne,Medium,1,118,2003,Qtr 2,April,29,7,10120,100,S700_2834,Planes,1,24,3417.12,Shipped,2400,1
Australia,Melbourne,Medium,1,80,2003,Qtr 2,April,29,14,10120,76,S700_3167,Planes,1,43,3268,Shipped,3268,1
Australia,Melbourne,Medium,1,102,2003,Qtr 2,May,21,1,10125,100,S18_1342,Vintage Cars,1,32,3254.72,Shipped,3200,1
Australia,Melbourne,Medium,1,168,2003,Qtr 2,May,21,2,10125,100,S18_2795,Vintage Cars,1,34,6483.46,Shipped,3400,1
Australia,Melbourne,Medium,1,95,2004,Qtr 1,February,20,1,10223,100,S10_1678,Motorcycles,1,37,3965.66,Shipped,3700,1
Australia,Melbourne,Medium,1,118,2004,Qtr 1,February,20,4,10223,100,S10_2016,Motorcycles,1,47,5422.39,Shipped,4700,1
Australia,Melbourne,Medium,1,84,2004,Qtr 1,February,20,9,10223,100,S18_2581,Planes,1,47,4724.91,Shipped,4700,1
Australia,Melbourne,Medium,1,109,2004,Qtr 1,February,20,11,10223,100,S24_1785,Planes,1,34,3608.76,Shipped,3400,1
Australia,Melbourne,Medium,1,118,2004,Qtr 1,February,20,8,10223,100,S700_2834,Planes,1,29,3199.86,Shipped,2900,1
Australia,Melbourne,Medium,1,141,2004,Qtr 4,November,24,2,10342,100,S18_1129,Classic Cars,1,40,6454.4,Shipped,4000,1
Australia,Melbourne,Medium,1,77,2004,Qtr 4,November,24,1,10342,65.45,S18_1889,Classic Cars,1,55,3599.75,Shipped,3599.75,1
Australia,Melbourne,Medium,1,142,2004,Qtr 4,November,24,3,10342,100,S18_1984,Classic Cars,1,22,3160.74,Shipped,2200,1
Australia,Melbourne,Medium,1,169,2004,Qtr 4,November,24,4,10342,100,S18_3232,Classic Cars,1,30,5029.5,Shipped,3000,1
Australia,Melbourne,Medium,1,146,2004,Qtr 4,November,24,7,10342,100,S18_3482,Classic Cars,1,55,6548.3,Shipped,5500,1
Australia,Melbourne,Medium,1,148,2004,Qtr 4,November,24,11,10342,100,S18_4721,Classic Cars,1,38,6276.46,Shipped,3800,1
Australia,Melbourne,Medium,1,140,2004,Qtr 4,November,24,6,10342,100,S24_3856,Classic Cars,1,42,5013.54,Shipped,4200,1
Australia,Melbourne,Medium,1,214,2004,Qtr 4,November,29,1,10347,100,S10_1949,Classic Cars,1,30,3944.7,Shipped,3000,1
Australia,Melbourne,Medium,1,147,2004,Qtr 4,November,29,2,10347,100,S10_4962,Classic Cars,1,27,4428,Shipped,2700,1
Australia,Melbourne,Medium,1,136,2004,Qtr 4,November,29,3,10347,100,S12_1666,Trucks and Buses,1,29,3586.43,Shipped,2900,1
Australia,Melbourne,Medium,1,60,2004,Qtr 4,November,29,8,10347,100,S18_2432,Trucks and Buses,1,50,6834.5,Shipped,5000,1
Australia,Melbourne,Medium,1,168,2004,Qtr 4,November,29,6,10347,100,S18_2795,Vintage Cars,1,21,4815.3,Shipped,2100,1
Australia,Melbourne,Medium,1,101,2004,Qtr 4,November,29,9,10347,100,S18_2949,Vintage Cars,1,48,4814.4,Shipped,4800,1
Australia,Melbourne,Medium,1,104,2004,Qtr 4,November,29,11,10347,100,S18_3136,Vintage Cars,1,45,4948.2,Shipped,4500,1
Australia,Melbourne,Medium,1,121,2004,Qtr 4,November,29,4,10347,100,S18_4600,Trucks and Buses,1,45,5884.65,Shipped,4500,1
Australia,Melbourne,Small,1,118,2003,Qtr 2,April,29,3,10120,96.34,S10_2016,Motorcycles,1,29,2793.86,Shipped,2793.86,1
Australia,Melbourne,Small,1,84,2003,Qtr 2,April,29,8,10120,71.81,S18_2581,Planes,1,29,2082.49,Shipped,2082.4900000000002,1
Australia,Melbourne,Small,1,60,2003,Qtr 2,April,29,4,10120,58.15,S18_2625,Motorcycles,1,46,2674.9,Shipped,2674.9,1
Australia,Melbourne,Small,1,76,2003,Qtr 2,April,29,5,10120,83.79,S24_2000,Motorcycles,1,34,2848.86,Shipped,2848.86,1
Australia,Melbourne,Small,1,72,2003,Qtr 2,April,29,9,10120,85.49,S24_4278,Planes,1,29,2479.21,Shipped,2479.21,1
Australia,Melbourne,Small,1,99,2003,Qtr 2,April,29,6,10120,100,S32_1374,Motorcycles,1,22,2461.36,Shipped,2200,1
Australia,Melbourne,Small,1,68,2003,Qtr 2,April,29,11,10120,72.23,S32_4289,Vintage Cars,1,29,2094.67,Shipped,2094.67,1
Australia,Melbourne,Small,1,43,2003,Qtr 2,April,29,12,10120,50.62,S50_1341,Vintage Cars,1,49,2480.38,Shipped,2480.3799999999997,1
Australia,Melbourne,Small,1,99,2003,Qtr 2,April,29,15,10120,100,S700_2466,Planes,1,24,2584.8,Shipped,2400,1
Australia,Melbourne,Small,1,60,2004,Qtr 1,February,20,5,10223,60.57,S18_2625,Motorcycles,1,28,1695.96,Shipped,1695.96,1
Australia,Melbourne,Small,1,112,2004,Qtr 1,February,20,2,10223,91.29,S24_1578,Motorcycles,1,32,2921.28,Shipped,2921.28,1
Australia,Melbourne,Small,1,76,2004,Qtr 1,February,20,6,10223,69.31,S24_2000,Motorcycles,1,38,2633.78,Shipped,2633.78,1
Australia,Melbourne,Small,1,72,2004,Qtr 1,February,20,10,10223,74.62,S24_4278,Planes,1,23,1716.26,Shipped,1716.2600000000002,1
Australia,Melbourne,Small,1,99,2004,Qtr 1,February,20,7,10223,100,S32_1374,Motorcycles,1,21,2475.27,Shipped,2100,1
Australia,Melbourne,Small,1,68,2004,Qtr 1,February,20,12,10223,66.04,S32_4289,Vintage Cars,1,20,1320.8,Shipped,1320.8000000000002,1
Australia,Melbourne,Small,1,43,2004,Qtr 1,February,20,13,10223,46.26,S50_1341,Vintage Cars,1,41,1896.66,Shipped,1896.6599999999999,1
Australia,Melbourne,Small,1,91,2004,Qtr 1,February,20,14,10223,100,S700_1691,Planes,1,25,2534.75,Shipped,2500,1
Australia,Melbourne,Small,1,80,2004,Qtr 1,February,20,15,10223,67.2,S700_3167,Planes,1,26,1747.2,Shipped,1747.2,1
Australia,Melbourne,Small,1,80,2004,Qtr 4,November,24,5,10342,66.74,S18_3278,Classic Cars,1,25,1668.5,Shipped,1668.4999999999998,1
Australia,Melbourne,Small,1,62,2004,Qtr 4,November,24,8,10342,55.95,S18_3782,Motorcycles,1,26,1454.7,Shipped,1454.7,1
Australia,Melbourne,Small,1,37,2004,Qtr 4,November,24,9,10342,40.4,S24_2972,Classic Cars,1,39,1575.6,Shipped,1575.6,1
Australia,Melbourne,Small,1,61,2004,Qtr 4,November,24,10,10342,62.45,S24_3371,Classic Cars,1,48,2997.6,Shipped,2997.6000000000004,1
Australia,Melbourne,Small,1,116,2004,Qtr 4,November,29,5,10347,49.6,S18_1097,Trucks and Buses,1,42,2083.2,Shipped,2083.2000000000003,1
Australia,Melbourne,Small,1,53,2004,Qtr 4,November,29,7,10347,58.95,S18_1367,Vintage Cars,1,21,1237.95,Shipped,1237.95,1
Australia,Melbourne,Small,1,62,2004,Qtr 4,November,29,10,10347,64.96,S18_2957,Vintage Cars,1,34,2208.64,Shipped,2208.64,1
Australia,Melbourne,Small,1,99,2004,Qtr 4,November,29,12,10347,100,S18_3320,Vintage Cars,1,26,2656.94,Shipped,2600,1
Australia,North Sydney,Large,1,136,2005,Qtr 1,January,20,8,10370,100,S12_1666,Trucks and Buses,1,49,8470.14,Shipped,4900,1
Australia,North Sydney,Large,1,33,2005,Qtr 1,March,9,8,10391,100,S24_1937,Vintage Cars,1,33,8344.71,Shipped,3300,1
Australia,North Sydney,Medium,1,124,2003,Qtr 3,September,11,9,10148,100,S18_1589,Classic Cars,1,47,5848.68,Shipped,4700,1
Australia,North Sydney,Medium,1,142,2003,Qtr 3,September,11,12,10148,100,S18_1984,Classic Cars,1,25,4232,Shipped,2500,1
Australia,North Sydney,Medium,1,132,2003,Qtr 3,September,11,10,10148,100,S18_2870,Classic Cars,1,27,3528.36,Shipped,2700,1
Australia,North Sydney,Medium,1,169,2003,Qtr 3,September,11,14,10148,100,S18_3232,Classic Cars,1,32,5418.88,Shipped,3200,1
Australia,North Sydney,Medium,1,141,2003,Qtr 3,September,11,11,10148,100,S18_3685,Classic Cars,1,28,3639.44,Shipped,2800,1
Australia,North Sydney,Medium,1,92,2003,Qtr 3,September,11,1,10148,100,S18_4409,Vintage Cars,1,34,3598.22,Shipped,3400,1
Australia,North Sydney,Medium,1,117,2003,Qtr 3,September,11,3,10148,100,S24_2887,Classic Cars,1,34,4392.12,Shipped,3400,1
Australia,North Sydney,Medium,1,107,2003,Qtr 3,September,11,7,10148,100,S24_3432,Classic Cars,1,27,3469.5,Shipped,2700,1
Australia,North Sydney,Medium,1,194,2003,Qtr 4,November,4,2,10169,100,S12_1099,Classic Cars,1,30,5019.9,Shipped,3000,1
Australia,North Sydney,Medium,1,150,2003,Qtr 4,November,4,13,10169,100,S12_2823,Motorcycles,1,35,4639.25,Shipped,3500,1
Australia,North Sydney,Medium,1,146,2003,Qtr 4,November,4,4,10169,100,S18_3482,Classic Cars,1,36,4444.92,Shipped,3600,1
Australia,North Sydney,Medium,1,148,2003,Qtr 4,November,4,7,10169,100,S18_4721,Classic Cars,1,33,4910.4,Shipped,3300,1
Australia,North Sydney,Medium,1,102,2003,Qtr 4,November,4,12,10169,100,S32_4485,Motorcycles,1,34,3920.88,Shipped,3400,1
Australia,North Sydney,Medium,1,81,2003,Qtr 4,November,4,10,10169,80.55,S50_4713,Motorcycles,1,48,3866.4,Shipped,3866.3999999999996,1
Australia,North Sydney,Medium,1,116,2005,Qtr 1,January,20,1,10370,100,S18_1097,Trucks and Buses,1,27,3911.49,Shipped,2700,1
Australia,North Sydney,Medium,1,122,2005,Qtr 1,January,20,5,10370,100,S18_2319,Trucks and Buses,1,22,3949,Shipped,2200,1
Australia,North Sydney,Medium,1,64,2005,Qtr 1,January,20,3,10370,100,S32_3522,Trucks and Buses,1,25,3160.25,Shipped,2500,1
Australia,North Sydney,Medium,1,102,2005,Qtr 1,March,9,2,10391,100,S18_1342,Vintage Cars,1,35,5548.9,Shipped,3500,1
Australia,North Sydney,Medium,1,53,2005,Qtr 1,March,9,3,10391,100,S18_1367,Vintage Cars,1,42,4998,Shipped,4200,1
Australia,North Sydney,Medium,1,44,2005,Qtr 1,March,9,1,10391,100,S24_2022,Vintage Cars,1,24,4042.08,Shipped,2400,1
Australia,North Sydney,Small,1,141,2003,Qtr 3,September,11,13,10148,100,S18_1129,Classic Cars,1,23,2702.04,Shipped,2300,1
Australia,North Sydney,Small,1,71,2003,Qtr 3,September,11,2,10148,81.25,S18_4933,Classic Cars,1,29,2356.25,Shipped,2356.25,1
Australia,North Sydney,Small,1,73,2003,Qtr 3,September,11,6,10148,60.26,S24_1046,Classic Cars,1,25,1506.5,Shipped,1506.5,1
Australia,North Sydney,Small,1,50,2003,Qtr 3,September,11,8,10148,56.85,S24_1628,Classic Cars,1,47,2671.95,Shipped,2671.9500000000003,1
Australia,North Sydney,Small,1,90,2003,Qtr 3,September,11,4,10148,73.6,S24_2766,Classic Cars,1,21,1545.6,Shipped,1545.6,1
Australia,North Sydney,Small,1,85,2003,Qtr 3,September,11,5,10148,73.62,S24_3191,Classic Cars,1,31,2282.22,Shipped,2282.2200000000003,1
Australia,North Sydney,Small,1,79,2003,Qtr 4,November,4,3,10169,63.84,S12_3990,Classic Cars,1,36,2298.24,Shipped,2298.2400000000002,1
Australia,North Sydney,Small,1,80,2003,Qtr 4,November,4,5,10169,70.76,S18_3278,Classic Cars,1,32,2264.32,Shipped,2264.32,1
Australia,North Sydney,Small,1,62,2003,Qtr 4,November,4,8,10169,68.39,S18_3782,Motorcycles,1,38,2598.82,Shipped,2598.82,1
Australia,North Sydney,Small,1,69,2003,Qtr 4,November,4,11,10169,74.11,S24_2360,Motorcycles,1,38,2816.18,Shipped,2816.18,1
Australia,North Sydney,Small,1,61,2003,Qtr 4,November,4,1,10169,50.21,S24_3371,Classic Cars,1,34,1707.14,Shipped,1707.14,1
Australia,North Sydney,Small,1,80,2003,Qtr 4,November,4,6,10169,94.58,S24_4620,Classic Cars,1,24,2269.92,Shipped,2269.92,1
Australia,North Sydney,Small,1,40,2003,Qtr 4,November,4,9,10169,39.83,S32_2206,Motorcycles,1,26,1035.58,Shipped,1035.58,1
Australia,North Sydney,Small,1,147,2005,Qtr 1,January,20,4,10370,65.63,S10_4962,Classic Cars,1,35,2297.05,Shipped,2297.0499999999997,1
Australia,North Sydney,Small,1,60,2005,Qtr 1,January,20,7,10370,96.86,S18_2432,Trucks and Buses,1,22,2130.92,Shipped,2130.92,1
Australia,North Sydney,Small,1,169,2005,Qtr 1,January,20,9,10370,56.85,S18_3232,Classic Cars,1,27,1534.95,Shipped,1534.95,1
Australia,North Sydney,Small,1,121,2005,Qtr 1,January,20,6,10370,57.53,S18_4600,Trucks and Buses,1,29,1668.37,Shipped,1668.3700000000001,1
Australia,North Sydney,Small,1,50,2005,Qtr 1,January,20,2,10370,100,S18_4668,Vintage Cars,1,20,2730,Shipped,2000,1
Australia,North Sydney,Small,1,214,2005,Qtr 1,March,9,4,10391,100,S10_1949,Classic Cars,1,24,2416.56,Shipped,2400,1
Australia,North Sydney,Small,1,147,2005,Qtr 1,March,9,7,10391,46.9,S10_4962,Classic Cars,1,37,1735.3,Shipped,1735.3,1
Australia,North Sydney,Small,1,136,2005,Qtr 1,March,9,9,10391,63.2,S12_1666,Trucks and Buses,1,39,2464.8,Shipped,2464.8,1
Australia,North Sydney,Small,1,116,2005,Qtr 1,March,9,10,10391,85.1,S18_1097,Trucks and Buses,1,29,2467.9,Shipped,2467.8999999999996,1
Australia,North Sydney,Small,1,60,2005,Qtr 1,March,9,5,10391,38.5,S18_2432,Trucks and Buses,1,44,1694,Shipped,1694,1
Australia,North Sydney,Small,1,101,2005,Qtr 1,March,9,6,10391,45.25,S18_2949,Vintage Cars,1,32,1448,Shipped,1448,1
Australia,South Brisbane,Large,1,214,2003,Qtr 4,November,6,4,10174,100,S10_1949,Classic Cars,1,34,8014.82,Shipped,3400,1
Australia,South Brisbane,Medium,1,143,2003,Qtr 3,September,25,1,10152,100,S18_4027,Classic Cars,1,35,4524.1,Shipped,3500,1
Australia,South Brisbane,Medium,1,136,2003,Qtr 4,November,6,1,10174,100,S12_1666,Trucks and Buses,1,43,6817.22,Shipped,4300,1
Australia,South Brisbane,Medium,1,116,2003,Qtr 4,November,6,3,10174,93.34,S18_1097,Trucks and Buses,1,48,4480.32,Shipped,4480.32,1
Australia,South Brisbane,Medium,1,101,2003,Qtr 4,November,6,5,10174,100,S18_2949,Vintage Cars,1,46,5592.22,Shipped,4600,1
Australia,South Brisbane,Medium,1,118,2005,Qtr 1,February,2,5,10374,100,S10_2016,Motorcycles,1,39,5288.01,Shipped,3900,1
Australia,South Brisbane,Medium,1,193,2005,Qtr 1,February,2,1,10374,100,S10_4698,Motorcycles,1,22,3834.38,Shipped,2200,1
Australia,South Brisbane,Medium,1,112,2005,Qtr 1,February,2,6,10374,100,S24_1578,Motorcycles,1,38,4197.1,Shipped,3800,1
Australia,South Brisbane,Medium,1,109,2005,Qtr 1,February,2,3,10374,94.1,S24_1785,Planes,1,46,4328.6,Shipped,4328.599999999999,1
Australia,South Brisbane,Small,1,57,2003,Qtr 3,September,25,4,10152,65.31,S24_1444,Classic Cars,1,25,1632.75,Shipped,1632.75,1
Australia,South Brisbane,Small,1,118,2003,Qtr 3,September,25,3,10152,100,S24_4048,Classic Cars,1,23,2802.09,Shipped,2300,1
Australia,South Brisbane,Small,1,62,2003,Qtr 3,September,25,2,10152,50.95,S32_3207,Trains,1,33,1681.35,Shipped,1681.3500000000001,1
Australia,South Brisbane,Small,1,50,2003,Qtr 4,November,6,2,10174,44.78,S18_4668,Vintage Cars,1,49,2194.22,Shipped,2194.2200000000003,1
Australia,South Brisbane,Small,1,84,2005,Qtr 1,February,2,2,10374,69.27,S18_2581,Planes,1,42,2909.34,Shipped,2909.3399999999997,1
Australia,South Brisbane,Small,1,60,2005,Qtr 1,February,2,4,10374,53.3,S18_2625,Motorcycles,1,22,1172.6,Shipped,1172.6,1
Austria,Graz,Medium,1,147,2003,Qtr 4,October,21,2,10164,100,S10_4962,Classic Cars,1,21,3536.82,Resolved,2100,1
Austria,Graz,Medium,1,136,2003,Qtr 4,October,21,6,10164,100,S12_1666,Trucks and Buses,1,49,6563.06,Resolved,4900,1
Austria,Graz,Medium,1,116,2003,Qtr 4,October,21,8,10164,99.17,S18_1097,Trucks and Buses,1,36,3570.12,Resolved,3570.12,1
Austria,Graz,Medium,1,121,2003,Qtr 4,October,21,3,10164,100,S18_4600,Trucks and Buses,1,45,5012.55,Resolved,4500,1
Austria,Graz,Medium,1,101,2003,Qtr 4,October,21,4,10164,81.93,S700_2824,Classic Cars,1,39,3195.27,Resolved,3195.2700000000004,1
Austria,Graz,Medium,1,117,2003,Qtr 4,November,4,4,10170,100,S12_3380,Classic Cars,1,47,5464.69,Shipped,4700,1
Austria,Graz,Medium,1,115,2003,Qtr 4,November,4,3,10170,100,S12_4675,Classic Cars,1,41,4391.1,Shipped,4100,1
Austria,Graz,Medium,1,140,2003,Qtr 4,November,4,1,10170,100,S24_3856,Classic Cars,1,34,3819.56,Shipped,3400,1
Austria,Graz,Medium,1,99,2005,Qtr 1,March,10,1,10392,100,S18_3320,Vintage Cars,1,36,4035.96,Shipped,3600,1
Austria,Graz,Small,1,50,2003,Qtr 4,October,21,7,10164,53.83,S18_4668,Vintage Cars,1,25,1345.75,Resolved,1345.75,1
Austria,Graz,Small,1,96,2003,Qtr 4,October,21,1,10164,100,S32_1268,Trucks and Buses,1,24,2634.96,Resolved,2400,1
Austria,Graz,Small,1,64,2003,Qtr 4,October,21,5,10164,54.94,S32_3522,Trucks and Buses,1,49,2692.06,Resolved,2692.06,1
Austria,Graz,Small,1,77,2003,Qtr 4,November,4,2,10170,63.14,S18_1889,Classic Cars,1,20,1262.8,Shipped,1262.8,1
Austria,Graz,Small,1,62,2005,Qtr 1,March,10,3,10392,59.96,S18_2957,Vintage Cars,1,37,2218.52,Shipped,2218.52,1
Austria,Graz,Small,1,104,2005,Qtr 1,March,10,2,10392,86.92,S18_3136,Vintage Cars,1,29,2520.68,Shipped,2520.68,1
Austria,Salzburg,Large,1,95,2004,Qtr 4,November,24,9,10341,100,S10_1678,Motorcycles,1,41,7737.93,Shipped,4100,1
Austria,Salzburg,Large,1,150,2004,Qtr 4,November,24,8,10341,100,S12_2823,Motorcycles,1,55,8118.55,Shipped,5500,1
Austria,Salzburg,Large,1,132,2005,Qtr 2,May,17,2,10419,100,S18_2870,Classic Cars,1,55,7695.6,Shipped,5500,1
Austria,Salzburg,Large,1,140,2005,Qtr 2,May,17,8,10419,100,S24_3856,Classic Cars,1,70,9240,Shipped,7000,1
Austria,Salzburg,Medium,1,136,2003,Qtr 2,April,28,11,10119,100,S10_4757,Classic Cars,1,46,5004.8,Shipped,4600,1
Austria,Salzburg,Medium,1,157,2003,Qtr 2,April,28,3,10119,100,S18_1662,Planes,1,43,6916.12,Shipped,4300,1
Austria,Salzburg,Medium,1,88,2003,Qtr 2,April,28,13,10119,87.62,S24_3151,Vintage Cars,1,35,3066.7,Shipped,3066.7000000000003,1
Austria,Salzburg,Medium,1,83,2003,Qtr 2,April,28,10,10119,90.57,S24_3816,Vintage Cars,1,35,3169.95,Shipped,3169.95,1
Austria,Salzburg,Medium,1,97,2004,Qtr 3,July,16,2,10269,97.39,S24_4258,Vintage Cars,1,48,4674.72,Shipped,4674.72,1
Austria,Salzburg,Medium,1,194,2004,Qtr 4,November,24,2,10341,79.65,S12_1099,Classic Cars,1,45,3584.25,Shipped,3584.2500000000005,1
Austria,Salzburg,Medium,1,117,2004,Qtr 4,November,24,1,10341,95.93,S12_3380,Classic Cars,1,44,4220.92,Shipped,4220.92,1
Austria,Salzburg,Medium,1,79,2004,Qtr 4,November,24,10,10341,93.56,S12_3990,Classic Cars,1,36,3368.16,Shipped,3368.16,1
Austria,Salzburg,Medium,1,115,2004,Qtr 4,November,24,7,10341,75.2,S12_4675,Classic Cars,1,55,4136,Shipped,4136,1
Austria,Salzburg,Medium,1,69,2004,Qtr 4,November,24,6,10341,100,S24_2360,Motorcycles,1,32,3307.2,Shipped,3200,1
Austria,Salzburg,Medium,1,81,2004,Qtr 4,November,24,3,10341,100,S50_4713,Motorcycles,1,38,4682.36,Shipped,3800,1
Austria,Salzburg,Medium,1,80,2004,Qtr 4,November,24,5,10341,100,S700_3167,Planes,1,34,3644.12,Shipped,3400,1
Austria,Salzburg,Medium,1,79,2005,Qtr 2,May,17,14,10419,90.17,S12_3990,Classic Cars,1,34,3065.78,Shipped,3065.78,1
Austria,Salzburg,Medium,1,115,2005,Qtr 2,May,17,10,10419,100,S12_4675,Classic Cars,1,32,3832.64,Shipped,3200,1
Austria,Salzburg,Medium,1,141,2005,Qtr 2,May,17,5,10419,100,S18_1129,Classic Cars,1,38,4464.24,Shipped,3800,1
Austria,Salzburg,Medium,1,124,2005,Qtr 2,May,17,1,10419,100,S18_1589,Classic Cars,1,37,5202.94,Shipped,3700,1
Austria,Salzburg,Medium,1,77,2005,Qtr 2,May,17,9,10419,83.93,S18_1889,Classic Cars,1,39,3273.27,Shipped,3273.2700000000004,1
Austria,Salzburg,Medium,1,142,2005,Qtr 2,May,17,4,10419,100,S18_1984,Classic Cars,1,34,4594.76,Shipped,3400,1
Austria,Salzburg,Medium,1,169,2005,Qtr 2,May,17,6,10419,100,S18_3232,Classic Cars,1,35,5926.9,Shipped,3500,1
Austria,Salzburg,Medium,1,141,2005,Qtr 2,May,17,3,10419,100,S18_3685,Classic Cars,1,43,5589.14,Shipped,4300,1
Austria,Salzburg,Small,1,86,2003,Qtr 2,April,28,9,10119,89.46,S18_3029,Ships,1,21,1878.66,Shipped,1878.6599999999999,1
Austria,Salzburg,Small,1,105,2003,Qtr 2,April,28,8,10119,99.52,S18_3856,Vintage Cars,1,27,2687.04,Shipped,2687.04,1
Austria,Salzburg,Small,1,68,2003,Qtr 2,April,28,4,10119,59.6,S24_2841,Planes,1,41,2443.6,Shipped,2443.6,1
Austria,Salzburg,Small,1,65,2003,Qtr 2,April,28,5,10119,72.98,S24_3420,Vintage Cars,1,20,1459.6,Shipped,1459.6000000000001,1
Austria,Salzburg,Small,1,68,2003,Qtr 2,April,28,2,10119,70.29,S24_3949,Planes,1,28,1968.12,Shipped,1968.1200000000001,1
Austria,Salzburg,Small,1,66,2003,Qtr 2,April,28,14,10119,76.67,S700_1138,Ships,1,25,1916.75,Shipped,1916.75,1
Austria,Salzburg,Small,1,90,2003,Qtr 2,April,28,7,10119,94.14,S700_2047,Ships,1,29,2730.06,Shipped,2730.06,1
Austria,Salzburg,Small,1,72,2003,Qtr 2,April,28,12,10119,65.77,S700_2610,Ships,1,38,2499.26,Shipped,2499.2599999999998,1
Austria,Salzburg,Small,1,74,2003,Qtr 2,April,28,1,10119,59.22,S700_4002,Planes,1,26,1539.72,Shipped,1539.72,1
Austria,Salzburg,Small,1,49,2003,Qtr 2,April,28,6,10119,48.17,S72_1253,Planes,1,28,1348.76,Shipped,1348.76,1
Austria,Salzburg,Small,1,62,2004,Qtr 3,July,16,1,10269,63.08,S18_2957,Vintage Cars,1,32,2018.56,Shipped,2018.56,1
Austria,Salzburg,Small,1,102,2004,Qtr 4,November,24,4,10341,71.02,S32_4485,Motorcycles,1,31,2201.62,Shipped,2201.62,1
Austria,Salzburg,Small,1,194,2005,Qtr 2,May,17,13,10419,100,S12_1099,Classic Cars,1,12,1961.28,Shipped,1200,1
Austria,Salzburg,Small,1,117,2005,Qtr 2,May,17,11,10419,100,S12_3380,Classic Cars,1,10,1092.2,Shipped,1000,1
Austria,Salzburg,Small,1,37,2005,Qtr 2,May,17,7,10419,42.67,S24_2972,Classic Cars,1,15,640.05,Shipped,640.0500000000001,1
Austria,Salzburg,Small,1,61,2005,Qtr 2,May,17,12,10419,52.66,S24_3371,Classic Cars,1,55,2896.3,Shipped,2896.2999999999997,1
Belgium,Bruxelles,Medium,1,136,2004,Qtr 1,February,18,3,10221,100,S18_3140,Vintage Cars,1,33,4417.38,Shipped,3300,1
Belgium,Bruxelles,Medium,1,87,2004,Qtr 1,February,18,2,10221,89.53,S18_4522,Vintage Cars,1,39,3491.67,Shipped,3491.67,1
Belgium,Bruxelles,Medium,1,122,2004,Qtr 1,February,18,1,10221,100,S24_2011,Ships,1,49,6804.63,Shipped,4900,1
Belgium,Bruxelles,Medium,1,136,2004,Qtr 3,July,21,4,10273,100,S10_4757,Classic Cars,1,30,3508.8,Shipped,3000,1
Belgium,Bruxelles,Medium,1,86,2004,Qtr 3,July,21,2,10273,98.06,S18_3029,Ships,1,34,3334.04,Shipped,3334.04,1
Belgium,Bruxelles,Medium,1,136,2004,Qtr 3,July,21,13,10273,100,S18_3140,Vintage Cars,1,40,5026.4,Shipped,4000,1
Belgium,Bruxelles,Medium,1,100,2004,Qtr 3,July,21,15,10273,100,S18_3259,Trains,1,47,5450.59,Shipped,4700,1
Belgium,Bruxelles,Medium,1,105,2004,Qtr 3,July,21,1,10273,85.75,S18_3856,Vintage Cars,1,50,4287.5,Shipped,4287.5,1
Belgium,Bruxelles,Medium,1,83,2004,Qtr 3,July,21,3,10273,83.02,S24_3816,Vintage Cars,1,48,3984.96,Shipped,3984.96,1
Belgium,Bruxelles,Medium,1,100,2004,Qtr 3,July,21,8,10273,86.15,S700_3505,Ships,1,40,3446,Shipped,3446,1
Belgium,Bruxelles,Small,1,100,2004,Qtr 1,February,18,5,10221,80.67,S18_3259,Trains,1,23,1855.41,Shipped,1855.41,1
Belgium,Bruxelles,Small,1,86,2004,Qtr 1,February,18,4,10221,97,S700_1938,Ships,1,23,2231,Shipped,2231,1
Belgium,Bruxelles,Small,1,87,2004,Qtr 3,July,21,12,10273,71.09,S18_4522,Vintage Cars,1,33,2345.97,Shipped,2345.9700000000003,1
Belgium,Bruxelles,Small,1,122,2004,Qtr 3,July,21,11,10273,100,S24_2011,Ships,1,22,2784.76,Shipped,2200,1
Belgium,Bruxelles,Small,1,88,2004,Qtr 3,July,21,6,10273,100,S24_3151,Vintage Cars,1,27,2796.12,Shipped,2700,1
Belgium,Bruxelles,Small,1,66,2004,Qtr 3,July,21,7,10273,65.34,S700_1138,Ships,1,21,1372.14,Shipped,1372.14,1
Belgium,Bruxelles,Small,1,86,2004,Qtr 3,July,21,14,10273,100,S700_1938,Ships,1,21,2146.2,Shipped,2100,1
Belgium,Bruxelles,Small,1,72,2004,Qtr 3,July,21,5,10273,62.16,S700_2610,Ships,1,42,2610.72,Shipped,2610.72,1
Belgium,Bruxelles,Small,1,99,2004,Qtr 3,July,21,9,10273,100,S700_3962,Ships,1,26,2969.46,Shipped,2600,1
Belgium,Bruxelles,Small,1,54,2004,Qtr 3,July,21,10,10273,45.86,S72_3212,Ships,1,37,1696.82,Shipped,1696.82,1
Belgium,Bruxelles,Small,1,101,2005,Qtr 2,May,30,1,10423,88.14,S18_2949,Vintage Cars,1,10,881.4,In Process,881.4,1
Belgium,Bruxelles,Small,1,62,2005,Qtr 2,May,30,3,10423,53.72,S18_2957,Vintage Cars,1,31,1665.32,In Process,1665.32,1
Belgium,Bruxelles,Small,1,104,2005,Qtr 2,May,30,2,10423,84.82,S18_3136,Vintage Cars,1,21,1781.22,In Process,1781.2199999999998,1
Belgium,Bruxelles,Small,1,99,2005,Qtr 2,May,30,5,10423,89.29,S18_3320,Vintage Cars,1,21,1875.09,In Process,1875.0900000000001,1
Belgium,Bruxelles,Small,1,97,2005,Qtr 2,May,30,4,10423,78.89,S24_4258,Vintage Cars,1,28,2208.92,In Process,2208.92,1
Belgium,Charleroi,Medium,1,157,2004,Qtr 4,November,22,1,10338,100,S18_1662,Planes,1,41,5624.79,Shipped,4100,1
Belgium,Charleroi,Medium,1,105,2004,Qtr 4,November,22,2,10338,100,S18_3856,Vintage Cars,1,45,5526.45,Shipped,4500,1
Belgium,Charleroi,Medium,1,142,2005,Qtr 1,January,10,3,10366,100,S18_1984,Classic Cars,1,34,4207.84,Shipped,3400,1
Belgium,Charleroi,Medium,1,132,2005,Qtr 1,January,10,2,10366,100,S18_2870,Classic Cars,1,49,6144.6,Shipped,4900,1
Belgium,Charleroi,Medium,1,169,2005,Qtr 1,January,10,1,10366,100,S18_3232,Classic Cars,1,34,6275.72,Shipped,3400,1
Belgium,Charleroi,Small,1,62,2003,Qtr 2,April,11,1,10116,63.38,S32_3207,Trains,1,27,1711.26,Shipped,1711.26,1
Belgium,Charleroi,Small,1,68,2003,Qtr 3,August,13,1,10144,81.86,S32_4289,Vintage Cars,1,20,1637.2,Shipped,1637.2,1
Belgium,Charleroi,Small,1,86,2004,Qtr 4,November,22,3,10338,82.58,S18_3029,Ships,1,28,2312.24,Shipped,2312.24,1
Canada,Montreal,Medium,1,141,2003,Qtr 4,November,5,2,10171,100,S18_1129,Classic Cars,1,35,4508,Shipped,3500,1
Canada,Montreal,Medium,1,142,2003,Qtr 4,November,5,1,10171,100,S18_1984,Classic Cars,1,35,4680.2,Shipped,3500,1
Canada,Montreal,Medium,1,169,2003,Qtr 4,November,5,3,10171,100,S18_3232,Classic Cars,1,39,5481.45,Shipped,3900,1
Canada,Montreal,Medium,1,136,2004,Qtr 2,June,17,1,10261,100,S10_4757,Classic Cars,1,27,3378.24,Shipped,2700,1
Canada,Montreal,Medium,1,122,2004,Qtr 2,June,17,8,10261,100,S24_2011,Ships,1,36,4512.6,Shipped,3600,1
Canada,Montreal,Medium,1,72,2004,Qtr 2,June,17,2,10261,68.67,S700_2610,Ships,1,44,3021.48,Shipped,3021.48,1
Canada,Montreal,Medium,1,99,2004,Qtr 2,June,17,6,10261,81.43,S700_3962,Ships,1,50,4071.5,Shipped,4071.5000000000005,1
Canada,Montreal,Medium,1,214,2005,Qtr 2,May,1,9,10411,100,S10_1949,Classic Cars,1,23,4140.23,Shipped,2300,1
Canada,Montreal,Medium,1,147,2005,Qtr 2,May,1,2,10411,100,S10_4962,Classic Cars,1,27,4427.73,Shipped,2700,1
Canada,Montreal,Medium,1,136,2005,Qtr 2,May,1,6,10411,100,S12_1666,Trucks and Buses,1,40,6232,Shipped,4000,1
Canada,Montreal,Medium,1,116,2005,Qtr 2,May,1,8,10411,100,S18_1097,Trucks and Buses,1,27,3213,Shipped,2700,1
Canada,Montreal,Medium,1,121,2005,Qtr 2,May,1,3,10411,100,S18_4600,Trucks and Buses,1,46,5235.72,Shipped,4600,1
Canada,Montreal,Medium,1,101,2005,Qtr 2,May,1,4,10411,100,S700_2824,Classic Cars,1,34,3576.8,Shipped,3400,1
Canada,Montreal,Small,1,37,2003,Qtr 4,November,5,4,10171,35.49,S24_2972,Classic Cars,1,36,1277.64,Shipped,1277.64,1
Canada,Montreal,Small,1,87,2004,Qtr 2,June,17,9,10261,89.53,S18_4522,Vintage Cars,1,20,1790.6,Shipped,1790.6,1
Canada,Montreal,Small,1,88,2004,Qtr 2,June,17,3,10261,91.17,S24_3151,Vintage Cars,1,22,2005.74,Shipped,2005.74,1
Canada,Montreal,Small,1,66,2004,Qtr 2,June,17,4,10261,62,S700_1138,Ships,1,34,2108,Shipped,2108,1
Canada,Montreal,Small,1,100,2004,Qtr 2,June,17,5,10261,88.15,S700_3505,Ships,1,25,2203.75,Shipped,2203.75,1
Canada,Montreal,Small,1,54,2004,Qtr 2,June,17,7,10261,50.78,S72_3212,Ships,1,29,1472.62,Shipped,1472.6200000000001,1
Canada,Montreal,Small,1,50,2005,Qtr 2,May,1,7,10411,59.87,S18_4668,Vintage Cars,1,35,2095.45,Shipped,2095.45,1
Canada,Montreal,Small,1,96,2005,Qtr 2,May,1,1,10411,100,S32_1268,Trucks and Buses,1,26,2904.72,Shipped,2600,1
Canada,Montreal,Small,1,64,2005,Qtr 2,May,1,5,10411,69.16,S32_3522,Trucks and Buses,1,27,1867.32,Shipped,1867.32,1
Canada,Tsawassen,Medium,1,72,2004,Qtr 2,April,2,4,10235,81.14,S24_4278,Planes,1,40,3245.6,Shipped,3245.6,1
Canada,Tsawassen,Medium,1,99,2004,Qtr 2,April,2,1,10235,100,S32_1374,Motorcycles,1,41,4177.49,Shipped,4100,1
Canada,Tsawassen,Medium,1,99,2004,Qtr 2,April,2,10,10235,88.75,S700_2466,Planes,1,38,3372.5,Shipped,3372.5,1
Canada,Tsawassen,Medium,1,105,2004,Qtr 3,August,20,3,10283,100,S18_3856,Vintage Cars,1,46,5795.54,Shipped,4600,1
Canada,Tsawassen,Medium,1,87,2004,Qtr 3,August,20,14,10283,100,S18_4522,Vintage Cars,1,34,3580.88,Shipped,3400,1
Canada,Tsawassen,Medium,1,122,2004,Qtr 3,August,20,13,10283,100,S24_2011,Ships,1,42,5316.36,Shipped,4200,1
Canada,Tsawassen,Medium,1,88,2004,Qtr 3,August,20,8,10283,92.94,S24_3151,Vintage Cars,1,34,3159.96,Shipped,3159.96,1
Canada,Tsawassen,Medium,1,66,2004,Qtr 3,August,20,9,10283,78.67,S700_1138,Ships,1,45,3540.15,Shipped,3540.15,1
Canada,Tsawassen,Medium,1,72,2004,Qtr 3,August,20,7,10283,65.77,S700_2610,Ships,1,47,3091.19,Shipped,3091.1899999999996,1
Canada,Tsawassen,Medium,1,99,2004,Qtr 3,August,20,11,10283,89.38,S700_3962,Ships,1,38,3396.44,Shipped,3396.4399999999996,1
Canada,Tsawassen,Small,1,84,2004,Qtr 2,April,2,3,10235,76.03,S18_2581,Planes,1,24,1824.72,Shipped,1824.72,1
Canada,Tsawassen,Small,1,109,2004,Qtr 2,April,2,5,10235,96.29,S24_1785,Planes,1,23,2214.67,Shipped,2214.67,1
Canada,Tsawassen,Small,1,68,2004,Qtr 2,April,2,12,10235,60.05,S24_3949,Planes,1,33,1981.65,Shipped,1981.6499999999999,1
Canada,Tsawassen,Small,1,68,2004,Qtr 2,April,2,6,10235,77.73,S32_4289,Vintage Cars,1,34,2642.82,Shipped,2642.82,1
Canada,Tsawassen,Small,1,43,2004,Qtr 2,April,2,7,10235,35.35,S50_1341,Vintage Cars,1,41,1449.35,Shipped,1449.3500000000001,1
Canada,Tsawassen,Small,1,91,2004,Qtr 2,April,2,8,10235,100,S700_1691,Planes,1,25,2580.25,Shipped,2500,1
Canada,Tsawassen,Small,1,118,2004,Qtr 2,April,2,2,10235,96.11,S700_2834,Planes,1,25,2402.75,Shipped,2402.75,1
Canada,Tsawassen,Small,1,80,2004,Qtr 2,April,2,9,10235,92,S700_3167,Planes,1,32,2944,Shipped,2944,1
Canada,Tsawassen,Small,1,74,2004,Qtr 2,April,2,11,10235,72.55,S700_4002,Planes,1,34,2466.7,Shipped,2466.7,1
Canada,Tsawassen,Small,1,136,2004,Qtr 3,August,20,6,10283,100,S10_4757,Classic Cars,1,25,2992,Shipped,2500,1
Canada,Tsawassen,Small,1,86,2004,Qtr 3,August,20,4,10283,98.06,S18_3029,Ships,1,21,2059.26,Shipped,2059.26,1
Canada,Tsawassen,Small,1,83,2004,Qtr 3,August,20,5,10283,72.96,S24_3816,Vintage Cars,1,33,2407.68,Shipped,2407.68,1
Canada,Tsawassen,Small,1,90,2004,Qtr 3,August,20,2,10283,94.14,S700_2047,Ships,1,20,1882.8,Shipped,1882.8,1
Canada,Tsawassen,Small,1,100,2004,Qtr 3,August,20,10,10283,88.15,S700_3505,Ships,1,22,1939.3,Shipped,1939.3000000000002,1
Canada,Tsawassen,Small,1,49,2004,Qtr 3,August,20,1,10283,57.61,S72_1253,Planes,1,43,2477.23,Shipped,2477.23,1
Canada,Tsawassen,Small,1,54,2004,Qtr 3,August,20,12,10283,51.32,S72_3212,Ships,1,33,1693.56,Shipped,1693.56,1
Canada,Vancouver,Large,1,214,2003,Qtr 4,December,5,6,10206,100,S10_1949,Classic Cars,1,47,9064.89,Shipped,4700,1
Canada,Vancouver,Medium,1,136,2003,Qtr 4,December,5,3,10206,100,S12_1666,Trucks and Buses,1,28,4056.36,Shipped,2800,1
Canada,Vancouver,Medium,1,116,2003,Qtr 4,December,5,5,10206,100,S18_1097,Trucks and Buses,1,34,3966.78,Shipped,3400,1
Canada,Vancouver,Medium,1,101,2003,Qtr 4,December,5,7,10206,90.17,S18_2949,Vintage Cars,1,37,3336.29,Shipped,3336.29,1
Canada,Vancouver,Medium,1,104,2003,Qtr 4,December,5,8,10206,100,S18_3136,Vintage Cars,1,30,3581.4,Shipped,3000,1
Canada,Vancouver,Medium,1,97,2003,Qtr 4,December,5,10,10206,97.39,S24_4258,Vintage Cars,1,33,3213.87,Shipped,3213.87,1
Canada,Vancouver,Medium,1,101,2003,Qtr 4,December,5,1,10206,100,S700_2824,Classic Cars,1,33,3871.89,Shipped,3300,1
Canada,Vancouver,Medium,1,147,2004,Qtr 4,October,22,7,10313,100,S10_4962,Classic Cars,1,40,6678,Shipped,4000,1
Canada,Vancouver,Medium,1,122,2004,Qtr 4,October,22,2,10313,100,S18_2319,Trucks and Buses,1,29,3416.78,Shipped,2900,1
Canada,Vancouver,Medium,1,169,2004,Qtr 4,October,22,3,10313,100,S18_3232,Classic Cars,1,25,4572.25,Shipped,2500,1
Canada,Vancouver,Medium,1,127,2004,Qtr 4,October,22,4,10313,100,S24_2300,Trucks and Buses,1,42,5581.8,Shipped,4200,1
Canada,Vancouver,Small,1,62,2003,Qtr 4,December,5,9,10206,67.46,S18_2957,Vintage Cars,1,28,1888.88,Shipped,1888.8799999999999,1
Canada,Vancouver,Small,1,99,2003,Qtr 4,December,5,11,10206,87.3,S18_3320,Vintage Cars,1,28,2444.4,Shipped,2444.4,1
Canada,Vancouver,Small,1,50,2003,Qtr 4,December,5,4,10206,53.33,S18_4668,Vintage Cars,1,21,1119.93,Shipped,1119.93,1
Canada,Vancouver,Small,1,64,2003,Qtr 4,December,5,2,10206,58.82,S32_3522,Trucks and Buses,1,36,2117.52,Shipped,2117.52,1
Canada,Vancouver,Small,1,136,2004,Qtr 4,October,22,11,10313,100,S12_1666,Trucks and Buses,1,21,2669.1,Shipped,2100,1
Canada,Vancouver,Small,1,60,2004,Qtr 4,October,22,5,10313,52.87,S18_2432,Trucks and Buses,1,34,1797.58,Shipped,1797.58,1
Canada,Vancouver,Small,1,121,2004,Qtr 4,October,22,8,10313,100,S18_4600,Trucks and Buses,1,28,2881.76,Shipped,2800,1
Canada,Vancouver,Small,1,96,2004,Qtr 4,October,22,6,10313,87.64,S32_1268,Trucks and Buses,1,27,2366.28,Shipped,2366.28,1
Canada,Vancouver,Small,1,54,2004,Qtr 4,October,22,1,10313,45.45,S32_2509,Trucks and Buses,1,38,1727.1,Shipped,1727.1000000000001,1
Canada,Vancouver,Small,1,64,2004,Qtr 4,October,22,10,10313,56.24,S32_3522,Trucks and Buses,1,34,1912.16,Shipped,1912.16,1
Canada,Vancouver,Small,1,101,2004,Qtr 4,October,22,9,10313,99.13,S700_2824,Classic Cars,1,30,2973.9,Shipped,2973.8999999999996,1
Denmark,Aaarhus,Large,1,207,2004,Qtr 4,October,22,5,10314,100,S12_1108,Classic Cars,1,38,7975.44,Shipped,3800,1
Denmark,Aaarhus,Medium,1,141,2003,Qtr 4,October,17,12,10161,100,S18_1129,Classic Cars,1,28,3764.88,Shipped,2800,1
Denmark,Aaarhus,Medium,1,124,2003,Qtr 4,October,17,8,10161,100,S18_1589,Classic Cars,1,43,6153.73,Shipped,4300,1
Denmark,Aaarhus,Medium,1,142,2003,Qtr 4,October,17,11,10161,100,S18_1984,Classic Cars,1,48,6145.44,Shipped,4800,1
Denmark,Aaarhus,Medium,1,132,2003,Qtr 4,October,17,9,10161,100,S18_2870,Classic Cars,1,23,3187.8,Shipped,2300,1
Denmark,Aaarhus,Medium,1,141,2003,Qtr 4,October,17,10,10161,100,S18_3685,Classic Cars,1,36,5544,Shipped,3600,1
Denmark,Aaarhus,Medium,1,107,2003,Qtr 4,October,17,6,10161,100,S24_3432,Classic Cars,1,30,3148.2,Shipped,3000,1
Denmark,Aaarhus,Medium,1,151,2004,Qtr 4,October,22,6,10314,100,S12_3148,Classic Cars,1,46,6393.54,Shipped,4600,1
Denmark,Aaarhus,Medium,1,173,2004,Qtr 4,October,22,4,10314,100,S12_3891,Classic Cars,1,36,6913.8,Shipped,3600,1
Denmark,Aaarhus,Medium,1,118,2004,Qtr 4,October,22,14,10314,100,S12_4473,Trucks and Buses,1,45,6185.7,Shipped,4500,1
Denmark,Aaarhus,Medium,1,163,2004,Qtr 4,October,22,13,10314,100,S18_2238,Classic Cars,1,42,5776.26,Shipped,4200,1
Denmark,Aaarhus,Medium,1,143,2004,Qtr 4,October,22,8,10314,100,S18_4027,Classic Cars,1,29,4206.74,Shipped,2900,1
Denmark,Aaarhus,Medium,1,118,2004,Qtr 4,October,22,10,10314,100,S24_4048,Classic Cars,1,38,4000.26,Shipped,3800,1
Denmark,Aaarhus,Medium,1,115,2004,Qtr 4,October,22,12,10314,100,S50_1392,Trucks and Buses,1,28,3403.12,Shipped,2800,1
Denmark,Aaarhus,Small,1,71,2003,Qtr 4,October,17,1,10161,80.54,S18_4933,Classic Cars,1,25,2013.5,Shipped,2013.5000000000002,1
Denmark,Aaarhus,Small,1,73,2003,Qtr 4,October,17,5,10161,72.76,S24_1046,Classic Cars,1,37,2692.12,Shipped,2692.1200000000003,1
Denmark,Aaarhus,Small,1,50,2003,Qtr 4,October,17,7,10161,53.33,S24_1628,Classic Cars,1,23,1226.59,Shipped,1226.59,1
Denmark,Aaarhus,Small,1,90,2003,Qtr 4,October,17,3,10161,100,S24_2766,Classic Cars,1,20,2144.6,Shipped,2000,1
Denmark,Aaarhus,Small,1,117,2003,Qtr 4,October,17,2,10161,100,S24_2887,Classic Cars,1,25,2759.75,Shipped,2500,1
Denmark,Aaarhus,Small,1,85,2003,Qtr 4,October,17,4,10161,77.05,S24_3191,Classic Cars,1,20,1541,Shipped,1541,1
Denmark,Aaarhus,Small,1,136,2004,Qtr 4,October,22,1,10314,100,S18_3140,Vintage Cars,1,20,2731.8,Shipped,2000,1
Denmark,Aaarhus,Small,1,100,2004,Qtr 4,October,22,3,10314,100,S18_3259,Trains,1,23,2481.7,Shipped,2300,1
Denmark,Aaarhus,Small,1,57,2004,Qtr 4,October,22,11,10314,53.18,S24_1444,Classic Cars,1,44,2339.92,Shipped,2339.92,1
Denmark,Aaarhus,Small,1,35,2004,Qtr 4,October,22,15,10314,37.13,S24_2840,Classic Cars,1,39,1448.07,Shipped,1448.0700000000002,1
Denmark,Aaarhus,Small,1,62,2004,Qtr 4,October,22,9,10314,66.49,S32_3207,Trains,1,35,2327.15,Shipped,2327.1499999999996,1
Denmark,Aaarhus,Small,1,58,2004,Qtr 4,October,22,7,10314,61.51,S50_1514,Trains,1,38,2337.38,Shipped,2337.38,1
Denmark,Aaarhus,Small,1,86,2004,Qtr 4,October,22,2,10314,76.22,S700_1938,Ships,1,23,1753.06,Shipped,1753.06,1
Denmark,Kobenhavn,Large,1,136,2003,Qtr 1,February,11,2,10105,100,S10_4757,Classic Cars,1,50,7208,Shipped,5000,1
Denmark,Kobenhavn,Large,1,207,2003,Qtr 1,February,11,15,10105,100,S12_1108,Classic Cars,1,41,8690.36,Shipped,4100,1
Denmark,Kobenhavn,Large,1,141,2005,Qtr 2,April,15,3,10406,100,S18_1129,Classic Cars,1,61,8374.69,Disputed,6100,1
Denmark,Kobenhavn,Large,1,142,2005,Qtr 2,April,15,2,10406,100,S18_1984,Classic Cars,1,48,7169.28,Disputed,4800,1
Denmark,Kobenhavn,Large,1,141,2005,Qtr 2,April,15,1,10406,100,S18_3685,Classic Cars,1,65,10468.9,Disputed,6500,1
Denmark,Kobenhavn,Medium,1,173,2003,Qtr 1,February,11,14,10105,100,S12_3891,Classic Cars,1,29,4566.05,Shipped,2900,1
Denmark,Kobenhavn,Medium,1,136,2003,Qtr 1,February,11,11,10105,100,S18_3140,Vintage Cars,1,22,3065.04,Shipped,2200,1
Denmark,Kobenhavn,Medium,1,100,2003,Qtr 1,February,11,13,10105,100,S18_3259,Trains,1,38,4330.1,Shipped,3800,1
Denmark,Kobenhavn,Medium,1,87,2003,Qtr 1,February,11,10,10105,82.5,S18_4522,Vintage Cars,1,41,3382.5,Shipped,3382.5,1
Denmark,Kobenhavn,Medium,1,122,2003,Qtr 1,February,11,9,10105,100,S24_2011,Ships,1,43,6341.21,Shipped,4300,1
Denmark,Kobenhavn,Medium,1,88,2003,Qtr 1,February,11,4,10105,72.58,S24_3151,Vintage Cars,1,44,3193.52,Shipped,3193.52,1
Denmark,Kobenhavn,Medium,1,83,2003,Qtr 1,February,11,1,10105,79.67,S24_3816,Vintage Cars,1,50,3983.5,Shipped,3983.5,1
Denmark,Kobenhavn,Medium,1,100,2003,Qtr 1,February,11,6,10105,81.14,S700_3505,Ships,1,39,3164.46,Shipped,3164.46,1
Denmark,Kobenhavn,Medium,1,194,2004,Qtr 2,April,9,3,10238,100,S12_1099,Classic Cars,1,28,5774.72,Shipped,2800,1
Denmark,Kobenhavn,Medium,1,117,2004,Qtr 2,April,9,1,10238,100,S12_3380,Classic Cars,1,29,3167.38,Shipped,2900,1
Denmark,Kobenhavn,Medium,1,146,2004,Qtr 2,April,9,5,10238,100,S18_3482,Classic Cars,1,49,6554.24,Shipped,4900,1
Denmark,Kobenhavn,Medium,1,148,2004,Qtr 2,April,9,8,10238,100,S18_4721,Classic Cars,1,44,6350.96,Shipped,4400,1
Denmark,Kobenhavn,Medium,1,102,2004,Qtr 2,June,8,2,10256,95.55,S18_1342,Vintage Cars,1,34,3248.7,Shipped,3248.7,1
Denmark,Kobenhavn,Medium,1,84,2004,Qtr 4,November,10,8,10327,100,S18_2581,Planes,1,45,4781.7,Resolved,4500,1
Denmark,Kobenhavn,Medium,1,86,2004,Qtr 4,November,10,7,10327,100,S700_1938,Ships,1,20,3469.2,Resolved,2000,1
Denmark,Kobenhavn,Medium,1,100,2004,Qtr 4,November,10,2,10327,80,S700_3505,Ships,1,43,3440,Resolved,3440,1
Denmark,Kobenhavn,Medium,1,99,2004,Qtr 4,November,10,3,10327,86.61,S700_3962,Ships,1,37,3204.57,Resolved,3204.57,1
Denmark,Kobenhavn,Medium,1,54,2004,Qtr 4,November,10,4,10327,86.74,S72_3212,Ships,1,37,3209.38,Resolved,3209.3799999999997,1
Denmark,Kobenhavn,Small,1,66,2003,Qtr 1,February,11,5,10105,70.67,S700_1138,Ships,1,41,2897.47,Shipped,2897.4700000000003,1
Denmark,Kobenhavn,Small,1,86,2003,Qtr 1,February,11,12,10105,70.15,S700_1938,Ships,1,29,2034.35,Shipped,2034.3500000000001,1
Denmark,Kobenhavn,Small,1,72,2003,Qtr 1,February,11,3,10105,65.77,S700_2610,Ships,1,31,2038.87,Shipped,2038.87,1
Denmark,Kobenhavn,Small,1,99,2003,Qtr 1,February,11,7,10105,100,S700_3962,Ships,1,22,2556.18,Shipped,2200,1
Denmark,Kobenhavn,Small,1,54,2003,Qtr 1,February,11,8,10105,56.78,S72_3212,Ships,1,25,1419.5,Shipped,1419.5,1
Denmark,Kobenhavn,Small,1,79,2004,Qtr 2,April,9,4,10238,74.21,S12_3990,Classic Cars,1,20,1484.2,Shipped,1484.1999999999998,1
Denmark,Kobenhavn,Small,1,80,2004,Qtr 2,April,9,6,10238,73.17,S18_3278,Classic Cars,1,41,2999.97,Shipped,2999.9700000000003,1
Denmark,Kobenhavn,Small,1,61,2004,Qtr 2,April,9,2,10238,62.45,S24_3371,Classic Cars,1,47,2935.15,Shipped,2935.15,1
Denmark,Kobenhavn,Small,1,80,2004,Qtr 2,April,9,7,10238,93.77,S24_4620,Classic Cars,1,22,2062.94,Shipped,2062.94,1
Denmark,Kobenhavn,Small,1,53,2004,Qtr 2,June,8,1,10256,51.75,S18_1367,Vintage Cars,1,29,1500.75,Shipped,1500.75,1
Denmark,Kobenhavn,Small,1,157,2004,Qtr 4,November,10,6,10327,100,S18_1662,Planes,1,25,2804.75,Resolved,2500,1
Denmark,Kobenhavn,Small,1,86,2004,Qtr 4,November,10,5,10327,45.86,S18_3029,Ships,1,25,1146.5,Resolved,1146.5,1
Denmark,Kobenhavn,Small,1,72,2004,Qtr 4,November,10,1,10327,96.31,S700_2610,Ships,1,21,2022.51,Resolved,2022.51,1
Finland,Espoo,Large,1,207,2004,Qtr 2,May,5,2,10247,100,S12_1108,Classic Cars,1,44,10606.2,Shipped,4400,1
Finland,Espoo,Medium,1,163,2003,Qtr 3,August,1,4,10141,100,S18_2238,Classic Cars,1,39,5938.53,Shipped,3900,1
Finland,Espoo,Medium,1,122,2003,Qtr 3,August,1,8,10141,100,S18_2319,Trucks and Buses,1,47,6287.66,Shipped,4700,1
Finland,Espoo,Medium,1,169,2003,Qtr 3,August,1,9,10141,100,S18_3232,Classic Cars,1,34,4836.5,Shipped,3400,1
Finland,Espoo,Medium,1,118,2003,Qtr 3,August,1,1,10141,94.62,S24_4048,Classic Cars,1,40,3784.8,Shipped,3784.8,1
Finland,Espoo,Medium,1,115,2003,Qtr 3,August,1,3,10141,100,S50_1392,Trucks and Buses,1,44,5500.44,Shipped,4400,1
Finland,Espoo,Medium,1,151,2004,Qtr 2,May,5,3,10247,100,S12_3148,Classic Cars,1,25,4381.25,Shipped,2500,1
Finland,Espoo,Medium,1,173,2004,Qtr 2,May,5,1,10247,100,S12_3891,Classic Cars,1,27,4157.73,Shipped,2700,1
Finland,Espoo,Medium,1,143,2004,Qtr 2,May,5,5,10247,100,S18_4027,Classic Cars,1,48,6756,Shipped,4800,1
Finland,Espoo,Medium,1,58,2004,Qtr 2,May,5,4,10247,63.85,S50_1514,Trains,1,49,3128.65,Shipped,3128.65,1
Finland,Espoo,Medium,1,117,2005,Qtr 1,January,6,4,10363,96.73,S12_3380,Classic Cars,1,34,3288.82,Shipped,3288.82,1
Finland,Espoo,Medium,1,115,2005,Qtr 1,January,6,6,10363,88.45,S12_4675,Classic Cars,1,46,4068.7,Shipped,4068.7000000000003,1
Finland,Espoo,Medium,1,77,2005,Qtr 1,January,6,7,10363,100,S18_1889,Classic Cars,1,22,3686.54,Shipped,2200,1
Finland,Espoo,Medium,1,146,2005,Qtr 1,January,6,11,10363,100,S18_3482,Classic Cars,1,24,4142.64,Shipped,2400,1
Finland,Espoo,Medium,1,76,2005,Qtr 1,January,6,8,10363,100,S24_2000,Motorcycles,1,21,3595.62,Shipped,2100,1
Finland,Espoo,Medium,1,80,2005,Qtr 1,January,6,9,10363,100,S24_4620,Classic Cars,1,43,5154.41,Shipped,4300,1
Finland,Espoo,Medium,1,99,2005,Qtr 1,January,6,2,10363,100,S32_1374,Motorcycles,1,50,6576.5,Shipped,5000,1
Finland,Espoo,Small,1,118,2003,Qtr 3,August,1,5,10141,100,S12_4473,Trucks and Buses,1,21,2140.11,Shipped,2100,1
Finland,Espoo,Small,1,57,2003,Qtr 3,August,1,2,10141,54.33,S24_1444,Classic Cars,1,20,1086.6,Shipped,1086.6,1
Finland,Espoo,Small,1,35,2003,Qtr 3,August,1,6,10141,42.43,S24_2840,Classic Cars,1,21,891.03,Shipped,891.03,1
Finland,Espoo,Small,1,54,2003,Qtr 3,August,1,7,10141,45.99,S32_2509,Trucks and Buses,1,24,1103.76,Shipped,1103.76,1
Finland,Espoo,Small,1,62,2004,Qtr 2,May,5,6,10247,49.71,S32_3207,Trains,1,40,1988.4,Shipped,1988.4,1
Finland,Espoo,Small,1,194,2005,Qtr 1,January,6,3,10363,85.39,S12_1099,Classic Cars,1,33,2817.87,Shipped,2817.87,1
Finland,Espoo,Small,1,79,2005,Qtr 1,January,6,5,10363,81.62,S12_3990,Classic Cars,1,34,2775.08,Shipped,2775.08,1
Finland,Espoo,Small,1,80,2005,Qtr 1,January,6,10,10363,60.3,S18_3278,Classic Cars,1,46,2773.8,Shipped,2773.7999999999997,1
Finland,Espoo,Small,1,62,2005,Qtr 1,January,6,12,10363,89.12,S18_3782,Motorcycles,1,32,2851.84,Shipped,2851.84,1
Finland,Espoo,Small,1,148,2005,Qtr 1,January,6,13,10363,58.18,S18_4721,Classic Cars,1,28,1629.04,Shipped,1629.04,1
Finland,Espoo,Small,1,69,2005,Qtr 1,January,6,14,10363,61.23,S24_2360,Motorcycles,1,43,2632.89,Shipped,2632.89,1
Finland,Espoo,Small,1,61,2005,Qtr 1,January,6,15,10363,100,S24_3371,Classic Cars,1,21,2447.76,Shipped,2100,1
Finland,Espoo,Small,1,140,2005,Qtr 1,January,6,1,10363,94.58,S24_3856,Classic Cars,1,31,2931.98,Shipped,2931.98,1
Finland,Helsinki,Large,1,148,2004,Qtr 3,September,30,2,10299,100,S18_4721,Classic Cars,1,49,7947.31,Shipped,4900,1
Finland,Helsinki,Large,1,169,2005,Qtr 1,February,9,3,10377,100,S18_3232,Classic Cars,1,39,7264.53,Shipped,3900,1
Finland,Helsinki,Medium,1,136,2003,Qtr 4,October,6,13,10155,100,S10_4757,Classic Cars,1,32,4526.08,Shipped,3200,1
Finland,Helsinki,Medium,1,157,2003,Qtr 4,October,6,5,10155,100,S18_1662,Planes,1,38,6531.44,Shipped,3800,1
Finland,Helsinki,Medium,1,86,2003,Qtr 4,October,6,11,10155,79.14,S18_3029,Ships,1,44,3482.16,Shipped,3482.16,1
Finland,Helsinki,Medium,1,105,2003,Qtr 4,October,6,10,10155,100,S18_3856,Vintage Cars,1,29,3622.97,Shipped,2900,1
Finland,Helsinki,Medium,1,68,2003,Qtr 4,October,6,4,10155,77.11,S24_3949,Planes,1,44,3392.84,Shipped,3392.84,1
Finland,Helsinki,Medium,1,80,2003,Qtr 4,October,6,1,10155,86.4,S700_3167,Planes,1,43,3715.2,Shipped,3715.2000000000003,1
Finland,Helsinki,Medium,1,74,2003,Qtr 4,October,6,3,10155,85.87,S700_4002,Planes,1,44,3778.28,Shipped,3778.28,1
Finland,Helsinki,Medium,1,193,2004,Qtr 3,September,30,11,10299,100,S10_4698,Motorcycles,1,29,6683.34,Shipped,2900,1
Finland,Helsinki,Medium,1,150,2004,Qtr 3,September,30,8,10299,100,S12_2823,Motorcycles,1,24,4157.04,Shipped,2400,1
Finland,Helsinki,Medium,1,112,2004,Qtr 3,September,30,10,10299,100,S24_1578,Motorcycles,1,47,5455.76,Shipped,4700,1
Finland,Helsinki,Medium,1,102,2004,Qtr 3,September,30,7,10299,100,S32_4485,Motorcycles,1,38,4382.16,Shipped,3800,1
Finland,Helsinki,Medium,1,81,2004,Qtr 3,September,30,5,10299,80.55,S50_4713,Motorcycles,1,44,3544.2,Shipped,3544.2,1
Finland,Helsinki,Medium,1,115,2005,Qtr 1,February,9,1,10377,100,S12_4675,Classic Cars,1,50,5182,Shipped,5000,1
Finland,Helsinki,Medium,1,141,2005,Qtr 1,February,9,2,10377,100,S18_1129,Classic Cars,1,35,5895.05,Shipped,3500,1
Finland,Helsinki,Medium,1,142,2005,Qtr 1,February,9,6,10377,100,S18_1984,Classic Cars,1,36,4352.76,Shipped,3600,1
Finland,Helsinki,Small,1,68,2003,Qtr 4,October,6,6,10155,72.62,S24_2841,Planes,1,23,1670.26,Shipped,1670.2600000000002,1
Finland,Helsinki,Small,1,65,2003,Qtr 4,October,6,7,10155,55.89,S24_3420,Vintage Cars,1,34,1900.26,Shipped,1900.26,1
Finland,Helsinki,Small,1,83,2003,Qtr 4,October,6,12,10155,67.93,S24_3816,Vintage Cars,1,37,2513.41,Shipped,2513.4100000000003,1
Finland,Helsinki,Small,1,90,2003,Qtr 4,October,6,9,10155,91.43,S700_2047,Ships,1,32,2925.76,Shipped,2925.76,1
Finland,Helsinki,Small,1,99,2003,Qtr 4,October,6,2,10155,100,S700_2466,Planes,1,20,2353.4,Shipped,2000,1
Finland,Helsinki,Small,1,49,2003,Qtr 4,October,6,8,10155,49.16,S72_1253,Planes,1,34,1671.44,Shipped,1671.4399999999998,1
Finland,Helsinki,Small,1,95,2004,Qtr 3,September,30,9,10299,100,S10_1678,Motorcycles,1,23,2597.39,Shipped,2300,1
Finland,Helsinki,Small,1,62,2004,Qtr 3,September,30,3,10299,55.95,S18_3782,Motorcycles,1,39,2182.05,Shipped,2182.05,1
Finland,Helsinki,Small,1,69,2004,Qtr 3,September,30,6,10299,66.49,S24_2360,Motorcycles,1,33,2194.17,Shipped,2194.1699999999996,1
Finland,Helsinki,Small,1,80,2004,Qtr 3,September,30,1,10299,80.84,S24_4620,Classic Cars,1,32,2586.88,Shipped,2586.88,1
Finland,Helsinki,Small,1,40,2004,Qtr 3,September,30,4,10299,42.24,S32_2206,Motorcycles,1,24,1013.76,Shipped,1013.76,1
Finland,Helsinki,Small,1,79,2005,Qtr 1,February,9,5,10377,67.83,S12_3990,Classic Cars,1,24,1627.92,Shipped,1627.92,1
Finland,Helsinki,Small,1,77,2005,Qtr 1,February,9,4,10377,67.76,S18_1889,Classic Cars,1,31,2100.56,Shipped,2100.56,1
Finland,Oulu,Large,1,163,2003,Qtr 3,September,21,2,10151,100,S18_2238,Classic Cars,1,43,7110.91,Shipped,4300,1
Finland,Oulu,Large,1,169,2004,Qtr 2,April,12,1,10239,100,S18_3232,Classic Cars,1,47,7083.37,Shipped,4700,1
Finland,Oulu,Medium,1,118,2003,Qtr 3,September,21,3,10151,100,S12_4473,Trucks and Buses,1,24,3327.6,Shipped,2400,1
Finland,Oulu,Medium,1,122,2003,Qtr 3,September,21,6,10151,100,S18_2319,Trucks and Buses,1,49,5412.54,Shipped,4900,1
Finland,Oulu,Medium,1,169,2003,Qtr 3,September,21,7,10151,100,S18_3232,Classic Cars,1,21,3734.01,Shipped,2100,1
Finland,Oulu,Medium,1,127,2003,Qtr 3,September,21,8,10151,100,S24_2300,Trucks and Buses,1,42,5098.8,Shipped,4200,1
Finland,Oulu,Medium,1,96,2003,Qtr 3,September,21,10,10151,100,S32_1268,Trucks and Buses,1,27,3068.55,Shipped,2700,1
Finland,Oulu,Medium,1,115,2003,Qtr 3,September,21,1,10151,100,S50_1392,Trucks and Buses,1,26,3220.1,Shipped,2600,1
Finland,Oulu,Medium,1,77,2004,Qtr 2,April,12,4,10239,73.92,S18_1889,Classic Cars,1,46,3400.32,Shipped,3400.32,1
Finland,Oulu,Medium,1,140,2004,Qtr 2,April,12,3,10239,100,S24_3856,Classic Cars,1,29,4479.63,Shipped,2900,1
Finland,Oulu,Medium,1,136,2005,Qtr 1,January,31,3,10373,100,S10_4757,Classic Cars,1,39,4046.25,Shipped,3900,1
Finland,Oulu,Medium,1,105,2005,Qtr 1,January,31,6,10373,60.49,S18_3856,Vintage Cars,1,50,3024.5,Shipped,3024.5,1
Finland,Oulu,Medium,1,65,2005,Qtr 1,January,31,11,10373,66,S24_3420,Vintage Cars,1,46,3036,Shipped,3036,1
Finland,Oulu,Medium,1,66,2005,Qtr 1,January,31,14,10373,100,S700_1138,Ships,1,44,4627.92,Shipped,4400,1
Finland,Oulu,Medium,1,100,2005,Qtr 1,January,31,2,10373,96.34,S700_3505,Ships,1,34,3275.56,Shipped,3275.56,1
Finland,Oulu,Medium,1,99,2005,Qtr 1,January,31,8,10373,100,S700_3962,Ships,1,37,4025.6,Shipped,3700,1
Finland,Oulu,Medium,1,54,2005,Qtr 1,January,31,1,10373,100,S72_3212,Ships,1,29,3978.51,Shipped,2900,1
Finland,Oulu,Small,1,60,2003,Qtr 3,September,21,9,10151,69.28,S18_2432,Trucks and Buses,1,39,2701.92,Shipped,2701.92,1
Finland,Oulu,Small,1,35,2003,Qtr 3,September,21,4,10151,40.31,S24_2840,Classic Cars,1,30,1209.3,Shipped,1209.3000000000002,1
Finland,Oulu,Small,1,54,2003,Qtr 3,September,21,5,10151,63.85,S32_2509,Trucks and Buses,1,41,2617.85,Shipped,2617.85,1
Finland,Oulu,Small,1,115,2004,Qtr 2,April,12,5,10239,93.28,S12_4675,Classic Cars,1,21,1958.88,Shipped,1958.88,1
Finland,Oulu,Small,1,37,2004,Qtr 2,April,12,2,10239,44.56,S24_2972,Classic Cars,1,20,891.2,Shipped,891.2,1
Finland,Oulu,Small,1,157,2005,Qtr 1,January,31,4,10373,57.55,S18_1662,Planes,1,28,1611.4,Shipped,1611.3999999999999,1
Finland,Oulu,Small,1,86,2005,Qtr 1,January,31,5,10373,86.74,S18_3029,Ships,1,22,1908.28,Shipped,1908.28,1
Finland,Oulu,Small,1,68,2005,Qtr 1,January,31,7,10373,70.44,S24_2841,Planes,1,38,2676.72,Shipped,2676.72,1
Finland,Oulu,Small,1,88,2005,Qtr 1,January,31,12,10373,57.32,S24_3151,Vintage Cars,1,33,1891.56,Shipped,1891.56,1
Finland,Oulu,Small,1,83,2005,Qtr 1,January,31,10,10373,100,S24_3816,Vintage Cars,1,23,2394.3,Shipped,2300,1
Finland,Oulu,Small,1,68,2005,Qtr 1,January,31,13,10373,73,S24_3949,Planes,1,39,2847,Shipped,2847,1
Finland,Oulu,Small,1,90,2005,Qtr 1,January,31,15,10373,84.41,S700_2047,Ships,1,32,2701.12,Shipped,2701.12,1
Finland,Oulu,Small,1,72,2005,Qtr 1,January,31,16,10373,70.33,S700_2610,Ships,1,41,2883.53,Shipped,2883.5299999999997,1
Finland,Oulu,Small,1,74,2005,Qtr 1,January,31,17,10373,55.62,S700_4002,Planes,1,45,2502.9,Shipped,2502.9,1
Finland,Oulu,Small,1,49,2005,Qtr 1,January,31,9,10373,64.97,S72_1253,Planes,1,25,1624.25,Shipped,1624.25,1
France,Lille,Large,1,193,2003,Qtr 4,November,11,11,10180,100,S10_4698,Motorcycles,1,41,8892.9,Shipped,4100,1
France,Lille,Medium,1,118,2003,Qtr 4,November,11,12,10180,100,S10_2016,Motorcycles,1,42,4695.6,Shipped,4200,1
France,Lille,Medium,1,150,2003,Qtr 4,November,11,8,10180,100,S12_2823,Motorcycles,1,40,6747.6,Shipped,4000,1
France,Lille,Medium,1,148,2003,Qtr 4,November,11,2,10180,100,S18_4721,Classic Cars,1,44,5565.12,Shipped,4400,1
France,Lille,Medium,1,112,2003,Qtr 4,November,11,10,10180,100,S24_1578,Motorcycles,1,48,5355.36,Shipped,4800,1
France,Lille,Medium,1,150,2004,Qtr 1,February,21,6,10224,100,S12_2823,Motorcycles,1,43,6087.94,Shipped,4300,1
France,Lille,Medium,1,102,2004,Qtr 1,February,21,5,10224,100,S32_4485,Motorcycles,1,30,3336.9,Shipped,3000,1
France,Lille,Medium,1,81,2004,Qtr 1,February,21,3,10224,77.29,S50_4713,Motorcycles,1,50,3864.5,Shipped,3864.5000000000005,1
France,Lille,Small,1,95,2003,Qtr 4,November,11,9,10180,86.13,S10_1678,Motorcycles,1,29,2497.77,Shipped,2497.77,1
France,Lille,Small,1,60,2003,Qtr 4,November,11,13,10180,64.2,S18_2625,Motorcycles,1,25,1605,Shipped,1605,1
France,Lille,Small,1,62,2003,Qtr 4,November,11,3,10180,50.36,S18_3782,Motorcycles,1,21,1057.56,Shipped,1057.56,1
France,Lille,Small,1,76,2003,Qtr 4,November,11,14,10180,68.55,S24_2000,Motorcycles,1,28,1919.4,Shipped,1919.3999999999999,1
France,Lille,Small,1,69,2003,Qtr 4,November,11,6,10180,72.03,S24_2360,Motorcycles,1,35,2521.05,Shipped,2521.05,1
France,Lille,Small,1,80,2003,Qtr 4,November,11,1,10180,71.14,S24_4620,Classic Cars,1,28,1991.92,Shipped,1991.92,1
France,Lille,Small,1,40,2003,Qtr 4,November,11,4,10180,45.46,S32_2206,Motorcycles,1,34,1545.64,Shipped,1545.64,1
France,Lille,Small,1,102,2003,Qtr 4,November,11,7,10180,100,S32_4485,Motorcycles,1,22,2514.6,Shipped,2200,1
France,Lille,Small,1,81,2003,Qtr 4,November,11,5,10180,93.56,S50_4713,Motorcycles,1,21,1964.76,Shipped,1964.76,1
France,Lille,Small,1,62,2004,Qtr 1,February,21,1,10224,58.44,S18_3782,Motorcycles,1,38,2220.72,Shipped,2220.72,1
France,Lille,Small,1,69,2004,Qtr 1,February,21,4,10224,80.34,S24_2360,Motorcycles,1,37,2972.58,Shipped,2972.58,1
France,Lille,Small,1,40,2004,Qtr 1,February,21,2,10224,39.43,S32_2206,Motorcycles,1,43,1695.49,Shipped,1695.49,1
France,Lyon,Large,1,214,2003,Qtr 4,November,25,11,10194,100,S10_1949,Classic Cars,1,42,7290.36,Shipped,4200,1
France,Lyon,Large,1,207,2004,Qtr 1,January,2,13,10208,100,S12_1108,Classic Cars,1,46,8602.92,Shipped,4600,1
France,Lyon,Large,1,127,2004,Qtr 1,March,2,7,10227,100,S18_2325,Vintage Cars,1,46,7017.76,Shipped,4600,1
France,Lyon,Medium,1,147,2003,Qtr 4,November,25,4,10194,100,S10_4962,Classic Cars,1,26,4263.74,Shipped,2600,1
France,Lyon,Medium,1,136,2003,Qtr 4,November,25,8,10194,100,S12_1666,Trucks and Buses,1,38,4933.92,Shipped,3800,1
France,Lyon,Medium,1,60,2003,Qtr 4,November,25,2,10194,70.49,S18_2432,Trucks and Buses,1,45,3172.05,Shipped,3172.0499999999997,1
France,Lyon,Medium,1,121,2003,Qtr 4,November,25,5,10194,100,S18_4600,Trucks and Buses,1,32,4262.08,Shipped,3200,1
France,Lyon,Medium,1,127,2003,Qtr 4,November,25,1,10194,100,S24_2300,Trucks and Buses,1,49,5760.93,Shipped,4900,1
France,Lyon,Medium,1,96,2003,Qtr 4,November,25,3,10194,97.27,S32_1268,Trucks and Buses,1,37,3598.99,Shipped,3598.99,1
France,Lyon,Medium,1,151,2004,Qtr 1,January,2,14,10208,100,S12_3148,Classic Cars,1,26,3142.36,Shipped,2600,1
France,Lyon,Medium,1,173,2004,Qtr 1,January,2,12,10208,100,S12_3891,Classic Cars,1,20,3114.4,Shipped,2000,1
France,Lyon,Medium,1,100,2004,Qtr 1,January,2,11,10208,100,S18_3259,Trains,1,48,5614.56,Shipped,4800,1
France,Lyon,Medium,1,87,2004,Qtr 1,January,2,8,10208,87.77,S18_4522,Vintage Cars,1,45,3949.65,Shipped,3949.6499999999996,1
France,Lyon,Medium,1,122,2004,Qtr 1,January,2,7,10208,100,S24_2011,Ships,1,35,4301.15,Shipped,3500,1
France,Lyon,Medium,1,86,2004,Qtr 1,January,2,10,10208,80.55,S700_1938,Ships,1,40,3222,Shipped,3222,1
France,Lyon,Medium,1,72,2004,Qtr 1,January,2,1,10208,74.45,S700_2610,Ships,1,46,3424.7,Shipped,3424.7000000000003,1
France,Lyon,Medium,1,100,2004,Qtr 1,January,2,4,10208,100,S700_3505,Ships,1,37,4447.4,Shipped,3700,1
France,Lyon,Medium,1,170,2004,Qtr 1,March,2,10,10227,100,S18_1749,Vintage Cars,1,26,3712.8,Shipped,2600,1
France,Lyon,Medium,1,168,2004,Qtr 1,March,2,4,10227,100,S18_2795,Vintage Cars,1,29,5579.02,Shipped,2900,1
France,Lyon,Medium,1,99,2004,Qtr 1,March,2,1,10227,100,S18_3320,Vintage Cars,1,33,3666.96,Shipped,3300,1
France,Lyon,Medium,1,92,2004,Qtr 1,March,2,11,10227,100,S18_4409,Vintage Cars,1,34,3566.94,Shipped,3400,1
France,Lyon,Medium,1,90,2004,Qtr 1,March,2,14,10227,88.14,S24_2766,Classic Cars,1,47,4142.58,Shipped,4142.58,1
France,Lyon,Medium,1,117,2004,Qtr 1,March,2,13,10227,100,S24_2887,Classic Cars,1,33,4340.49,Shipped,3300,1
France,Lyon,Medium,1,85,2004,Qtr 1,March,2,15,10227,79.62,S24_3191,Classic Cars,1,40,3184.8,Shipped,3184.8,1
France,Lyon,Small,1,116,2003,Qtr 4,November,25,10,10194,93.34,S18_1097,Trucks and Buses,1,21,1960.14,Shipped,1960.14,1
France,Lyon,Small,1,50,2003,Qtr 4,November,25,9,10194,44.78,S18_4668,Vintage Cars,1,41,1835.98,Shipped,1835.98,1
France,Lyon,Small,1,64,2003,Qtr 4,November,25,7,10194,54.94,S32_3522,Trucks and Buses,1,39,2142.66,Shipped,2142.66,1
France,Lyon,Small,1,101,2003,Qtr 4,November,25,6,10194,89.01,S700_2824,Classic Cars,1,26,2314.26,Shipped,2314.26,1
France,Lyon,Small,1,136,2004,Qtr 1,January,2,9,10208,100,S18_3140,Vintage Cars,1,24,2622.48,Shipped,2400,1
France,Lyon,Small,1,88,2004,Qtr 1,January,2,2,10208,89.4,S24_3151,Vintage Cars,1,20,1788,Shipped,1788,1
France,Lyon,Small,1,58,2004,Qtr 1,January,2,15,10208,65.61,S50_1514,Trains,1,30,1968.3,Shipped,1968.3,1
France,Lyon,Small,1,66,2004,Qtr 1,January,2,3,10208,74.67,S700_1138,Ships,1,38,2837.46,Shipped,2837.46,1
France,Lyon,Small,1,99,2004,Qtr 1,January,2,5,10208,85.41,S700_3962,Ships,1,33,2818.53,Shipped,2818.5299999999997,1
France,Lyon,Small,1,54,2004,Qtr 1,January,2,6,10208,63.88,S72_3212,Ships,1,42,2682.96,Shipped,2682.96,1
France,Lyon,Small,1,102,2004,Qtr 1,March,2,3,10227,100,S18_1342,Vintage Cars,1,25,2953.75,Shipped,2500,1
France,Lyon,Small,1,53,2004,Qtr 1,March,2,2,10227,48.52,S18_1367,Vintage Cars,1,31,1504.12,Shipped,1504.1200000000001,1
France,Lyon,Small,1,60,2004,Qtr 1,March,2,9,10227,50.85,S18_2248,Vintage Cars,1,28,1423.8,Shipped,1423.8,1
France,Lyon,Small,1,71,2004,Qtr 1,March,2,12,10227,57.73,S18_4933,Classic Cars,1,37,2136.01,Shipped,2136.0099999999998,1
France,Lyon,Small,1,33,2004,Qtr 1,March,2,6,10227,29.21,S24_1937,Vintage Cars,1,42,1226.82,Shipped,1226.82,1
France,Lyon,Small,1,44,2004,Qtr 1,March,2,5,10227,48.38,S24_2022,Vintage Cars,1,24,1161.12,Shipped,1161.1200000000001,1
France,Lyon,Small,1,41,2004,Qtr 1,March,2,8,10227,43.9,S24_3969,Vintage Cars,1,27,1185.3,Shipped,1185.3,1
France,Marseille,Large,1,194,2003,Qtr 2,May,8,10,10122,100,S12_1099,Classic Cars,1,42,7599.9,Shipped,4200,1
France,Marseille,Large,1,170,2004,Qtr 4,November,25,1,10344,100,S18_1749,Vintage Cars,1,45,7650,Shipped,4500,1
France,Marseille,Medium,1,117,2003,Qtr 2,May,8,8,10122,99.82,S12_3380,Classic Cars,1,37,3693.34,Shipped,3693.3399999999997,1
France,Marseille,Medium,1,141,2003,Qtr 2,May,8,2,10122,100,S18_1129,Classic Cars,1,34,5004.8,Shipped,3400,1
France,Marseille,Medium,1,77,2003,Qtr 2,May,8,6,10122,72.38,S18_1889,Classic Cars,1,43,3112.34,Shipped,3112.3399999999997,1
France,Marseille,Medium,1,142,2003,Qtr 2,May,8,1,10122,100,S18_1984,Classic Cars,1,31,4100.99,Shipped,3100,1
France,Marseille,Medium,1,169,2003,Qtr 2,May,8,3,10122,100,S18_3232,Classic Cars,1,25,3598.5,Shipped,2500,1
France,Marseille,Medium,1,148,2003,Qtr 2,May,8,15,10122,100,S18_4721,Classic Cars,1,28,3583.16,Shipped,2800,1
France,Marseille,Medium,1,140,2003,Qtr 2,May,8,5,10122,100,S24_3856,Classic Cars,1,43,5494.97,Shipped,4300,1
France,Marseille,Medium,1,127,2004,Qtr 4,November,25,3,10344,100,S18_2325,Vintage Cars,1,30,3928.2,Shipped,3000,1
France,Marseille,Small,1,79,2003,Qtr 2,May,8,11,10122,63.84,S12_3990,Classic Cars,1,32,2042.88,Shipped,2042.88,1
France,Marseille,Small,1,115,2003,Qtr 2,May,8,7,10122,100,S12_4675,Classic Cars,1,20,2142,Shipped,2000,1
France,Marseille,Small,1,80,2003,Qtr 2,May,8,13,10122,73.17,S18_3278,Classic Cars,1,21,1536.57,Shipped,1536.57,1
France,Marseille,Small,1,146,2003,Qtr 2,May,8,12,10122,100,S18_3482,Classic Cars,1,21,2469.39,Shipped,2100,1
France,Marseille,Small,1,62,2003,Qtr 2,May,8,16,10122,49.74,S18_3782,Motorcycles,1,35,1740.9,Shipped,1740.9,1
France,Marseille,Small,1,37,2003,Qtr 2,May,8,4,10122,30.96,S24_2972,Classic Cars,1,39,1207.44,Shipped,1207.44,1
France,Marseille,Small,1,61,2003,Qtr 2,May,8,9,10122,50.21,S24_3371,Classic Cars,1,34,1707.14,Shipped,1707.14,1
France,Marseille,Small,1,80,2003,Qtr 2,May,8,14,10122,71.14,S24_4620,Classic Cars,1,29,2063.06,Shipped,2063.06,1
France,Marseille,Small,1,40,2003,Qtr 2,May,8,17,10122,44.66,S32_2206,Motorcycles,1,31,1384.46,Shipped,1384.4599999999998,1
France,Marseille,Small,1,60,2004,Qtr 4,November,25,2,10344,56.91,S18_2248,Vintage Cars,1,40,2276.4,Shipped,2276.3999999999996,1
France,Marseille,Small,1,92,2004,Qtr 4,November,25,4,10344,100,S18_4409,Vintage Cars,1,21,2203.11,Shipped,2100,1
France,Marseille,Small,1,71,2004,Qtr 4,November,25,5,10344,63.43,S18_4933,Classic Cars,1,26,1649.18,Shipped,1649.18,1
France,Marseille,Small,1,73,2004,Qtr 4,November,25,7,10344,59.53,S24_1046,Classic Cars,1,29,1726.37,Shipped,1726.3700000000001,1
France,Marseille,Small,1,33,2004,Qtr 4,November,25,6,10344,35.18,S24_1937,Vintage Cars,1,20,703.6,Shipped,703.6,1
France,Marseille,Small,1,40,2005,Qtr 1,January,6,1,10364,48.28,S32_2206,Motorcycles,1,48,2317.44,Shipped,2317.44,1
France,Nantes,Large,1,72,2005,Qtr 1,February,3,2,10375,100,S24_4278,Planes,1,43,10039.6,Shipped,4300,1
France,Nantes,Medium,1,124,2003,Qtr 2,May,20,2,10123,100,S18_1589,Classic Cars,1,26,3073.72,Shipped,2600,1
France,Nantes,Medium,1,132,2003,Qtr 2,May,20,3,10123,100,S18_2870,Classic Cars,1,46,5161.2,Shipped,4600,1
France,Nantes,Medium,1,141,2003,Qtr 2,May,20,4,10123,100,S18_3685,Classic Cars,1,34,5331.88,Shipped,3400,1
France,Nantes,Medium,1,95,2004,Qtr 3,July,23,1,10275,92.83,S10_1678,Motorcycles,1,45,4177.35,Shipped,4177.35,1
France,Nantes,Medium,1,193,2004,Qtr 3,July,23,3,10275,100,S10_4698,Motorcycles,1,36,6901.92,Shipped,3600,1
France,Nantes,Medium,1,84,2004,Qtr 3,July,23,9,10275,90.39,S18_2581,Planes,1,35,3163.65,Shipped,3163.65,1
France,Nantes,Medium,1,68,2004,Qtr 3,July,23,18,10275,81.89,S24_3949,Planes,1,41,3357.49,Shipped,3357.4900000000002,1
France,Nantes,Medium,1,99,2004,Qtr 3,July,23,16,10275,100,S700_2466,Planes,1,39,4472.52,Shipped,3900,1
France,Nantes,Medium,1,118,2004,Qtr 3,July,23,8,10275,100,S700_2834,Planes,1,48,6378.72,Shipped,4800,1
France,Nantes,Medium,1,80,2004,Qtr 3,July,23,15,10275,73.6,S700_3167,Planes,1,43,3164.8,Shipped,3164.7999999999997,1
France,Nantes,Medium,1,118,2004,Qtr 3,September,27,1,10298,96.34,S10_2016,Motorcycles,1,39,3757.26,Shipped,3757.26,1
France,Nantes,Medium,1,87,2004,Qtr 4,October,29,7,10315,100,S18_4522,Vintage Cars,1,36,3602.16,Shipped,3600,1
France,Nantes,Medium,1,122,2004,Qtr 4,October,29,6,10315,100,S24_2011,Ships,1,35,4215.05,Shipped,3500,1
France,Nantes,Medium,1,99,2004,Qtr 4,October,29,4,10315,91.37,S700_3962,Ships,1,37,3380.69,Shipped,3380.69,1
France,Nantes,Medium,1,194,2005,Qtr 1,February,3,7,10375,76,S12_1099,Classic Cars,1,45,3420,Shipped,3420,1
France,Nantes,Medium,1,150,2005,Qtr 1,February,3,13,10375,78.92,S12_2823,Motorcycles,1,49,3867.08,Shipped,3867.08,1
France,Nantes,Medium,1,99,2005,Qtr 1,February,3,3,10375,100,S32_1374,Motorcycles,1,37,6353.27,Shipped,3700,1
France,Nantes,Medium,1,68,2005,Qtr 1,February,3,4,10375,82.26,S32_4289,Vintage Cars,1,44,3619.44,Shipped,3619.44,1
France,Nantes,Medium,1,102,2005,Qtr 1,February,3,15,10375,100,S32_4485,Motorcycles,1,41,4701.88,Shipped,4100,1
France,Nantes,Medium,1,43,2005,Qtr 1,February,3,5,10375,65.8,S50_1341,Vintage Cars,1,49,3224.2,Shipped,3224.2,1
France,Nantes,Medium,1,81,2005,Qtr 1,February,3,8,10375,100,S50_4713,Motorcycles,1,49,5406.66,Shipped,4900,1
France,Nantes,Medium,1,91,2005,Qtr 1,February,3,6,10375,81.87,S700_1691,Planes,1,37,3029.19,Shipped,3029.19,1
France,Nantes,Medium,1,99,2005,Qtr 1,February,3,1,10375,100,S700_2466,Planes,1,33,3856.71,Shipped,3300,1
France,Nantes,Medium,1,80,2005,Qtr 1,February,3,11,10375,100,S700_3167,Planes,1,44,5208.72,Shipped,4400,1
France,Nantes,Medium,1,147,2005,Qtr 2,May,31,12,10425,100,S10_4962,Classic Cars,1,38,5894.94,In Process,3800,1
France,Nantes,Medium,1,118,2005,Qtr 2,May,31,4,10425,100,S12_4473,Trucks and Buses,1,33,4692.6,In Process,3300,1
France,Nantes,Medium,1,163,2005,Qtr 2,May,31,3,10425,100,S18_2238,Classic Cars,1,28,5318.04,In Process,2800,1
France,Nantes,Medium,1,122,2005,Qtr 2,May,31,7,10425,99.41,S18_2319,Trucks and Buses,1,38,3777.58,In Process,3777.58,1
France,Nantes,Medium,1,169,2005,Qtr 2,May,31,8,10425,100,S18_3232,Classic Cars,1,28,3793.16,In Process,2800,1
France,Nantes,Medium,1,121,2005,Qtr 2,May,31,13,10425,100,S18_4600,Trucks and Buses,1,38,4325.16,In Process,3800,1
France,Nantes,Medium,1,127,2005,Qtr 2,May,31,9,10425,100,S24_2300,Trucks and Buses,1,49,5510.54,In Process,4900,1
France,Nantes,Medium,1,96,2005,Qtr 2,May,31,11,10425,86.68,S32_1268,Trucks and Buses,1,41,3553.88,In Process,3553.88,1
France,Nantes,Small,1,50,2003,Qtr 2,May,20,1,10123,59.87,S24_1628,Classic Cars,1,50,2993.5,Shipped,2993.5,1
France,Nantes,Small,1,118,2004,Qtr 3,July,23,4,10275,100,S10_2016,Motorcycles,1,22,2904.44,Shipped,2200,1
France,Nantes,Small,1,60,2004,Qtr 3,July,23,5,10275,63.6,S18_2625,Motorcycles,1,37,2353.2,Shipped,2353.2000000000003,1
France,Nantes,Small,1,112,2004,Qtr 3,July,23,2,10275,100,S24_1578,Motorcycles,1,21,2153.76,Shipped,2100,1
France,Nantes,Small,1,109,2004,Qtr 3,July,23,11,10275,95.2,S24_1785,Planes,1,25,2380,Shipped,2380,1
France,Nantes,Small,1,76,2004,Qtr 3,July,23,6,10275,79.98,S24_2000,Motorcycles,1,30,2399.4,Shipped,2399.4,1
France,Nantes,Small,1,72,2004,Qtr 3,July,23,10,10275,62.31,S24_4278,Planes,1,27,1682.37,Shipped,1682.3700000000001,1
France,Nantes,Small,1,99,2004,Qtr 3,July,23,7,10275,81.91,S32_1374,Motorcycles,1,23,1883.93,Shipped,1883.9299999999998,1
France,Nantes,Small,1,68,2004,Qtr 3,July,23,12,10275,63.97,S32_4289,Vintage Cars,1,28,1791.16,Shipped,1791.1599999999999,1
France,Nantes,Small,1,43,2004,Qtr 3,July,23,13,10275,45.39,S50_1341,Vintage Cars,1,38,1724.82,Shipped,1724.82,1
France,Nantes,Small,1,91,2004,Qtr 3,July,23,14,10275,89.51,S700_1691,Planes,1,32,2864.32,Shipped,2864.32,1
France,Nantes,Small,1,74,2004,Qtr 3,July,23,17,10275,72.55,S700_4002,Planes,1,31,2249.05,Shipped,2249.0499999999997,1
France,Nantes,Small,1,60,2004,Qtr 3,September,27,2,10298,48.46,S18_2625,Motorcycles,1,32,1550.72,Shipped,1550.72,1
France,Nantes,Small,1,88,2004,Qtr 4,October,29,1,10315,86.74,S24_3151,Vintage Cars,1,24,2081.76,Shipped,2081.7599999999998,1
France,Nantes,Small,1,66,2004,Qtr 4,October,29,2,10315,62,S700_1138,Ships,1,41,2542,Shipped,2542,1
France,Nantes,Small,1,100,2004,Qtr 4,October,29,3,10315,86.15,S700_3505,Ships,1,31,2670.65,Shipped,2670.65,1
France,Nantes,Small,1,54,2004,Qtr 4,October,29,5,10315,55.69,S72_3212,Ships,1,40,2227.6,Shipped,2227.6,1
France,Nantes,Small,1,44,2004,Qtr 4,November,25,1,10345,53.76,S24_2022,Vintage Cars,1,43,2311.68,Shipped,2311.68,1
France,Nantes,Small,1,95,2005,Qtr 1,February,3,12,10375,34.91,S10_1678,Motorcycles,1,21,733.11,Shipped,733.1099999999999,1
France,Nantes,Small,1,76,2005,Qtr 1,February,3,9,10375,100,S24_2000,Motorcycles,1,23,2443.29,Shipped,2300,1
France,Nantes,Small,1,69,2005,Qtr 1,February,3,14,10375,100,S24_2360,Motorcycles,1,20,2046,Shipped,2000,1
France,Nantes,Small,1,118,2005,Qtr 1,February,3,10,10375,66.73,S700_2834,Planes,1,25,1668.25,Shipped,1668.25,1
France,Nantes,Small,1,60,2005,Qtr 2,May,31,10,10425,49.22,S18_2432,Trucks and Buses,1,19,935.18,In Process,935.18,1
France,Nantes,Small,1,57,2005,Qtr 2,May,31,1,10425,46.82,S24_1444,Classic Cars,1,55,2575.1,In Process,2575.1,1
France,Nantes,Small,1,35,2005,Qtr 2,May,31,5,10425,33.24,S24_2840,Classic Cars,1,31,1030.44,In Process,1030.44,1
France,Nantes,Small,1,54,2005,Qtr 2,May,31,6,10425,43.83,S32_2509,Trucks and Buses,1,11,482.13,In Process,482.13,1
France,Nantes,Small,1,115,2005,Qtr 2,May,31,2,10425,100,S50_1392,Trucks and Buses,1,18,1895.94,In Process,1800,1
France,Paris,Large,1,169,2003,Qtr 2,April,1,4,10114,100,S18_3232,Classic Cars,1,48,8209.44,Shipped,4800,1
France,Paris,Large,1,193,2003,Qtr 3,July,1,4,10134,100,S10_4698,Motorcycles,1,31,7023.98,Shipped,3100,1
France,Paris,Large,1,194,2004,Qtr 1,January,15,2,10211,100,S12_1099,Classic Cars,1,41,7498.9,Shipped,4100,1
France,Paris,Large,1,163,2004,Qtr 4,November,20,6,10336,100,S18_2238,Classic Cars,1,49,7460.74,Shipped,4900,1
France,Paris,Large,1,101,2004,Qtr 4,November,20,2,10336,100,S700_2824,Classic Cars,1,46,9558.8,Shipped,4600,1
France,Paris,Large,1,33,2004,Qtr 4,December,9,5,10356,100,S24_1937,Vintage Cars,1,48,9720,Shipped,4800,1
France,Paris,Large,1,58,2005,Qtr 1,March,17,3,10395,100,S50_1514,Trains,1,45,8977.05,Shipped,4500,1
France,Paris,Medium,1,147,2003,Qtr 2,April,1,8,10114,100,S10_4962,Classic Cars,1,31,4305.28,Shipped,3100,1
France,Paris,Medium,1,122,2003,Qtr 2,April,1,3,10114,100,S18_2319,Trucks and Buses,1,39,4164.42,Shipped,3900,1
France,Paris,Medium,1,60,2003,Qtr 2,April,1,6,10114,68.67,S18_2432,Trucks and Buses,1,45,3090.15,Shipped,3090.15,1
France,Paris,Medium,1,121,2003,Qtr 2,April,1,9,10114,100,S18_4600,Trucks and Buses,1,41,4815.45,Shipped,4100,1
France,Paris,Medium,1,96,2003,Qtr 2,April,1,7,10114,100,S32_1268,Trucks and Buses,1,32,3667.52,Shipped,3200,1
France,Paris,Medium,1,101,2003,Qtr 2,April,1,10,10114,100,S700_2824,Classic Cars,1,42,4758.18,Shipped,4200,1
France,Paris,Medium,1,95,2003,Qtr 3,July,1,2,10134,94.74,S10_1678,Motorcycles,1,41,3884.34,Shipped,3884.3399999999997,1
France,Paris,Medium,1,118,2003,Qtr 3,July,1,5,10134,100,S10_2016,Motorcycles,1,27,3307.77,Shipped,2700,1
France,Paris,Medium,1,112,2003,Qtr 3,July,1,3,10134,93.54,S24_1578,Motorcycles,1,35,3273.9,Shipped,3273.9,1
France,Paris,Medium,1,76,2003,Qtr 3,July,1,7,10134,83.03,S24_2000,Motorcycles,1,43,3570.29,Shipped,3570.29,1
France,Paris,Medium,1,95,2004,Qtr 1,January,15,14,10211,100,S10_1678,Motorcycles,1,41,4708.44,Shipped,4100,1
France,Paris,Medium,1,150,2004,Qtr 1,January,15,13,10211,100,S12_2823,Motorcycles,1,36,4771.8,Shipped,3600,1
France,Paris,Medium,1,146,2004,Qtr 1,January,15,4,10211,100,S18_3482,Classic Cars,1,28,3745.28,Shipped,2800,1
France,Paris,Medium,1,148,2004,Qtr 1,January,15,7,10211,100,S18_4721,Classic Cars,1,41,5673.58,Shipped,4100,1
France,Paris,Medium,1,102,2004,Qtr 1,January,15,12,10211,100,S32_4485,Motorcycles,1,37,4040.03,Shipped,3700,1
France,Paris,Medium,1,81,2004,Qtr 1,January,15,10,10211,80.55,S50_4713,Motorcycles,1,40,3222,Shipped,3222,1
France,Paris,Medium,1,146,2004,Qtr 2,May,26,1,10252,100,S18_3482,Classic Cars,1,41,6749.83,Shipped,4100,1
France,Paris,Medium,1,148,2004,Qtr 2,May,26,4,10252,100,S18_4721,Classic Cars,1,26,3559.4,Shipped,2600,1
France,Paris,Medium,1,69,2004,Qtr 2,May,26,8,10252,65.8,S24_2360,Motorcycles,1,47,3092.6,Shipped,3092.6,1
France,Paris,Medium,1,80,2004,Qtr 2,May,26,3,10252,87.31,S24_4620,Classic Cars,1,38,3317.78,Shipped,3317.78,1
France,Paris,Medium,1,81,2004,Qtr 2,May,26,7,10252,72.41,S50_4713,Motorcycles,1,48,3475.68,Shipped,3475.68,1
France,Paris,Medium,1,151,2004,Qtr 4,November,20,11,10336,100,S12_3148,Classic Cars,1,33,4059.33,Shipped,3300,1
France,Paris,Medium,1,173,2004,Qtr 4,November,20,1,10336,63.38,S12_3891,Classic Cars,1,49,3105.62,Shipped,3105.6200000000003,1
France,Paris,Medium,1,118,2004,Qtr 4,November,20,3,10336,100,S12_4473,Trucks and Buses,1,38,6372.6,Shipped,3800,1
France,Paris,Medium,1,136,2004,Qtr 4,November,20,12,10336,100,S18_3140,Vintage Cars,1,48,5778.24,Shipped,4800,1
France,Paris,Medium,1,57,2004,Qtr 4,November,20,4,10336,100,S24_1444,Classic Cars,1,45,5972.4,Shipped,4500,1
France,Paris,Medium,1,118,2004,Qtr 4,November,20,5,10336,100,S24_4048,Classic Cars,1,31,4618.69,Shipped,3100,1
France,Paris,Medium,1,115,2004,Qtr 4,November,20,8,10336,100,S50_1392,Trucks and Buses,1,23,3141.57,Shipped,2300,1
France,Paris,Medium,1,141,2004,Qtr 4,December,9,8,10356,97.6,S18_1129,Classic Cars,1,43,4196.8,Shipped,4196.8,1
France,Paris,Medium,1,127,2004,Qtr 4,December,9,3,10356,100,S18_2325,Vintage Cars,1,29,3630.22,Shipped,2900,1
France,Paris,Medium,1,168,2004,Qtr 4,December,9,1,10356,100,S18_2795,Vintage Cars,1,30,4462.2,Shipped,3000,1
France,Paris,Medium,1,81,2004,Qtr 4,December,9,4,10356,100,S50_4713,Motorcycles,1,26,3937.7,Shipped,2600,1
France,Paris,Medium,1,136,2005,Qtr 1,March,17,2,10395,100,S10_4757,Classic Cars,1,32,3370.56,Shipped,3200,1
France,Paris,Medium,1,115,2005,Qtr 1,March,17,4,10395,100,S50_1392,Trucks and Buses,1,46,5692.96,Shipped,4600,1
France,Paris,Medium,1,118,2005,Qtr 2,April,7,1,10402,100,S10_2016,Motorcycles,1,45,5833.8,Shipped,4500,1
France,Paris,Medium,1,60,2005,Qtr 2,April,7,2,10402,55.72,S18_2625,Motorcycles,1,55,3064.6,Shipped,3064.6,1
France,Paris,Medium,1,76,2005,Qtr 2,April,7,3,10402,87.6,S24_2000,Motorcycles,1,59,5168.4,Shipped,5168.4,1
France,Paris,Small,1,127,2003,Qtr 2,April,1,5,10114,100,S24_2300,Trucks and Buses,1,21,2925.09,Shipped,2100,1
France,Paris,Small,1,35,2003,Qtr 2,April,1,1,10114,30.06,S24_2840,Classic Cars,1,24,721.44,Shipped,721.4399999999999,1
France,Paris,Small,1,54,2003,Qtr 2,April,1,2,10114,55.73,S32_2509,Trucks and Buses,1,28,1560.44,Shipped,1560.4399999999998,1
France,Paris,Small,1,150,2003,Qtr 3,July,1,1,10134,100,S12_2823,Motorcycles,1,20,2711.2,Shipped,2000,1
France,Paris,Small,1,60,2003,Qtr 3,July,1,6,10134,61.78,S18_2625,Motorcycles,1,30,1853.4,Shipped,1853.4,1
France,Paris,Small,1,79,2004,Qtr 1,January,15,3,10211,92.57,S12_3990,Classic Cars,1,28,2591.96,Shipped,2591.96,1
France,Paris,Small,1,80,2004,Qtr 1,January,15,5,10211,78,S18_3278,Classic Cars,1,35,2730,Shipped,2730,1
France,Paris,Small,1,62,2004,Qtr 1,January,15,8,10211,54.09,S18_3782,Motorcycles,1,46,2488.14,Shipped,2488.1400000000003,1
France,Paris,Small,1,112,2004,Qtr 1,January,15,15,10211,90.16,S24_1578,Motorcycles,1,25,2254,Shipped,2254,1
France,Paris,Small,1,69,2004,Qtr 1,January,15,11,10211,63.72,S24_2360,Motorcycles,1,21,1338.12,Shipped,1338.12,1
France,Paris,Small,1,61,2004,Qtr 1,January,15,1,10211,48.98,S24_3371,Classic Cars,1,48,2351.04,Shipped,2351.04,1
France,Paris,Small,1,80,2004,Qtr 1,January,15,6,10211,92.16,S24_4620,Classic Cars,1,22,2027.52,Shipped,2027.52,1
France,Paris,Small,1,40,2004,Qtr 1,January,15,9,10211,42.24,S32_2206,Motorcycles,1,41,1731.84,Shipped,1731.8400000000001,1
France,Paris,Small,1,80,2004,Qtr 2,May,26,2,10252,76.39,S18_3278,Classic Cars,1,20,1527.8,Shipped,1527.8,1
France,Paris,Small,1,62,2004,Qtr 2,May,26,5,10252,52.84,S18_3782,Motorcycles,1,31,1638.04,Shipped,1638.0400000000002,1
France,Paris,Small,1,40,2004,Qtr 2,May,26,6,10252,48.28,S32_2206,Motorcycles,1,36,1738.08,Shipped,1738.08,1
France,Paris,Small,1,102,2004,Qtr 2,May,26,9,10252,100,S32_4485,Motorcycles,1,25,2832,Shipped,2500,1
France,Paris,Small,1,62,2004,Qtr 3,August,28,1,10286,57.2,S18_3782,Motorcycles,1,38,2173.6,Shipped,2173.6,1
France,Paris,Small,1,207,2004,Qtr 4,November,20,10,10336,57.22,S12_1108,Classic Cars,1,33,1888.26,Shipped,1888.26,1
France,Paris,Small,1,100,2004,Qtr 4,November,20,7,10336,100,S18_3259,Trains,1,21,2230.41,Shipped,2100,1
France,Paris,Small,1,62,2004,Qtr 4,November,20,9,10336,84.71,S32_3207,Trains,1,31,2626.01,Shipped,2626.0099999999998,1
France,Paris,Small,1,102,2004,Qtr 4,December,9,9,10356,50.18,S18_1342,Vintage Cars,1,50,2509,Shipped,2509,1
France,Paris,Small,1,53,2004,Qtr 4,December,9,6,10356,72.41,S18_1367,Vintage Cars,1,22,1593.02,Shipped,1593.02,1
France,Paris,Small,1,142,2004,Qtr 4,December,9,2,10356,64.69,S18_1984,Classic Cars,1,27,1746.63,Shipped,1746.6299999999999,1
France,Paris,Small,1,44,2004,Qtr 4,December,9,7,10356,31.86,S24_2022,Vintage Cars,1,26,828.36,Shipped,828.36,1
France,Paris,Small,1,207,2005,Qtr 1,March,17,1,10395,69.12,S12_1108,Classic Cars,1,33,2280.96,Shipped,2280.96,1
France,Reims,Large,1,150,2003,Qtr 2,May,7,4,10121,100,S12_2823,Motorcycles,1,50,8284,Shipped,5000,1
France,Reims,Medium,1,81,2003,Qtr 2,May,7,1,10121,74.85,S50_4713,Motorcycles,1,44,3293.4,Shipped,3293.3999999999996,1
France,Reims,Medium,1,124,2003,Qtr 3,July,10,2,10137,99.55,S18_1589,Classic Cars,1,44,4380.2,Shipped,4380.2,1
France,Reims,Medium,1,132,2003,Qtr 3,July,10,3,10137,100,S18_2870,Classic Cars,1,37,4346.76,Shipped,3700,1
France,Reims,Medium,1,141,2003,Qtr 3,July,10,4,10137,100,S18_3685,Classic Cars,1,31,5124.3,Shipped,3100,1
France,Reims,Medium,1,124,2004,Qtr 4,November,24,4,10343,100,S18_1589,Classic Cars,1,36,5848.92,Shipped,3600,1
France,Reims,Medium,1,141,2004,Qtr 4,November,24,2,10343,84.88,S18_3685,Classic Cars,1,44,3734.72,Shipped,3734.72,1
France,Reims,Medium,1,80,2004,Qtr 4,November,24,1,10343,100,S24_4620,Classic Cars,1,30,3098.7,Shipped,3000,1
France,Reims,Medium,1,40,2004,Qtr 4,November,24,5,10343,100,S32_2206,Motorcycles,1,29,3713.16,Shipped,2900,1
France,Reims,Medium,1,207,2004,Qtr 4,December,15,8,10359,100,S12_1108,Classic Cars,1,42,4764.48,Shipped,4200,1
France,Reims,Medium,1,173,2004,Qtr 4,December,15,5,10359,62.09,S12_3891,Classic Cars,1,49,3042.41,Shipped,3042.4100000000003,1
France,Reims,Medium,1,54,2004,Qtr 4,December,15,3,10359,100,S32_2509,Trucks and Buses,1,36,6358.68,Shipped,3600,1
France,Reims,Medium,1,62,2004,Qtr 4,December,15,1,10359,100,S32_3207,Trains,1,22,4301.22,Shipped,2200,1
France,Reims,Medium,1,115,2004,Qtr 4,December,15,2,10359,100,S50_1392,Trucks and Buses,1,46,4896.7,Shipped,4600,1
France,Reims,Medium,1,157,2005,Qtr 1,March,30,11,10398,100,S18_1662,Planes,1,33,4215.09,Shipped,3300,1
France,Reims,Medium,1,105,2005,Qtr 1,March,30,17,10398,100,S18_3856,Vintage Cars,1,45,4811.85,Shipped,4500,1
France,Reims,Medium,1,109,2005,Qtr 1,March,30,16,10398,100,S24_1785,Planes,1,43,5552.16,Shipped,4300,1
France,Reims,Medium,1,72,2005,Qtr 1,March,30,14,10398,78.25,S24_4278,Planes,1,45,3521.25,Shipped,3521.25,1
France,Reims,Medium,1,91,2005,Qtr 1,March,30,6,10398,87.69,S700_1691,Planes,1,47,4121.43,Shipped,4121.43,1
France,Reims,Medium,1,90,2005,Qtr 1,March,30,7,10398,100,S700_2047,Ships,1,36,3910.32,Shipped,3600,1
France,Reims,Medium,1,74,2005,Qtr 1,March,30,12,10398,87.36,S700_4002,Planes,1,36,3144.96,Shipped,3144.96,1
France,Reims,Small,1,95,2003,Qtr 2,May,7,5,10121,81.35,S10_1678,Motorcycles,1,34,2765.9,Shipped,2765.8999999999996,1
France,Reims,Small,1,69,2003,Qtr 2,May,7,2,10121,76.88,S24_2360,Motorcycles,1,32,2460.16,Shipped,2460.16,1
France,Reims,Small,1,102,2003,Qtr 2,May,7,3,10121,86.74,S32_4485,Motorcycles,1,25,2168.5,Shipped,2168.5,1
France,Reims,Small,1,50,2003,Qtr 3,July,10,1,10137,49.81,S24_1628,Classic Cars,1,26,1295.06,Shipped,1295.06,1
France,Reims,Small,1,132,2004,Qtr 4,November,24,3,10343,52.32,S18_2870,Classic Cars,1,25,1308,Shipped,1308,1
France,Reims,Small,1,50,2004,Qtr 4,November,24,6,10343,36.21,S24_1628,Classic Cars,1,27,977.67,Shipped,977.6700000000001,1
France,Reims,Small,1,136,2004,Qtr 4,December,15,6,10359,54.68,S10_4757,Classic Cars,1,48,2624.64,Shipped,2624.64,1
France,Reims,Small,1,118,2004,Qtr 4,December,15,7,10359,100,S24_4048,Classic Cars,1,22,2603.04,Shipped,2200,1
France,Reims,Small,1,58,2004,Qtr 4,December,15,4,10359,64.93,S50_1514,Trains,1,25,1623.25,Shipped,1623.2500000000002,1
France,Reims,Small,1,84,2005,Qtr 1,March,30,15,10398,76.88,S18_2581,Planes,1,34,2613.92,Shipped,2613.92,1
France,Reims,Small,1,86,2005,Qtr 1,March,30,18,10398,72.26,S18_3029,Ships,1,28,2023.28,Shipped,2023.2800000000002,1
France,Reims,Small,1,68,2005,Qtr 1,March,30,3,10398,57.55,S24_2841,Planes,1,28,1611.4,Shipped,1611.3999999999999,1
France,Reims,Small,1,65,2005,Qtr 1,March,30,13,10398,71.67,S24_3420,Vintage Cars,1,34,2436.78,Shipped,2436.78,1
France,Reims,Small,1,68,2005,Qtr 1,March,30,2,10398,68.24,S24_3949,Planes,1,41,2797.84,Shipped,2797.8399999999997,1
France,Reims,Small,1,68,2005,Qtr 1,March,30,4,10398,67.41,S32_4289,Vintage Cars,1,22,1483.02,Shipped,1483.02,1
France,Reims,Small,1,43,2005,Qtr 1,March,30,5,10398,36.66,S50_1341,Vintage Cars,1,49,1796.34,Shipped,1796.34,1
France,Reims,Small,1,99,2005,Qtr 1,March,30,8,10398,86.76,S700_2466,Planes,1,22,1908.72,Shipped,1908.72,1
France,Reims,Small,1,118,2005,Qtr 1,March,30,9,10398,100,S700_2834,Planes,1,23,2810.83,Shipped,2300,1
France,Reims,Small,1,80,2005,Qtr 1,March,30,10,10398,65.6,S700_3167,Planes,1,29,1902.4,Shipped,1902.3999999999999,1
France,Reims,Small,1,49,2005,Qtr 1,March,30,1,10398,40.22,S72_1253,Planes,1,34,1367.48,Shipped,1367.48,1
France,Strasbourg,Large,1,170,2004,Qtr 2,April,13,2,10241,100,S18_1749,Vintage Cars,1,41,7597.3,Shipped,4100,1
France,Strasbourg,Large,1,115,2005,Qtr 2,April,14,5,10405,93.28,S12_4675,Classic Cars,1,97,9048.16,Shipped,9048.16,1
France,Strasbourg,Large,1,169,2005,Qtr 2,April,14,1,10405,100,S18_3232,Classic Cars,1,55,8289.05,Shipped,5500,1
France,Strasbourg,Large,1,140,2005,Qtr 2,April,14,3,10405,100,S24_3856,Classic Cars,1,76,11739.7,Shipped,7600,1
France,Strasbourg,Medium,1,132,2004,Qtr 2,April,13,12,10241,100,S18_2870,Classic Cars,1,44,6853.44,Shipped,4400,1
France,Strasbourg,Medium,1,92,2004,Qtr 2,April,13,3,10241,90.19,S18_4409,Vintage Cars,1,42,3787.98,Shipped,3787.98,1
France,Strasbourg,Medium,1,90,2004,Qtr 2,April,13,6,10241,94.5,S24_2766,Classic Cars,1,47,4441.5,Shipped,4441.5,1
France,Strasbourg,Medium,1,168,2004,Qtr 2,June,4,1,10255,100,S18_2795,Vintage Cars,1,24,3726,Shipped,2400,1
France,Strasbourg,Medium,1,77,2005,Qtr 2,April,14,4,10405,73.92,S18_1889,Classic Cars,1,61,4509.12,Shipped,4509.12,1
France,Strasbourg,Small,1,124,2004,Qtr 2,April,13,11,10241,100,S18_1589,Classic Cars,1,21,2508.66,Shipped,2100,1
France,Strasbourg,Small,1,60,2004,Qtr 2,April,13,1,10241,72.65,S18_2248,Vintage Cars,1,33,2397.45,Shipped,2397.4500000000003,1
France,Strasbourg,Small,1,71,2004,Qtr 2,April,13,4,10241,66.99,S18_4933,Classic Cars,1,30,2009.7,Shipped,2009.6999999999998,1
France,Strasbourg,Small,1,73,2004,Qtr 2,April,13,8,10241,76.43,S24_1046,Classic Cars,1,22,1681.46,Shipped,1681.46,1
France,Strasbourg,Small,1,50,2004,Qtr 2,April,13,10,10241,40.25,S24_1628,Classic Cars,1,21,845.25,Shipped,845.25,1
France,Strasbourg,Small,1,117,2004,Qtr 2,April,13,5,10241,98.65,S24_2887,Classic Cars,1,28,2762.2,Shipped,2762.2000000000003,1
France,Strasbourg,Small,1,85,2004,Qtr 2,April,13,7,10241,81.33,S24_3191,Classic Cars,1,26,2114.58,Shipped,2114.58,1
France,Strasbourg,Small,1,107,2004,Qtr 2,April,13,9,10241,86.73,S24_3432,Classic Cars,1,27,2341.71,Shipped,2341.71,1
France,Strasbourg,Small,1,44,2004,Qtr 2,June,4,2,10255,45.7,S24_2022,Vintage Cars,1,37,1690.9,Shipped,1690.9,1
France,Strasbourg,Small,1,37,2005,Qtr 2,April,14,2,10405,44.56,S24_2972,Classic Cars,1,47,2094.32,Shipped,2094.32,1
France,Toulouse,Large,1,169,2003,Qtr 3,July,4,3,10136,100,S18_3232,Classic Cars,1,41,8331.61,Shipped,4100,1
France,Toulouse,Medium,1,141,2003,Qtr 3,July,4,2,10136,100,S18_1129,Classic Cars,1,25,3644.75,Shipped,2500,1
France,Toulouse,Medium,1,142,2003,Qtr 3,July,4,1,10136,100,S18_1984,Classic Cars,1,36,5274.72,Shipped,3600,1
France,Toulouse,Medium,1,136,2003,Qtr 4,November,8,12,10178,100,S10_4757,Classic Cars,1,24,3492.48,Shipped,2400,1
France,Toulouse,Medium,1,157,2003,Qtr 4,November,8,4,10178,100,S18_1662,Planes,1,42,6490.68,Shipped,4200,1
France,Toulouse,Medium,1,86,2003,Qtr 4,November,8,10,10178,81.72,S18_3029,Ships,1,41,3350.52,Shipped,3350.52,1
France,Toulouse,Medium,1,105,2003,Qtr 4,November,8,9,10178,100,S18_3856,Vintage Cars,1,48,5386.56,Shipped,4800,1
France,Toulouse,Medium,1,90,2003,Qtr 4,November,8,8,10178,96.86,S700_2047,Ships,1,34,3293.24,Shipped,3293.24,1
France,Toulouse,Medium,1,74,2003,Qtr 4,November,8,2,10178,76.25,S700_4002,Planes,1,45,3431.25,Shipped,3431.25,1
France,Toulouse,Medium,1,100,2005,Qtr 1,March,28,3,10397,100,S700_3505,Ships,1,48,5192.64,Shipped,4800,1
France,Toulouse,Medium,1,99,2005,Qtr 1,March,28,2,10397,100,S700_3962,Ships,1,36,3789.72,Shipped,3600,1
France,Toulouse,Small,1,68,2003,Qtr 4,November,8,5,10178,80.84,S24_2841,Planes,1,34,2748.56,Shipped,2748.56,1
France,Toulouse,Small,1,65,2003,Qtr 4,November,8,6,10178,73.64,S24_3420,Vintage Cars,1,27,1988.28,Shipped,1988.28,1
France,Toulouse,Small,1,83,2003,Qtr 4,November,8,11,10178,72.12,S24_3816,Vintage Cars,1,21,1514.52,Shipped,1514.52,1
France,Toulouse,Small,1,68,2003,Qtr 4,November,8,3,10178,72.33,S24_3949,Planes,1,30,2169.9,Shipped,2169.9,1
France,Toulouse,Small,1,99,2003,Qtr 4,November,8,1,10178,87.75,S700_2466,Planes,1,22,1930.5,Shipped,1930.5,1
France,Toulouse,Small,1,49,2003,Qtr 4,November,8,7,10178,51.15,S72_1253,Planes,1,45,2301.75,Shipped,2301.75,1
France,Toulouse,Small,1,86,2005,Qtr 1,March,28,5,10397,80.55,S700_1938,Ships,1,32,2577.6,Shipped,2577.6,1
France,Toulouse,Small,1,72,2005,Qtr 1,March,28,4,10397,66.5,S700_2610,Ships,1,22,1463,Shipped,1463,1
France,Toulouse,Small,1,54,2005,Qtr 1,March,28,1,10397,62.24,S72_3212,Ships,1,34,2116.16,Shipped,2116.16,1
France,Versailles,Large,1,214,2004,Qtr 4,October,11,6,10304,100,S10_1949,Classic Cars,1,47,10172.7,Shipped,4700,1
France,Versailles,Medium,1,136,2004,Qtr 1,February,2,1,10216,100,S12_1666,Trucks and Buses,1,43,5759.42,Shipped,4300,1
France,Versailles,Medium,1,136,2004,Qtr 4,October,11,3,10304,100,S12_1666,Trucks and Buses,1,39,6396,Shipped,3900,1
France,Versailles,Medium,1,116,2004,Qtr 4,October,11,5,10304,98,S18_1097,Trucks and Buses,1,46,4508,Shipped,4508,1
France,Versailles,Medium,1,102,2004,Qtr 4,October,11,13,10304,95.55,S18_1342,Vintage Cars,1,37,3535.35,Shipped,3535.35,1
France,Versailles,Medium,1,168,2004,Qtr 4,October,11,14,10304,100,S18_2795,Vintage Cars,1,20,3577.6,Shipped,2000,1
France,Versailles,Medium,1,101,2004,Qtr 4,October,11,7,10304,100,S18_2949,Vintage Cars,1,46,4613.8,Shipped,4600,1
France,Versailles,Medium,1,99,2004,Qtr 4,October,11,11,10304,100,S18_3320,Vintage Cars,1,38,3958.46,Shipped,3800,1
France,Versailles,Medium,1,97,2004,Qtr 4,October,11,10,10304,100,S24_4258,Vintage Cars,1,33,3342.57,Shipped,3300,1
France,Versailles,Medium,1,101,2004,Qtr 4,October,11,1,10304,100,S700_2824,Classic Cars,1,40,4208,Shipped,4000,1
France,Versailles,Small,1,53,2004,Qtr 4,October,11,12,10304,48.52,S18_1367,Vintage Cars,1,37,1795.24,Shipped,1795.24,1
France,Versailles,Small,1,127,2004,Qtr 4,October,11,17,10304,100,S18_2325,Vintage Cars,1,24,2440.8,Shipped,2400,1
France,Versailles,Small,1,62,2004,Qtr 4,October,11,9,10304,64.96,S18_2957,Vintage Cars,1,24,1559.04,Shipped,1559.04,1
France,Versailles,Small,1,104,2004,Qtr 4,October,11,8,10304,85.87,S18_3136,Vintage Cars,1,26,2232.62,Shipped,2232.62,1
France,Versailles,Small,1,50,2004,Qtr 4,October,11,4,10304,49.3,S18_4668,Vintage Cars,1,34,1676.2,Shipped,1676.1999999999998,1
France,Versailles,Small,1,33,2004,Qtr 4,October,11,16,10304,30.2,S24_1937,Vintage Cars,1,23,694.6,Shipped,694.6,1
France,Versailles,Small,1,44,2004,Qtr 4,October,11,15,10304,39.42,S24_2022,Vintage Cars,1,44,1734.48,Shipped,1734.48,1
France,Versailles,Small,1,64,2004,Qtr 4,October,11,2,10304,73.04,S32_3522,Trucks and Buses,1,36,2629.44,Shipped,2629.44,1
Germany,Frankfurt,Large,1,151,2004,Qtr 1,March,15,1,10230,100,S12_3148,Classic Cars,1,43,7016.31,Shipped,4300,1
Germany,Frankfurt,Large,1,163,2004,Qtr 1,March,15,8,10230,100,S18_2238,Classic Cars,1,49,7300.51,Shipped,4900,1
Germany,Frankfurt,Large,1,143,2004,Qtr 1,March,15,3,10230,100,S18_4027,Classic Cars,1,42,7238.28,Shipped,4200,1
Germany,Frankfurt,Medium,1,127,2003,Qtr 1,January,9,4,10101,100,S18_2325,Vintage Cars,1,25,3782,Shipped,2500,1
Germany,Frankfurt,Medium,1,168,2003,Qtr 1,January,9,1,10101,100,S18_2795,Vintage Cars,1,26,3773.38,Shipped,2600,1
Germany,Frankfurt,Medium,1,194,2003,Qtr 4,October,4,5,10300,100,S12_1099,Classic Cars,1,33,5521.89,Shipped,3300,1
Germany,Frankfurt,Medium,1,117,2003,Qtr 4,October,4,3,10300,100,S12_3380,Classic Cars,1,29,3984.6,Shipped,2900,1
Germany,Frankfurt,Medium,1,77,2003,Qtr 4,October,4,1,10300,92.4,S18_1889,Classic Cars,1,41,3788.4,Shipped,3788.4,1
Germany,Frankfurt,Medium,1,80,2003,Qtr 4,October,4,8,10300,78.8,S18_3278,Classic Cars,1,49,3861.2,Shipped,3861.2,1
Germany,Frankfurt,Medium,1,146,2003,Qtr 4,October,4,7,10300,100,S18_3482,Classic Cars,1,23,3786.49,Shipped,2300,1
Germany,Frankfurt,Medium,1,118,2004,Qtr 1,March,15,5,10230,100,S24_4048,Classic Cars,1,45,4737.15,Shipped,4500,1
Germany,Frankfurt,Medium,1,115,2004,Qtr 1,March,15,7,10230,100,S50_1392,Trucks and Buses,1,34,3974.94,Shipped,3400,1
Germany,Frankfurt,Medium,1,99,2004,Qtr 4,November,5,2,10323,91.27,S18_3320,Vintage Cars,1,33,3011.91,Shipped,3011.91,1
Germany,Frankfurt,Medium,1,121,2004,Qtr 4,November,5,1,10323,100,S18_4600,Trucks and Buses,1,47,6203.06,Shipped,4700,1
Germany,Frankfurt,Small,1,33,2003,Qtr 1,January,9,3,10101,31.2,S24_1937,Vintage Cars,1,45,1404,Shipped,1404,1
Germany,Frankfurt,Small,1,44,2003,Qtr 1,January,9,2,10101,53.76,S24_2022,Vintage Cars,1,46,2472.96,Shipped,2472.96,1
Germany,Frankfurt,Small,1,79,2003,Qtr 4,October,4,6,10300,76.61,S12_3990,Classic Cars,1,22,1685.42,Shipped,1685.42,1
Germany,Frankfurt,Small,1,115,2003,Qtr 4,October,4,2,10300,100,S12_4675,Classic Cars,1,23,2807.61,Shipped,2300,1
Germany,Frankfurt,Small,1,61,2003,Qtr 4,October,4,4,10300,58.78,S24_3371,Classic Cars,1,31,1822.18,Shipped,1822.18,1
Germany,Frankfurt,Small,1,57,2004,Qtr 1,March,15,6,10230,54.33,S24_1444,Classic Cars,1,36,1955.88,Shipped,1955.8799999999999,1
Germany,Frankfurt,Small,1,62,2004,Qtr 1,March,15,4,10230,60.9,S32_3207,Trains,1,46,2801.4,Shipped,2801.4,1
Germany,Frankfurt,Small,1,58,2004,Qtr 1,March,15,2,10230,52.14,S50_1514,Trains,1,43,2242.02,Shipped,2242.02,1
Germany,Koln,Large,1,169,2004,Qtr 4,October,16,3,10310,100,S18_3232,Classic Cars,1,48,8940.96,Shipped,4800,1
Germany,Koln,Medium,1,194,2003,Qtr 4,November,20,3,10191,100,S12_1099,Classic Cars,1,21,3840.9,Shipped,2100,1
Germany,Koln,Medium,1,117,2003,Qtr 4,November,20,1,10191,100,S12_3380,Classic Cars,1,40,5590,Shipped,4000,1
Germany,Koln,Medium,1,80,2003,Qtr 4,November,20,6,10191,94.88,S18_3278,Classic Cars,1,36,3415.68,Shipped,3415.68,1
Germany,Koln,Medium,1,146,2003,Qtr 4,November,20,5,10191,100,S18_3482,Classic Cars,1,23,3414.58,Shipped,2300,1
Germany,Koln,Medium,1,62,2003,Qtr 4,November,20,9,10191,72.74,S18_3782,Motorcycles,1,43,3127.82,Shipped,3127.8199999999997,1
Germany,Koln,Medium,1,148,2003,Qtr 4,November,20,8,10191,100,S18_4721,Classic Cars,1,32,4237.76,Shipped,3200,1
Germany,Koln,Medium,1,194,2004,Qtr 4,October,16,10,10310,100,S12_1099,Classic Cars,1,33,6934.62,Shipped,3300,1
Germany,Koln,Medium,1,117,2004,Qtr 4,October,16,8,10310,100,S12_3380,Classic Cars,1,24,3100.32,Shipped,2400,1
Germany,Koln,Medium,1,79,2004,Qtr 4,October,16,11,10310,81.4,S12_3990,Classic Cars,1,49,3988.6,Shipped,3988.6000000000004,1
Germany,Koln,Medium,1,141,2004,Qtr 4,October,16,2,10310,100,S18_1129,Classic Cars,1,37,6231.91,Shipped,3700,1
Germany,Koln,Medium,1,142,2004,Qtr 4,October,16,1,10310,100,S18_1984,Classic Cars,1,24,3448.08,Shipped,2400,1
Germany,Koln,Medium,1,146,2004,Qtr 4,October,16,12,10310,100,S18_3482,Classic Cars,1,49,6266.12,Shipped,4900,1
Germany,Koln,Medium,1,148,2004,Qtr 4,October,16,15,10310,100,S18_4721,Classic Cars,1,40,5356.8,Shipped,4000,1
Germany,Koln,Medium,1,140,2004,Qtr 4,October,16,5,10310,100,S24_3856,Classic Cars,1,45,5497.65,Shipped,4500,1
Germany,Koln,Medium,1,80,2004,Qtr 4,October,16,14,10310,97.01,S24_4620,Classic Cars,1,49,4753.49,Shipped,4753.490000000001,1
Germany,Koln,Small,1,79,2003,Qtr 4,November,20,4,10191,64.64,S12_3990,Classic Cars,1,30,1939.2,Shipped,1939.2,1
Germany,Koln,Small,1,61,2003,Qtr 4,November,20,2,10191,60.01,S24_3371,Classic Cars,1,48,2880.48,Shipped,2880.48,1
Germany,Koln,Small,1,80,2003,Qtr 4,November,20,7,10191,66.29,S24_4620,Classic Cars,1,44,2916.76,Shipped,2916.76,1
Germany,Koln,Small,1,115,2004,Qtr 4,October,16,7,10310,100,S12_4675,Classic Cars,1,25,2504.75,Shipped,2500,1
Germany,Koln,Small,1,77,2004,Qtr 4,October,16,6,10310,91.63,S18_1889,Classic Cars,1,20,1832.6,Shipped,1832.6,1
Germany,Koln,Small,1,80,2004,Qtr 4,October,16,13,10310,80.41,S18_3278,Classic Cars,1,27,2171.07,Shipped,2171.0699999999997,1
Germany,Koln,Small,1,62,2004,Qtr 4,October,16,16,10310,67.14,S18_3782,Motorcycles,1,42,2819.88,Shipped,2819.88,1
Germany,Koln,Small,1,37,2004,Qtr 4,October,16,4,10310,41.91,S24_2972,Classic Cars,1,33,1383.03,Shipped,1383.03,1
Germany,Koln,Small,1,61,2004,Qtr 4,October,16,9,10310,56.94,S24_3371,Classic Cars,1,38,2163.72,Shipped,2163.72,1
Germany,Koln,Small,1,40,2004,Qtr 4,October,16,17,10310,43.05,S32_2206,Motorcycles,1,36,1549.8,Shipped,1549.8,1
Germany,Munich,Medium,1,157,2004,Qtr 3,September,15,7,10296,100,S18_1662,Planes,1,36,5676.84,Shipped,3600,1
Germany,Munich,Medium,1,91,2004,Qtr 3,September,15,2,10296,100,S700_1691,Planes,1,42,4296.6,Shipped,4200,1
Germany,Munich,Medium,1,90,2004,Qtr 3,September,15,11,10296,100,S700_2047,Ships,1,34,3477.86,Shipped,3400,1
Germany,Munich,Medium,1,74,2004,Qtr 3,September,15,5,10296,86.62,S700_4002,Planes,1,47,4071.14,Shipped,4071.1400000000003,1
Germany,Munich,Small,1,86,2004,Qtr 3,September,15,13,10296,96.34,S18_3029,Ships,1,21,2023.14,Shipped,2023.14,1
Germany,Munich,Small,1,105,2004,Qtr 3,September,15,12,10296,84.7,S18_3856,Vintage Cars,1,22,1863.4,Shipped,1863.4,1
Germany,Munich,Small,1,68,2004,Qtr 3,September,15,8,10296,71.25,S24_2841,Planes,1,21,1496.25,Shipped,1496.25,1
Germany,Munich,Small,1,65,2004,Qtr 3,September,15,9,10296,53.92,S24_3420,Vintage Cars,1,31,1671.52,Shipped,1671.52,1
Germany,Munich,Small,1,83,2004,Qtr 3,September,15,14,10296,77.15,S24_3816,Vintage Cars,1,22,1697.3,Shipped,1697.3000000000002,1
Germany,Munich,Small,1,68,2004,Qtr 3,September,15,6,10296,71.65,S24_3949,Planes,1,32,2292.8,Shipped,2292.8,1
Germany,Munich,Small,1,43,2004,Qtr 3,September,15,1,10296,48.44,S50_1341,Vintage Cars,1,26,1259.44,Shipped,1259.44,1
Germany,Munich,Small,1,99,2004,Qtr 3,September,15,4,10296,100,S700_2466,Planes,1,24,2441.04,Shipped,2400,1
Germany,Munich,Small,1,80,2004,Qtr 3,September,15,3,10296,80.8,S700_3167,Planes,1,22,1777.6,Shipped,1777.6,1
Germany,Munich,Small,1,49,2004,Qtr 3,September,15,10,10296,45.19,S72_1253,Planes,1,21,948.99,Shipped,948.99,1
Ireland,Dublin,Large,1,207,2004,Qtr 1,February,12,2,10220,100,S12_1108,Classic Cars,1,32,7181.44,Shipped,3200,1
Ireland,Dublin,Large,1,143,2004,Qtr 1,February,12,5,10220,100,S18_4027,Classic Cars,1,50,8258,Shipped,5000,1
Ireland,Dublin,Medium,1,151,2004,Qtr 1,February,12,3,10220,100,S12_3148,Classic Cars,1,30,4713.6,Shipped,3000,1
Ireland,Dublin,Medium,1,173,2004,Qtr 1,February,12,1,10220,100,S12_3891,Classic Cars,1,27,5045.22,Shipped,2700,1
Ireland,Dublin,Medium,1,118,2004,Qtr 1,February,12,7,10220,100,S24_4048,Classic Cars,1,37,5032.74,Shipped,3700,1
Ireland,Dublin,Medium,1,115,2004,Qtr 1,February,12,9,10220,100,S50_1392,Trucks and Buses,1,37,3983.05,Shipped,3700,1
Ireland,Dublin,Medium,1,109,2004,Qtr 3,September,16,6,10297,100,S24_1785,Planes,1,32,4061.76,Shipped,3200,1
Ireland,Dublin,Medium,1,118,2004,Qtr 3,September,16,3,10297,100,S700_2834,Planes,1,35,3986.5,Shipped,3500,1
Ireland,Dublin,Small,1,57,2004,Qtr 1,February,12,8,10220,56.07,S24_1444,Classic Cars,1,26,1457.82,Shipped,1457.82,1
Ireland,Dublin,Small,1,62,2004,Qtr 1,February,12,6,10220,52.82,S32_3207,Trains,1,20,1056.4,Shipped,1056.4,1
Ireland,Dublin,Small,1,58,2004,Qtr 1,February,12,4,10220,68.54,S50_1514,Trains,1,30,2056.2,Shipped,2056.2000000000003,1
Ireland,Dublin,Small,1,84,2004,Qtr 3,September,16,4,10297,82.79,S18_2581,Planes,1,25,2069.75,Shipped,2069.75,1
Ireland,Dublin,Small,1,76,2004,Qtr 3,September,16,1,10297,65.51,S24_2000,Motorcycles,1,32,2096.32,Shipped,2096.32,1
Ireland,Dublin,Small,1,72,2004,Qtr 3,September,16,5,10297,72.45,S24_4278,Planes,1,23,1666.35,Shipped,1666.3500000000001,1
Ireland,Dublin,Small,1,99,2004,Qtr 3,September,16,2,10297,100,S32_1374,Motorcycles,1,26,2856.88,Shipped,2600,1
Ireland,Dublin,Small,1,68,2004,Qtr 3,September,16,7,10297,79.8,S32_4289,Vintage Cars,1,28,2234.4,Shipped,2234.4,1
Italy,Bergamo,Medium,1,157,2003,Qtr 1,February,17,12,10106,100,S18_1662,Planes,1,36,5279.4,Shipped,3600,1
Italy,Bergamo,Medium,1,84,2003,Qtr 1,February,17,2,10106,90.39,S18_2581,Planes,1,34,3073.26,Shipped,3073.26,1
Italy,Bergamo,Medium,1,86,2003,Qtr 1,February,17,18,10106,83.44,S18_3029,Ships,1,41,3421.04,Shipped,3421.04,1
Italy,Bergamo,Medium,1,105,2003,Qtr 1,February,17,17,10106,100,S18_3856,Vintage Cars,1,41,4774.86,Shipped,4100,1
Italy,Bergamo,Medium,1,68,2003,Qtr 1,February,17,13,10106,74.68,S24_2841,Planes,1,49,3659.32,Shipped,3659.32,1
Italy,Bergamo,Medium,1,68,2003,Qtr 1,February,17,11,10106,64.83,S24_3949,Planes,1,50,3241.5,Shipped,3241.5,1
Italy,Bergamo,Medium,1,91,2003,Qtr 1,February,17,7,10106,100,S700_1691,Planes,1,31,3312.97,Shipped,3100,1
Italy,Bergamo,Medium,1,90,2003,Qtr 1,February,17,16,10106,100,S700_2047,Ships,1,30,3177.3,Shipped,3000,1
Italy,Bergamo,Medium,1,99,2003,Qtr 1,February,17,9,10106,100,S700_2466,Planes,1,34,3763.46,Shipped,3400,1
Italy,Bergamo,Medium,1,118,2003,Qtr 1,February,17,1,10106,100,S700_2834,Planes,1,32,3986.56,Shipped,3200,1
Italy,Bergamo,Medium,1,80,2003,Qtr 1,February,17,8,10106,74.4,S700_3167,Planes,1,44,3273.6,Shipped,3273.6000000000004,1
Italy,Bergamo,Medium,1,102,2003,Qtr 4,November,5,6,10173,100,S18_1342,Vintage Cars,1,43,5036.16,Shipped,4300,1
Italy,Bergamo,Medium,1,170,2003,Qtr 4,November,5,13,10173,100,S18_1749,Vintage Cars,1,24,3508.8,Shipped,2400,1
Italy,Bergamo,Medium,1,127,2003,Qtr 4,November,5,10,10173,100,S18_2325,Vintage Cars,1,31,4492.83,Shipped,3100,1
Italy,Bergamo,Medium,1,168,2003,Qtr 4,November,5,7,10173,100,S18_2795,Vintage Cars,1,22,3452.68,Shipped,2200,1
Italy,Bergamo,Medium,1,105,2004,Qtr 4,November,12,6,10328,100,S18_3856,Vintage Cars,1,34,3815.48,Shipped,3400,1
Italy,Bergamo,Medium,1,109,2004,Qtr 4,November,12,14,10328,87.54,S24_1785,Planes,1,47,4114.38,Shipped,4114.38,1
Italy,Bergamo,Medium,1,90,2004,Qtr 4,November,12,9,10328,100,S700_2047,Ships,1,41,4156.58,Shipped,4100,1
Italy,Bergamo,Medium,1,99,2004,Qtr 4,November,12,10,10328,100,S700_2466,Planes,1,37,4021.53,Shipped,3700,1
Italy,Bergamo,Medium,1,118,2004,Qtr 4,November,12,11,10328,100,S700_2834,Planes,1,33,4072.2,Shipped,3300,1
Italy,Bergamo,Medium,1,74,2004,Qtr 4,November,12,12,10328,85.87,S700_4002,Planes,1,39,3348.93,Shipped,3348.9300000000003,1
Italy,Bergamo,Small,1,109,2003,Qtr 1,February,17,4,10106,88.63,S24_1785,Planes,1,28,2481.64,Shipped,2481.64,1
Italy,Bergamo,Small,1,65,2003,Qtr 1,February,17,14,10106,52.6,S24_3420,Vintage Cars,1,31,1630.6,Shipped,1630.6000000000001,1
Italy,Bergamo,Small,1,72,2003,Qtr 1,February,17,3,10106,63.76,S24_4278,Planes,1,26,1657.76,Shipped,1657.76,1
Italy,Bergamo,Small,1,68,2003,Qtr 1,February,17,5,10106,72.92,S32_4289,Vintage Cars,1,33,2406.36,Shipped,2406.36,1
Italy,Bergamo,Small,1,43,2003,Qtr 1,February,17,6,10106,40.15,S50_1341,Vintage Cars,1,39,1565.85,Shipped,1565.85,1
Italy,Bergamo,Small,1,74,2003,Qtr 1,February,17,10,10106,61.44,S700_4002,Planes,1,48,2949.12,Shipped,2949.12,1
Italy,Bergamo,Small,1,49,2003,Qtr 1,February,17,15,10106,52.64,S72_1253,Planes,1,48,2526.72,Shipped,2526.7200000000003,1
Italy,Bergamo,Small,1,53,2003,Qtr 4,November,5,5,10173,44.21,S18_1367,Vintage Cars,1,48,2122.08,Shipped,2122.08,1
Italy,Bergamo,Small,1,60,2003,Qtr 4,November,5,12,10173,57.51,S18_2248,Vintage Cars,1,26,1495.26,Shipped,1495.26,1
Italy,Bergamo,Small,1,62,2003,Qtr 4,November,5,2,10173,53.72,S18_2957,Vintage Cars,1,28,1504.16,Shipped,1504.1599999999999,1
Italy,Bergamo,Small,1,104,2003,Qtr 4,November,5,1,10173,89.01,S18_3136,Vintage Cars,1,31,2759.31,Shipped,2759.31,1
Italy,Bergamo,Small,1,99,2003,Qtr 4,November,5,4,10173,95.24,S18_3320,Vintage Cars,1,29,2761.96,Shipped,2761.96,1
Italy,Bergamo,Small,1,92,2003,Qtr 4,November,5,14,10173,75.46,S18_4409,Vintage Cars,1,21,1584.66,Shipped,1584.6599999999999,1
Italy,Bergamo,Small,1,71,2003,Qtr 4,November,5,15,10173,71.98,S18_4933,Classic Cars,1,39,2807.22,Shipped,2807.2200000000003,1
Italy,Bergamo,Small,1,33,2003,Qtr 4,November,5,9,10173,31.53,S24_1937,Vintage Cars,1,31,977.43,Shipped,977.4300000000001,1
Italy,Bergamo,Small,1,44,2003,Qtr 4,November,5,8,10173,41.22,S24_2022,Vintage Cars,1,27,1112.94,Shipped,1112.94,1
Italy,Bergamo,Small,1,117,2003,Qtr 4,November,5,16,10173,100,S24_2887,Classic Cars,1,23,2728.03,Shipped,2300,1
Italy,Bergamo,Small,1,41,2003,Qtr 4,November,5,11,10173,33.23,S24_3969,Vintage Cars,1,35,1163.05,Shipped,1163.05,1
Italy,Bergamo,Small,1,97,2003,Qtr 4,November,5,3,10173,100,S24_4258,Vintage Cars,1,22,2571.14,Shipped,2200,1
Italy,Bergamo,Small,1,68,2004,Qtr 4,November,12,1,10328,58.92,S24_2841,Planes,1,48,2828.16,Shipped,2828.16,1
Italy,Bergamo,Small,1,65,2004,Qtr 4,November,12,2,10328,72.98,S24_3420,Vintage Cars,1,20,1459.6,Shipped,1459.6000000000001,1
Italy,Bergamo,Small,1,68,2004,Qtr 4,November,12,3,10328,76.43,S24_3949,Planes,1,35,2675.05,Shipped,2675.05,1
Italy,Bergamo,Small,1,72,2004,Qtr 4,November,12,4,10328,60.86,S24_4278,Planes,1,43,2616.98,Shipped,2616.98,1
Italy,Bergamo,Small,1,68,2004,Qtr 4,November,12,5,10328,81.17,S32_4289,Vintage Cars,1,24,1948.08,Shipped,1948.08,1
Italy,Bergamo,Small,1,43,2004,Qtr 4,November,12,7,10328,51.93,S50_1341,Vintage Cars,1,34,1765.62,Shipped,1765.62,1
Italy,Bergamo,Small,1,91,2004,Qtr 4,November,12,8,10328,100,S700_1691,Planes,1,27,2762.1,Shipped,2700,1
Italy,Bergamo,Small,1,80,2004,Qtr 4,November,12,13,10328,64,S700_3167,Planes,1,33,2112,Shipped,2112,1
Italy,Reggio Emilia,Large,1,207,2003,Qtr 4,November,6,2,10176,100,S12_1108,Classic Cars,1,33,7474.5,Shipped,3300,1
Italy,Reggio Emilia,Large,1,151,2003,Qtr 4,November,6,3,10176,100,S12_3148,Classic Cars,1,47,8378.69,Shipped,4700,1
Italy,Reggio Emilia,Large,1,173,2003,Qtr 4,November,6,1,10176,100,S12_3891,Classic Cars,1,50,7872.5,Shipped,5000,1
Italy,Reggio Emilia,Large,1,194,2004,Qtr 3,July,6,14,10266,100,S12_1099,Classic Cars,1,44,9160.36,Shipped,4400,1
Italy,Reggio Emilia,Medium,1,163,2003,Qtr 4,November,6,10,10176,100,S18_2238,Classic Cars,1,20,3667.6,Shipped,2000,1
Italy,Reggio Emilia,Medium,1,143,2003,Qtr 4,November,6,5,10176,100,S18_4027,Classic Cars,1,36,5532.12,Shipped,3600,1
Italy,Reggio Emilia,Medium,1,115,2003,Qtr 4,November,6,9,10176,100,S50_1392,Trucks and Buses,1,23,3114.89,Shipped,2300,1
Italy,Reggio Emilia,Medium,1,115,2004,Qtr 3,July,6,11,10266,100,S12_4675,Classic Cars,1,40,4468.4,Shipped,4000,1
Italy,Reggio Emilia,Medium,1,124,2004,Qtr 3,July,6,2,10266,100,S18_1589,Classic Cars,1,36,5196.6,Shipped,3600,1
Italy,Reggio Emilia,Medium,1,142,2004,Qtr 3,July,6,5,10266,100,S18_1984,Classic Cars,1,49,6203.4,Shipped,4900,1
Italy,Reggio Emilia,Medium,1,169,2004,Qtr 3,July,6,7,10266,100,S18_3232,Classic Cars,1,29,4812.55,Shipped,2900,1
Italy,Reggio Emilia,Medium,1,141,2004,Qtr 3,July,6,4,10266,100,S18_3685,Classic Cars,1,33,5035.14,Shipped,3300,1
Italy,Reggio Emilia,Medium,1,157,2005,Qtr 2,May,10,14,10416,100,S18_1662,Planes,1,24,4352.16,Shipped,2400,1
Italy,Reggio Emilia,Medium,1,109,2005,Qtr 2,May,10,6,10416,88.63,S24_1785,Planes,1,47,4165.61,Shipped,4165.61,1
Italy,Reggio Emilia,Medium,1,72,2005,Qtr 2,May,10,5,10416,74.62,S24_4278,Planes,1,48,3581.76,Shipped,3581.76,1
Italy,Reggio Emilia,Medium,1,99,2005,Qtr 2,May,10,2,10416,100,S32_1374,Motorcycles,1,45,4764.6,Shipped,4500,1
Italy,Reggio Emilia,Medium,1,118,2005,Qtr 2,May,10,3,10416,100,S700_2834,Planes,1,41,5642.83,Shipped,4100,1
Italy,Reggio Emilia,Small,1,57,2003,Qtr 4,November,6,8,10176,68.78,S24_1444,Classic Cars,1,27,1857.06,Shipped,1857.06,1
Italy,Reggio Emilia,Small,1,118,2003,Qtr 4,November,6,7,10176,100,S24_4048,Classic Cars,1,29,2915.66,Shipped,2900,1
Italy,Reggio Emilia,Small,1,62,2003,Qtr 4,November,6,6,10176,64,S32_3207,Trains,1,22,1408,Shipped,1408,1
Italy,Reggio Emilia,Small,1,58,2003,Qtr 4,November,6,4,10176,64.44,S50_1514,Trains,1,38,2448.72,Shipped,2448.72,1
Italy,Reggio Emilia,Small,1,117,2004,Qtr 3,July,6,12,10266,100,S12_3380,Classic Cars,1,22,2454.54,Shipped,2200,1
Italy,Reggio Emilia,Small,1,79,2004,Qtr 3,July,6,15,10266,76.61,S12_3990,Classic Cars,1,35,2681.35,Shipped,2681.35,1
Italy,Reggio Emilia,Small,1,141,2004,Qtr 3,July,6,6,10266,100,S18_1129,Classic Cars,1,21,2526.51,Shipped,2100,1
Italy,Reggio Emilia,Small,1,77,2004,Qtr 3,July,6,10,10266,74.69,S18_1889,Classic Cars,1,33,2464.77,Shipped,2464.77,1
Italy,Reggio Emilia,Small,1,132,2004,Qtr 3,July,6,3,10266,100,S18_2870,Classic Cars,1,20,2824.8,Shipped,2000,1
Italy,Reggio Emilia,Small,1,50,2004,Qtr 3,July,6,1,10266,48.3,S24_1628,Classic Cars,1,28,1352.4,Shipped,1352.3999999999999,1
Italy,Reggio Emilia,Small,1,37,2004,Qtr 3,July,6,8,10266,40.4,S24_2972,Classic Cars,1,34,1373.6,Shipped,1373.6,1
Italy,Reggio Emilia,Small,1,61,2004,Qtr 3,July,6,13,10266,62.45,S24_3371,Classic Cars,1,47,2935.15,Shipped,2935.15,1
Italy,Reggio Emilia,Small,1,140,2004,Qtr 3,July,6,9,10266,100,S24_3856,Classic Cars,1,24,2932.08,Shipped,2400,1
Italy,Reggio Emilia,Small,1,84,2005,Qtr 2,May,10,4,10416,98.84,S18_2581,Planes,1,15,1482.6,Shipped,1482.6000000000001,1
Italy,Reggio Emilia,Small,1,76,2005,Qtr 2,May,10,1,10416,87.6,S24_2000,Motorcycles,1,32,2803.2,Shipped,2803.2,1
Italy,Reggio Emilia,Small,1,68,2005,Qtr 2,May,10,13,10416,75.06,S24_3949,Planes,1,18,1351.08,Shipped,1351.08,1
Italy,Reggio Emilia,Small,1,68,2005,Qtr 2,May,10,7,10416,61.22,S32_4289,Vintage Cars,1,26,1591.72,Shipped,1591.72,1
Italy,Reggio Emilia,Small,1,43,2005,Qtr 2,May,10,8,10416,51.93,S50_1341,Vintage Cars,1,37,1921.41,Shipped,1921.41,1
Italy,Reggio Emilia,Small,1,91,2005,Qtr 2,May,10,9,10416,91.34,S700_1691,Planes,1,23,2100.82,Shipped,2100.82,1
Italy,Reggio Emilia,Small,1,99,2005,Qtr 2,May,10,11,10416,100,S700_2466,Planes,1,22,2457.18,Shipped,2200,1
Italy,Reggio Emilia,Small,1,80,2005,Qtr 2,May,10,10,10416,67.2,S700_3167,Planes,1,39,2620.8,Shipped,2620.8,1
Italy,Reggio Emilia,Small,1,74,2005,Qtr 2,May,10,12,10416,62.19,S700_4002,Planes,1,43,2674.17,Shipped,2674.17,1
Italy,Torino,Large,1,214,2004,Qtr 3,August,17,2,10280,100,S10_1949,Classic Cars,1,34,8014.82,Shipped,3400,1
Italy,Torino,Large,1,207,2004,Qtr 3,September,9,8,10293,100,S12_1108,Classic Cars,1,46,8411.56,Shipped,4600,1
Italy,Torino,Large,1,173,2004,Qtr 3,September,9,7,10293,100,S12_3891,Classic Cars,1,45,8253,Shipped,4500,1
Italy,Torino,Medium,1,102,2004,Qtr 3,August,17,9,10280,100,S18_1342,Vintage Cars,1,50,5239.5,Shipped,5000,1
Italy,Torino,Medium,1,170,2004,Qtr 3,August,17,16,10280,100,S18_1749,Vintage Cars,1,26,3668.6,Shipped,2600,1
Italy,Torino,Medium,1,127,2004,Qtr 3,August,17,13,10280,100,S18_2325,Vintage Cars,1,37,4750.8,Shipped,3700,1
Italy,Torino,Medium,1,168,2004,Qtr 3,August,17,10,10280,100,S18_2795,Vintage Cars,1,22,4455,Shipped,2200,1
Italy,Torino,Medium,1,101,2004,Qtr 3,August,17,3,10280,100,S18_2949,Vintage Cars,1,46,5126.24,Shipped,4600,1
Italy,Torino,Medium,1,104,2004,Qtr 3,August,17,4,10280,100,S18_3136,Vintage Cars,1,29,3006.43,Shipped,2900,1
Italy,Torino,Medium,1,99,2004,Qtr 3,August,17,7,10280,100,S18_3320,Vintage Cars,1,34,3474.46,Shipped,3400,1
Italy,Torino,Medium,1,92,2004,Qtr 3,August,17,17,10280,100,S18_4409,Vintage Cars,1,35,3704.05,Shipped,3500,1
Italy,Torino,Medium,1,151,2004,Qtr 3,September,9,9,10293,100,S12_3148,Classic Cars,1,24,4242.24,Shipped,2400,1
Italy,Torino,Medium,1,87,2004,Qtr 3,September,9,3,10293,100,S18_4522,Vintage Cars,1,49,4946.06,Shipped,4900,1
Italy,Torino,Small,1,116,2004,Qtr 3,August,17,1,10280,100,S18_1097,Trucks and Buses,1,24,2800.08,Shipped,2400,1
Italy,Torino,Small,1,53,2004,Qtr 3,August,17,8,10280,57.68,S18_1367,Vintage Cars,1,27,1557.36,Shipped,1557.36,1
Italy,Torino,Small,1,60,2004,Qtr 3,August,17,15,10280,62.96,S18_2248,Vintage Cars,1,25,1574,Shipped,1574,1
Italy,Torino,Small,1,62,2004,Qtr 3,August,17,5,10280,68.71,S18_2957,Vintage Cars,1,43,2954.53,Shipped,2954.5299999999997,1
Italy,Torino,Small,1,33,2004,Qtr 3,August,17,12,10280,28.88,S24_1937,Vintage Cars,1,20,577.6,Shipped,577.6,1
Italy,Torino,Small,1,44,2004,Qtr 3,August,17,11,10280,47.49,S24_2022,Vintage Cars,1,45,2137.05,Shipped,2137.05,1
Italy,Torino,Small,1,41,2004,Qtr 3,August,17,14,10280,41.85,S24_3969,Vintage Cars,1,33,1381.05,Shipped,1381.05,1
Italy,Torino,Small,1,97,2004,Qtr 3,August,17,6,10280,78.89,S24_4258,Vintage Cars,1,21,1656.69,Shipped,1656.69,1
Italy,Torino,Small,1,136,2004,Qtr 3,September,9,4,10293,100,S18_3140,Vintage Cars,1,24,2819.28,Shipped,2400,1
Italy,Torino,Small,1,100,2004,Qtr 3,September,9,6,10293,100,S18_3259,Trains,1,22,2418.24,Shipped,2200,1
Italy,Torino,Small,1,122,2004,Qtr 3,September,9,2,10293,100,S24_2011,Ships,1,21,2941.89,Shipped,2100,1
Italy,Torino,Small,1,86,2004,Qtr 3,September,9,5,10293,71.89,S700_1938,Ships,1,29,2084.81,Shipped,2084.81,1
Italy,Torino,Small,1,54,2004,Qtr 3,September,9,1,10293,60.06,S72_3212,Ships,1,32,1921.92,Shipped,1921.92,1
Japan,Minato-ku,Large,1,214,2004,Qtr 2,June,15,6,10258,100,S10_1949,Classic Cars,1,32,7680.64,Shipped,3200,1
Japan,Minato-ku,Large,1,88,2004,Qtr 4,November,23,13,10339,100,S24_3151,Vintage Cars,1,55,10758,Shipped,5500,1
Japan,Minato-ku,Large,1,143,2005,Qtr 1,January,26,6,10372,100,S18_4027,Classic Cars,1,48,7031.52,Shipped,4800,1
Japan,Minato-ku,Medium,1,136,2004,Qtr 2,June,15,3,10258,100,S12_1666,Trucks and Buses,1,41,6668.24,Shipped,4100,1
Japan,Minato-ku,Medium,1,116,2004,Qtr 2,June,15,5,10258,100,S18_1097,Trucks and Buses,1,41,5453,Shipped,4100,1
Japan,Minato-ku,Medium,1,101,2004,Qtr 2,June,15,1,10258,80.92,S700_2824,Classic Cars,1,45,3641.4,Shipped,3641.4,1
Japan,Minato-ku,Medium,1,68,2004,Qtr 4,November,23,12,10339,100,S24_2841,Planes,1,55,6214.45,Shipped,5500,1
Japan,Minato-ku,Medium,1,68,2004,Qtr 4,November,23,11,10339,96.92,S24_3949,Planes,1,45,4361.4,Shipped,4361.4,1
Japan,Minato-ku,Medium,1,90,2004,Qtr 4,November,23,15,10339,71.25,S700_2047,Ships,1,55,3918.75,Shipped,3918.75,1
Japan,Minato-ku,Medium,1,72,2004,Qtr 4,November,23,9,10339,74.35,S700_2610,Ships,1,50,3717.5,Shipped,3717.4999999999995,1
Japan,Minato-ku,Medium,1,151,2005,Qtr 1,January,26,4,10372,100,S12_3148,Classic Cars,1,40,5862,Shipped,4000,1
Japan,Minato-ku,Medium,1,173,2005,Qtr 1,January,26,1,10372,100,S12_3891,Classic Cars,1,34,5941.5,Shipped,3400,1
Japan,Minato-ku,Medium,1,136,2005,Qtr 1,January,26,3,10372,100,S18_3140,Vintage Cars,1,28,3862.88,Shipped,2800,1
Japan,Minato-ku,Medium,1,87,2005,Qtr 1,January,26,7,10372,86.89,S18_4522,Vintage Cars,1,41,3562.49,Shipped,3562.4900000000002,1
Japan,Minato-ku,Medium,1,122,2005,Qtr 1,January,26,8,10372,100,S24_2011,Ships,1,37,3910.53,Shipped,3700,1
Japan,Minato-ku,Medium,1,86,2005,Qtr 1,January,26,2,10372,100,S700_1938,Ships,1,44,4496.8,Shipped,4400,1
Japan,Minato-ku,Small,1,50,2004,Qtr 2,June,15,4,10258,59.87,S18_4668,Vintage Cars,1,21,1257.27,Shipped,1257.27,1
Japan,Minato-ku,Small,1,64,2004,Qtr 2,June,15,2,10258,61.41,S32_3522,Trucks and Buses,1,20,1228.2,Shipped,1228.1999999999998,1
Japan,Minato-ku,Small,1,118,2004,Qtr 4,November,23,4,10339,68.92,S10_2016,Motorcycles,1,40,2756.8,Shipped,2756.8,1
Japan,Minato-ku,Small,1,193,2004,Qtr 4,November,23,3,10339,76.67,S10_4698,Motorcycles,1,39,2990.13,Shipped,2990.13,1
Japan,Minato-ku,Small,1,84,2004,Qtr 4,November,23,2,10339,100,S18_2581,Planes,1,27,2810.7,Shipped,2700,1
Japan,Minato-ku,Small,1,60,2004,Qtr 4,November,23,1,10339,62.16,S18_2625,Motorcycles,1,30,1864.8,Shipped,1864.8,1
Japan,Minato-ku,Small,1,112,2004,Qtr 4,November,23,10,10339,84.39,S24_1578,Motorcycles,1,27,2278.53,Shipped,2278.53,1
Japan,Minato-ku,Small,1,109,2004,Qtr 4,November,23,7,10339,50.65,S24_1785,Planes,1,21,1063.65,Shipped,1063.6499999999999,1
Japan,Minato-ku,Small,1,65,2004,Qtr 4,November,23,14,10339,99.69,S24_3420,Vintage Cars,1,29,2891.01,Shipped,2891.0099999999998,1
Japan,Minato-ku,Small,1,83,2004,Qtr 4,November,23,16,10339,59.36,S24_3816,Vintage Cars,1,42,2493.12,Shipped,2493.12,1
Japan,Minato-ku,Small,1,66,2004,Qtr 4,November,23,5,10339,100,S700_1138,Ships,1,22,2816.44,Shipped,2200,1
Japan,Minato-ku,Small,1,74,2004,Qtr 4,November,23,8,10339,57.86,S700_4002,Planes,1,50,2893,Shipped,2893,1
Japan,Minato-ku,Small,1,49,2004,Qtr 4,November,23,6,10339,76.31,S72_1253,Planes,1,27,2060.37,Shipped,2060.37,1
Japan,Minato-ku,Small,1,100,2005,Qtr 1,January,26,5,10372,84.71,S18_3259,Trains,1,25,2117.75,Shipped,2117.75,1
Japan,Minato-ku,Small,1,58,2005,Qtr 1,January,26,9,10372,58.58,S50_1514,Trains,1,24,1405.92,Shipped,1405.92,1
Japan,Minato-ku,Small,1,41,2005,Qtr 2,April,22,1,10408,36.93,S24_3969,Vintage Cars,1,15,553.95,Shipped,553.95,1
Japan,Osaka,Medium,1,118,2004,Qtr 1,January,12,2,10210,100,S10_2016,Motorcycles,1,23,3009.09,Shipped,2300,1
Japan,Osaka,Medium,1,193,2004,Qtr 1,January,12,1,10210,100,S10_4698,Motorcycles,1,34,6123.4,Shipped,3400,1
Japan,Osaka,Medium,1,157,2004,Qtr 1,January,12,17,10210,100,S18_1662,Planes,1,31,5719.5,Shipped,3100,1
Japan,Osaka,Medium,1,84,2004,Qtr 1,January,12,7,10210,76.88,S18_2581,Planes,1,50,3844,Shipped,3844,1
Japan,Osaka,Medium,1,99,2004,Qtr 1,January,12,5,10210,79.91,S32_1374,Motorcycles,1,46,3675.86,Shipped,3675.8599999999997,1
Japan,Osaka,Medium,1,141,2004,Qtr 2,April,13,3,10240,100,S18_1129,Classic Cars,1,41,5628.89,Shipped,4100,1
Japan,Osaka,Medium,1,142,2004,Qtr 2,April,13,2,10240,100,S18_1984,Classic Cars,1,37,5526.32,Shipped,3700,1
Japan,Osaka,Medium,1,141,2004,Qtr 2,April,13,1,10240,100,S18_3685,Classic Cars,1,37,5959.22,Shipped,3700,1
Japan,Osaka,Small,1,60,2004,Qtr 1,January,12,3,10210,49.67,S18_2625,Motorcycles,1,40,1986.8,Shipped,1986.8000000000002,1
Japan,Osaka,Small,1,109,2004,Qtr 1,January,12,9,10210,98.48,S24_1785,Planes,1,27,2658.96,Shipped,2658.96,1
Japan,Osaka,Small,1,76,2004,Qtr 1,January,12,4,10210,61.7,S24_2000,Motorcycles,1,30,1851,Shipped,1851,1
Japan,Osaka,Small,1,68,2004,Qtr 1,January,12,16,10210,69.6,S24_3949,Planes,1,29,2018.4,Shipped,2018.3999999999999,1
Japan,Osaka,Small,1,72,2004,Qtr 1,January,12,8,10210,71,S24_4278,Planes,1,40,2840,Shipped,2840,1
Japan,Osaka,Small,1,68,2004,Qtr 1,January,12,10,10210,59.16,S32_4289,Vintage Cars,1,39,2307.24,Shipped,2307.24,1
Japan,Osaka,Small,1,43,2004,Qtr 1,January,12,11,10210,41.02,S50_1341,Vintage Cars,1,43,1763.86,Shipped,1763.8600000000001,1
Japan,Osaka,Small,1,91,2004,Qtr 1,January,12,12,10210,78.55,S700_1691,Planes,1,21,1649.55,Shipped,1649.55,1
Japan,Osaka,Small,1,99,2004,Qtr 1,January,12,14,10210,99.72,S700_2466,Planes,1,26,2592.72,Shipped,2592.72,1
Japan,Osaka,Small,1,118,2004,Qtr 1,January,12,6,10210,100,S700_2834,Planes,1,25,2818,Shipped,2500,1
Japan,Osaka,Small,1,80,2004,Qtr 1,January,12,13,10210,86.4,S700_3167,Planes,1,31,2678.4,Shipped,2678.4,1
Japan,Osaka,Small,1,74,2004,Qtr 1,January,12,15,10210,70.33,S700_4002,Planes,1,42,2953.86,Shipped,2953.86,1
Norway,Bergen,Large,1,193,2003,Qtr 4,November,18,3,10188,100,S10_4698,Motorcycles,1,45,8714.7,Shipped,4500,1
Norway,Bergen,Large,1,168,2004,Qtr 3,September,3,3,10289,100,S18_2795,Vintage Cars,1,43,8272.34,Shipped,4300,1
Norway,Bergen,Medium,1,194,2003,Qtr 4,November,12,14,10181,100,S12_1099,Classic Cars,1,27,5411.07,Shipped,2700,1
Norway,Bergen,Medium,1,115,2003,Qtr 4,November,12,11,10181,100,S12_4675,Classic Cars,1,36,4477.32,Shipped,3600,1
Norway,Bergen,Medium,1,141,2003,Qtr 4,November,12,6,10181,100,S18_1129,Classic Cars,1,44,5418.16,Shipped,4400,1
Norway,Bergen,Medium,1,124,2003,Qtr 4,November,12,2,10181,100,S18_1589,Classic Cars,1,42,5435.64,Shipped,4200,1
Norway,Bergen,Medium,1,142,2003,Qtr 4,November,12,5,10181,100,S18_1984,Classic Cars,1,21,3286.08,Shipped,2100,1
Norway,Bergen,Medium,1,132,2003,Qtr 4,November,12,3,10181,100,S18_2870,Classic Cars,1,27,3884.76,Shipped,2700,1
Norway,Bergen,Medium,1,169,2003,Qtr 4,November,12,7,10181,100,S18_3232,Classic Cars,1,45,6324.75,Shipped,4500,1
Norway,Bergen,Medium,1,146,2003,Qtr 4,November,12,16,10181,100,S18_3482,Classic Cars,1,22,3395.48,Shipped,2200,1
Norway,Bergen,Medium,1,141,2003,Qtr 4,November,12,4,10181,100,S18_3685,Classic Cars,1,39,5785.26,Shipped,3900,1
Norway,Bergen,Medium,1,140,2003,Qtr 4,November,12,9,10181,100,S24_3856,Classic Cars,1,25,3861.75,Shipped,2500,1
Norway,Bergen,Medium,1,95,2003,Qtr 4,November,18,1,10188,100,S10_1678,Motorcycles,1,48,5512.32,Shipped,4800,1
Norway,Bergen,Medium,1,118,2003,Qtr 4,November,18,4,10188,96.34,S10_2016,Motorcycles,1,38,3660.92,Shipped,3660.92,1
Norway,Bergen,Medium,1,76,2003,Qtr 4,November,18,6,10188,91.4,S24_2000,Motorcycles,1,40,3656,Shipped,3656,1
Norway,Bergen,Medium,1,99,2003,Qtr 4,November,18,7,10188,98.89,S32_1374,Motorcycles,1,44,4351.16,Shipped,4351.16,1
Norway,Bergen,Medium,1,118,2003,Qtr 4,November,18,8,10188,100,S700_2834,Planes,1,29,3957.05,Shipped,2900,1
Norway,Bergen,Medium,1,102,2004,Qtr 3,September,3,2,10289,100,S18_1342,Vintage Cars,1,38,4567.98,Shipped,3800,1
Norway,Bergen,Small,1,117,2003,Qtr 4,November,12,12,10181,100,S12_3380,Classic Cars,1,28,2860.76,Shipped,2800,1
Norway,Bergen,Small,1,79,2003,Qtr 4,November,12,15,10181,81.4,S12_3990,Classic Cars,1,20,1628,Shipped,1628,1
Norway,Bergen,Small,1,77,2003,Qtr 4,November,12,10,10181,73.92,S18_1889,Classic Cars,1,22,1626.24,Shipped,1626.24,1
Norway,Bergen,Small,1,80,2003,Qtr 4,November,12,17,10181,82.82,S18_3278,Classic Cars,1,30,2484.6,Shipped,2484.6,1
Norway,Bergen,Small,1,50,2003,Qtr 4,November,12,1,10181,53.83,S24_1628,Classic Cars,1,34,1830.22,Shipped,1830.22,1
Norway,Bergen,Small,1,37,2003,Qtr 4,November,12,8,10181,42.67,S24_2972,Classic Cars,1,37,1578.79,Shipped,1578.79,1
Norway,Bergen,Small,1,61,2003,Qtr 4,November,12,13,10181,65.52,S24_3371,Classic Cars,1,23,1506.96,Shipped,1506.9599999999998,1
Norway,Bergen,Small,1,60,2003,Qtr 4,November,18,5,10188,65.42,S18_2625,Motorcycles,1,32,2093.44,Shipped,2093.44,1
Norway,Bergen,Small,1,112,2003,Qtr 4,November,18,2,10188,100,S24_1578,Motorcycles,1,25,2535.75,Shipped,2500,1
Norway,Bergen,Small,1,53,2004,Qtr 3,September,3,1,10289,56.07,S18_1367,Vintage Cars,1,24,1345.68,Shipped,1345.68,1
Norway,Bergen,Small,1,44,2004,Qtr 3,September,3,4,10289,48.38,S24_2022,Vintage Cars,1,45,2177.1,Shipped,2177.1,1
Norway,Oslo,Large,1,142,2003,Qtr 4,October,5,7,10301,100,S18_1984,Classic Cars,1,47,7488.04,Shipped,4700,1
Norway,Oslo,Large,1,140,2003,Qtr 4,October,5,11,10301,100,S24_3856,Classic Cars,1,50,7723.5,Shipped,5000,1
Norway,Oslo,Medium,1,141,2003,Qtr 4,October,5,8,10301,100,S18_1129,Classic Cars,1,37,5917.78,Shipped,3700,1
Norway,Oslo,Medium,1,124,2003,Qtr 4,October,5,4,10301,100,S18_1589,Classic Cars,1,32,3424.64,Shipped,3200,1
Norway,Oslo,Medium,1,132,2003,Qtr 4,October,5,5,10301,100,S18_2870,Classic Cars,1,22,3223.44,Shipped,2200,1
Norway,Oslo,Medium,1,169,2003,Qtr 4,October,5,9,10301,100,S18_3232,Classic Cars,1,23,4011.66,Shipped,2300,1
Norway,Oslo,Medium,1,141,2003,Qtr 4,October,5,6,10301,100,S18_3685,Classic Cars,1,39,6446.7,Shipped,3900,1
Norway,Oslo,Medium,1,157,2004,Qtr 3,August,21,11,10284,100,S18_1662,Planes,1,45,5747.85,Shipped,4500,1
Norway,Oslo,Medium,1,68,2004,Qtr 3,August,21,4,10284,81.86,S32_4289,Vintage Cars,1,50,4093,Shipped,4093,1
Norway,Oslo,Medium,1,99,2004,Qtr 3,August,21,8,10284,100,S700_2466,Planes,1,45,4576.95,Shipped,4500,1
Norway,Oslo,Small,1,73,2003,Qtr 4,October,5,1,10301,72.02,S24_1046,Classic Cars,1,27,1944.54,Shipped,1944.54,1
Norway,Oslo,Small,1,50,2003,Qtr 4,October,5,3,10301,51.32,S24_1628,Classic Cars,1,22,1129.04,Shipped,1129.04,1
Norway,Oslo,Small,1,37,2003,Qtr 4,October,5,10,10301,34.36,S24_2972,Classic Cars,1,48,1649.28,Shipped,1649.28,1
Norway,Oslo,Small,1,107,2003,Qtr 4,October,5,2,10301,96.37,S24_3432,Classic Cars,1,22,2120.14,Shipped,2120.1400000000003,1
Norway,Oslo,Small,1,84,2004,Qtr 3,August,21,1,10284,71.81,S18_2581,Planes,1,31,2226.11,Shipped,2226.11,1
Norway,Oslo,Small,1,109,2004,Qtr 3,August,21,3,10284,100,S24_1785,Planes,1,22,2310.88,Shipped,2200,1
Norway,Oslo,Small,1,68,2004,Qtr 3,August,21,12,10284,73.99,S24_2841,Planes,1,30,2219.7,Shipped,2219.7,1
Norway,Oslo,Small,1,65,2004,Qtr 3,August,21,13,10284,71.67,S24_3420,Vintage Cars,1,39,2795.13,Shipped,2795.13,1
Norway,Oslo,Small,1,68,2004,Qtr 3,August,21,10,10284,55.96,S24_3949,Planes,1,21,1175.16,Shipped,1175.16,1
Norway,Oslo,Small,1,72,2004,Qtr 3,August,21,2,10284,71,S24_4278,Planes,1,21,1491,Shipped,1491,1
Norway,Oslo,Small,1,43,2004,Qtr 3,August,21,5,10284,51.93,S50_1341,Vintage Cars,1,33,1713.69,Shipped,1713.69,1
Norway,Oslo,Small,1,91,2004,Qtr 3,August,21,6,10284,83.12,S700_1691,Planes,1,24,1994.88,Shipped,1994.88,1
Norway,Oslo,Small,1,80,2004,Qtr 3,August,21,7,10284,69.6,S700_3167,Planes,1,25,1740,Shipped,1739.9999999999998,1
Norway,Oslo,Small,1,74,2004,Qtr 3,August,21,9,10284,64.41,S700_4002,Planes,1,32,2061.12,Shipped,2061.12,1
Norway,Stavern,Large,1,54,2004,Qtr 4,November,5,3,10325,100,S32_2509,Trucks and Buses,1,38,8844.12,Shipped,3800,1
Norway,Stavern,Medium,1,214,2003,Qtr 1,January,29,11,10103,100,S10_1949,Classic Cars,1,26,5404.62,Shipped,2600,1
Norway,Stavern,Medium,1,147,2003,Qtr 1,January,29,4,10103,100,S10_4962,Classic Cars,1,42,5398.26,Shipped,4200,1
Norway,Stavern,Medium,1,136,2003,Qtr 1,January,29,8,10103,100,S12_1666,Trucks and Buses,1,27,3394.98,Shipped,2700,1
Norway,Stavern,Medium,1,116,2003,Qtr 1,January,29,10,10103,100,S18_1097,Trucks and Buses,1,35,3920,Shipped,3500,1
Norway,Stavern,Medium,1,99,2003,Qtr 1,January,29,16,10103,100,S18_3320,Vintage Cars,1,46,4791.82,Shipped,4600,1
Norway,Stavern,Medium,1,121,2003,Qtr 1,January,29,5,10103,100,S18_4600,Trucks and Buses,1,36,4228.2,Shipped,3600,1
Norway,Stavern,Medium,1,127,2003,Qtr 1,January,29,1,10103,100,S24_2300,Trucks and Buses,1,36,3680.28,Shipped,3600,1
Norway,Stavern,Medium,1,96,2003,Qtr 1,January,29,3,10103,100,S32_1268,Trucks and Buses,1,31,3224.31,Shipped,3100,1
Norway,Stavern,Medium,1,64,2003,Qtr 1,January,29,7,10103,75.63,S32_3522,Trucks and Buses,1,45,3403.35,Shipped,3403.35,1
Norway,Stavern,Medium,1,101,2003,Qtr 1,January,29,6,10103,100,S700_2824,Classic Cars,1,42,4460.82,Shipped,4200,1
Norway,Stavern,Medium,1,95,2004,Qtr 4,October,15,5,10309,100,S10_1678,Motorcycles,1,41,4394.38,Shipped,4100,1
Norway,Stavern,Medium,1,150,2004,Qtr 4,October,15,4,10309,100,S12_2823,Motorcycles,1,26,4660.24,Shipped,2600,1
Norway,Stavern,Medium,1,102,2004,Qtr 4,October,15,3,10309,84.7,S32_4485,Motorcycles,1,50,4235,Shipped,4235,1
Norway,Stavern,Medium,1,136,2004,Qtr 4,November,5,6,10325,64.93,S10_4757,Classic Cars,1,47,3051.71,Shipped,3051.7100000000005,1
Norway,Stavern,Medium,1,118,2004,Qtr 4,November,5,5,10325,100,S24_4048,Classic Cars,1,44,5325.76,Shipped,4400,1
Norway,Stavern,Medium,1,62,2004,Qtr 4,November,5,2,10325,100,S32_3207,Trains,1,28,5377.4,Shipped,2800,1
Norway,Stavern,Medium,1,115,2004,Qtr 4,November,5,4,10325,100,S50_1392,Trucks and Buses,1,38,5190.42,Shipped,3800,1
Norway,Stavern,Medium,1,58,2004,Qtr 4,November,5,7,10325,100,S50_1514,Trains,1,44,5932.96,Shipped,4400,1
Norway,Stavern,Small,1,60,2003,Qtr 1,January,29,2,10103,54.09,S18_2432,Trucks and Buses,1,22,1189.98,Shipped,1189.98,1
Norway,Stavern,Small,1,101,2003,Qtr 1,January,29,12,10103,83.07,S18_2949,Vintage Cars,1,27,2242.89,Shipped,2242.89,1
Norway,Stavern,Small,1,62,2003,Qtr 1,January,29,14,10103,57.46,S18_2957,Vintage Cars,1,35,2011.1,Shipped,2011.1000000000001,1
Norway,Stavern,Small,1,104,2003,Qtr 1,January,29,13,10103,100,S18_3136,Vintage Cars,1,25,2539.5,Shipped,2500,1
Norway,Stavern,Small,1,50,2003,Qtr 1,January,29,9,10103,47.29,S18_4668,Vintage Cars,1,41,1938.89,Shipped,1938.8899999999999,1
Norway,Stavern,Small,1,97,2003,Qtr 1,January,29,15,10103,100,S24_4258,Vintage Cars,1,25,2873,Shipped,2500,1
Norway,Stavern,Small,1,76,2003,Qtr 4,October,10,1,10158,67.03,S24_2000,Motorcycles,1,22,1474.66,Shipped,1474.66,1
Norway,Stavern,Small,1,112,2004,Qtr 4,October,15,6,10309,100,S24_1578,Motorcycles,1,21,2650.62,Shipped,2100,1
Norway,Stavern,Small,1,69,2004,Qtr 4,October,15,2,10309,56.1,S24_2360,Motorcycles,1,24,1346.4,Shipped,1346.4,1
Norway,Stavern,Small,1,81,2004,Qtr 4,October,15,1,10309,88.68,S50_4713,Motorcycles,1,28,2483.04,Shipped,2483.04,1
Norway,Stavern,Small,1,207,2004,Qtr 4,November,5,8,10325,64,S12_1108,Classic Cars,1,42,2688,Shipped,2688,1
Norway,Stavern,Small,1,173,2004,Qtr 4,November,5,1,10325,100,S12_3891,Classic Cars,1,24,2583.6,Shipped,2400,1
Norway,Stavern,Small,1,136,2004,Qtr 4,November,5,9,10325,69.12,S18_3140,Vintage Cars,1,24,1658.88,Shipped,1658.88,1
Philippines,Makati City,Large,1,157,2003,Qtr 4,November,27,4,10198,100,S18_1662,Planes,1,42,7483.98,Shipped,4200,1
Philippines,Makati City,Medium,1,194,2003,Qtr 1,March,3,6,10108,100,S12_1099,Classic Cars,1,33,5265.15,Shipped,3300,1
Philippines,Makati City,Medium,1,117,2003,Qtr 1,March,3,4,10108,100,S12_3380,Classic Cars,1,45,6130.35,Shipped,4500,1
Philippines,Makati City,Medium,1,79,2003,Qtr 1,March,3,7,10108,89.38,S12_3990,Classic Cars,1,39,3485.82,Shipped,3485.8199999999997,1
Philippines,Makati City,Medium,1,115,2003,Qtr 1,March,3,3,10108,100,S12_4675,Classic Cars,1,36,3731.04,Shipped,3600,1
Philippines,Makati City,Medium,1,77,2003,Qtr 1,March,3,2,10108,82.39,S18_1889,Classic Cars,1,38,3130.82,Shipped,3130.82,1
Philippines,Makati City,Medium,1,146,2003,Qtr 1,March,3,8,10108,100,S18_3482,Classic Cars,1,29,4049.56,Shipped,2900,1
Philippines,Makati City,Medium,1,148,2003,Qtr 1,March,3,11,10108,100,S18_4721,Classic Cars,1,44,5565.12,Shipped,4400,1
Philippines,Makati City,Medium,1,140,2003,Qtr 1,March,3,1,10108,100,S24_3856,Classic Cars,1,40,5448.8,Shipped,4000,1
Philippines,Makati City,Medium,1,102,2003,Qtr 1,March,3,16,10108,100,S32_4485,Motorcycles,1,31,3669.78,Shipped,3100,1
Philippines,Makati City,Medium,1,68,2003,Qtr 4,November,27,5,10198,67.82,S24_2841,Planes,1,48,3255.36,Shipped,3255.3599999999997,1
Philippines,Makati City,Medium,1,99,2003,Qtr 4,November,27,1,10198,100,S700_2466,Planes,1,42,4774.56,Shipped,4200,1
Philippines,Makati City,Medium,1,146,2004,Qtr 4,November,16,3,10330,100,S18_3482,Classic Cars,1,37,4405.22,Shipped,3700,1
Philippines,Makati City,Medium,1,148,2004,Qtr 4,November,16,4,10330,100,S18_4721,Classic Cars,1,50,6101,Shipped,5000,1
Philippines,Makati City,Medium,1,69,2004,Qtr 4,November,16,1,10330,81.03,S24_2360,Motorcycles,1,42,3403.26,Shipped,3403.26,1
Philippines,Makati City,Small,1,80,2003,Qtr 1,March,3,9,10108,68.35,S18_3278,Classic Cars,1,26,1777.1,Shipped,1777.1,1
Philippines,Makati City,Small,1,62,2003,Qtr 1,March,3,12,10108,67.77,S18_3782,Motorcycles,1,43,2914.11,Shipped,2914.1099999999997,1
Philippines,Makati City,Small,1,69,2003,Qtr 1,March,3,15,10108,58.87,S24_2360,Motorcycles,1,35,2060.45,Shipped,2060.45,1
Philippines,Makati City,Small,1,61,2003,Qtr 1,March,3,5,10108,63.07,S24_3371,Classic Cars,1,30,1892.1,Shipped,1892.1,1
Philippines,Makati City,Small,1,80,2003,Qtr 1,March,3,10,10108,68.71,S24_4620,Classic Cars,1,31,2130.01,Shipped,2130.0099999999998,1
Philippines,Makati City,Small,1,40,2003,Qtr 1,March,3,13,10108,43.45,S32_2206,Motorcycles,1,27,1173.15,Shipped,1173.15,1
Philippines,Makati City,Small,1,81,2003,Qtr 1,March,3,14,10108,82.99,S50_4713,Motorcycles,1,34,2821.66,Shipped,2821.66,1
Philippines,Makati City,Small,1,65,2003,Qtr 4,November,27,6,10198,71.67,S24_3420,Vintage Cars,1,27,1935.09,Shipped,1935.0900000000001,1
Philippines,Makati City,Small,1,68,2003,Qtr 4,November,27,3,10198,66.19,S24_3949,Planes,1,43,2846.17,Shipped,2846.17,1
Philippines,Makati City,Small,1,74,2003,Qtr 4,November,27,2,10198,63.67,S700_4002,Planes,1,40,2546.8,Shipped,2546.8,1
Philippines,Makati City,Small,1,62,2004,Qtr 4,November,16,2,10330,69.63,S18_3782,Motorcycles,1,29,2019.27,Shipped,2019.27,1
Singapore,Singapore,Large,1,214,2003,Qtr 3,September,19,8,10150,100,S10_1949,Classic Cars,1,45,10993.5,Shipped,4500,1
Singapore,Singapore,Large,1,207,2003,Qtr 4,October,22,3,10165,100,S12_1108,Classic Cars,1,44,8594.52,Shipped,4400,1
Singapore,Singapore,Large,1,169,2003,Qtr 4,October,22,16,10165,100,S18_3232,Classic Cars,1,47,8754.69,Shipped,4700,1
Singapore,Singapore,Large,1,147,2004,Qtr 1,February,4,4,10217,100,S10_4962,Classic Cars,1,48,7020.48,Shipped,4800,1
Singapore,Singapore,Medium,1,207,2003,Qtr 2,April,16,9,10117,100,S12_1108,Classic Cars,1,33,6034.38,Shipped,3300,1
Singapore,Singapore,Medium,1,151,2003,Qtr 2,April,16,10,10117,100,S12_3148,Classic Cars,1,43,5911.64,Shipped,4300,1
Singapore,Singapore,Medium,1,173,2003,Qtr 2,April,16,8,10117,100,S12_3891,Classic Cars,1,39,5938.14,Shipped,3900,1
Singapore,Singapore,Medium,1,136,2003,Qtr 2,April,16,5,10117,100,S18_3140,Vintage Cars,1,26,3551.34,Shipped,2600,1
Singapore,Singapore,Medium,1,122,2003,Qtr 2,April,16,3,10117,100,S24_2011,Ships,1,41,5189.78,Shipped,4100,1
Singapore,Singapore,Medium,1,86,2003,Qtr 2,April,16,6,10117,79.68,S700_1938,Ships,1,38,3027.84,Shipped,3027.84,1
Singapore,Singapore,Medium,1,99,2003,Qtr 2,April,16,1,10117,83.42,S700_3962,Ships,1,45,3753.9,Shipped,3753.9,1
Singapore,Singapore,Medium,1,147,2003,Qtr 3,September,19,1,10150,100,S10_4962,Classic Cars,1,20,3191.2,Shipped,2000,1
Singapore,Singapore,Medium,1,136,2003,Qtr 3,September,19,5,10150,100,S12_1666,Trucks and Buses,1,30,4100.1,Shipped,3000,1
Singapore,Singapore,Medium,1,116,2003,Qtr 3,September,19,7,10150,100,S18_1097,Trucks and Buses,1,34,4641,Shipped,3400,1
Singapore,Singapore,Medium,1,101,2003,Qtr 3,September,19,9,10150,91.18,S18_2949,Vintage Cars,1,47,4285.46,Shipped,4285.46,1
Singapore,Singapore,Medium,1,121,2003,Qtr 3,September,19,2,10150,100,S18_4600,Trucks and Buses,1,49,6467.02,Shipped,4900,1
Singapore,Singapore,Medium,1,151,2003,Qtr 4,October,22,4,10165,100,S12_3148,Classic Cars,1,34,4880.02,Shipped,3400,1
Singapore,Singapore,Medium,1,173,2003,Qtr 4,October,22,2,10165,100,S12_3891,Classic Cars,1,27,5559.03,Shipped,2700,1
Singapore,Singapore,Medium,1,118,2003,Qtr 4,October,22,12,10165,100,S12_4473,Trucks and Buses,1,48,6825.6,Shipped,4800,1
Singapore,Singapore,Medium,1,163,2003,Qtr 4,October,22,11,10165,100,S18_2238,Classic Cars,1,29,5032.95,Shipped,2900,1
Singapore,Singapore,Medium,1,122,2003,Qtr 4,October,22,15,10165,100,S18_2319,Trucks and Buses,1,46,5984.14,Shipped,4600,1
Singapore,Singapore,Medium,1,100,2003,Qtr 4,October,22,1,10165,100,S18_3259,Trains,1,50,5344.5,Shipped,5000,1
Singapore,Singapore,Medium,1,143,2003,Qtr 4,October,22,6,10165,100,S18_4027,Classic Cars,1,28,3337.6,Shipped,2800,1
Singapore,Singapore,Medium,1,127,2003,Qtr 4,October,22,17,10165,100,S24_2300,Trucks and Buses,1,32,4661.76,Shipped,3200,1
Singapore,Singapore,Medium,1,115,2003,Qtr 4,October,22,10,10165,94.92,S50_1392,Trucks and Buses,1,48,4556.16,Shipped,4556.16,1
Singapore,Singapore,Medium,1,121,2004,Qtr 1,February,4,5,10217,100,S18_4600,Trucks and Buses,1,38,4509.08,Shipped,3800,1
Singapore,Singapore,Medium,1,127,2004,Qtr 1,February,4,1,10217,100,S24_2300,Trucks and Buses,1,28,3148.88,Shipped,2800,1
Singapore,Singapore,Medium,1,147,2004,Qtr 2,June,15,12,10259,100,S10_4962,Classic Cars,1,26,4033.38,Shipped,2600,1
Singapore,Singapore,Medium,1,118,2004,Qtr 2,June,15,4,10259,100,S12_4473,Trucks and Buses,1,46,6541.2,Shipped,4600,1
Singapore,Singapore,Medium,1,163,2004,Qtr 2,June,15,3,10259,100,S18_2238,Classic Cars,1,30,5697.9,Shipped,3000,1
Singapore,Singapore,Medium,1,122,2004,Qtr 2,June,15,7,10259,99.41,S18_2319,Trucks and Buses,1,34,3379.94,Shipped,3379.94,1
Singapore,Singapore,Medium,1,169,2004,Qtr 2,June,15,8,10259,100,S18_3232,Classic Cars,1,27,3657.69,Shipped,2700,1
Singapore,Singapore,Medium,1,121,2004,Qtr 2,June,15,13,10259,100,S18_4600,Trucks and Buses,1,41,4666.62,Shipped,4100,1
Singapore,Singapore,Medium,1,127,2004,Qtr 2,June,15,9,10259,100,S24_2300,Trucks and Buses,1,47,5285.62,Shipped,4700,1
Singapore,Singapore,Medium,1,96,2004,Qtr 2,June,15,11,10259,86.68,S32_1268,Trucks and Buses,1,45,3900.6,Shipped,3900.6000000000004,1
Singapore,Singapore,Medium,1,115,2004,Qtr 2,June,15,2,10259,100,S50_1392,Trucks and Buses,1,29,3054.57,Shipped,2900,1
Singapore,Singapore,Medium,1,115,2004,Qtr 3,August,4,1,10277,100,S12_4675,Classic Cars,1,28,3127.88,Shipped,2800,1
Singapore,Singapore,Medium,1,170,2004,Qtr 3,September,1,5,10288,100,S18_1749,Vintage Cars,1,32,5875.2,Shipped,3200,1
Singapore,Singapore,Medium,1,127,2004,Qtr 3,September,1,2,10288,100,S18_2325,Vintage Cars,1,31,3822.92,Shipped,3100,1
Singapore,Singapore,Medium,1,117,2004,Qtr 3,September,1,8,10288,100,S24_2887,Classic Cars,1,48,6539.04,Shipped,4800,1
Singapore,Singapore,Medium,1,107,2004,Qtr 3,September,1,12,10288,100,S24_3432,Classic Cars,1,41,4873.26,Shipped,4100,1
Singapore,Singapore,Medium,1,99,2005,Qtr 1,March,2,1,10387,94.9,S32_1374,Motorcycles,1,44,4175.6,Shipped,4175.6,1
Singapore,Singapore,Small,1,100,2003,Qtr 2,April,16,7,10117,95.8,S18_3259,Trains,1,21,2011.8,Shipped,2011.8,1
Singapore,Singapore,Small,1,143,2003,Qtr 2,April,16,12,10117,100,S18_4027,Classic Cars,1,22,2780.58,Shipped,2200,1
Singapore,Singapore,Small,1,87,2003,Qtr 2,April,16,4,10117,97.42,S18_4522,Vintage Cars,1,23,2240.66,Shipped,2240.66,1
Singapore,Singapore,Small,1,58,2003,Qtr 2,April,16,11,10117,49.21,S50_1514,Trains,1,21,1033.41,Shipped,1033.41,1
Singapore,Singapore,Small,1,54,2003,Qtr 2,April,16,2,10117,43.68,S72_3212,Ships,1,50,2184,Shipped,2184,1
Singapore,Singapore,Small,1,62,2003,Qtr 3,September,19,11,10150,49.97,S18_2957,Vintage Cars,1,30,1499.1,Shipped,1499.1,1
Singapore,Singapore,Small,1,104,2003,Qtr 3,September,19,10,10150,100,S18_3136,Vintage Cars,1,26,2804.36,Shipped,2600,1
Singapore,Singapore,Small,1,50,2003,Qtr 3,September,19,6,10150,42.76,S18_4668,Vintage Cars,1,30,1282.8,Shipped,1282.8,1
Singapore,Singapore,Small,1,64,2003,Qtr 3,September,19,4,10150,58.18,S32_3522,Trucks and Buses,1,49,2850.82,Shipped,2850.82,1
Singapore,Singapore,Small,1,101,2003,Qtr 3,September,19,3,10150,100,S700_2824,Classic Cars,1,20,2104,Shipped,2000,1
Singapore,Singapore,Small,1,60,2003,Qtr 4,October,22,18,10165,71.1,S18_2432,Trucks and Buses,1,31,2204.1,Shipped,2204.1,1
Singapore,Singapore,Small,1,57,2003,Qtr 4,October,22,9,10165,69.36,S24_1444,Classic Cars,1,25,1734,Shipped,1734,1
Singapore,Singapore,Small,1,35,2003,Qtr 4,October,22,13,10165,31.82,S24_2840,Classic Cars,1,27,859.14,Shipped,859.14,1
Singapore,Singapore,Small,1,118,2003,Qtr 4,October,22,8,10165,99.36,S24_4048,Classic Cars,1,24,2384.64,Shipped,2384.64,1
Singapore,Singapore,Small,1,54,2003,Qtr 4,October,22,14,10165,45.99,S32_2509,Trucks and Buses,1,48,2207.52,Shipped,2207.52,1
Singapore,Singapore,Small,1,62,2003,Qtr 4,October,22,7,10165,53.44,S32_3207,Trains,1,44,2351.36,Shipped,2351.3599999999997,1
Singapore,Singapore,Small,1,58,2003,Qtr 4,October,22,5,10165,66.78,S50_1514,Trains,1,38,2537.64,Shipped,2537.64,1
Singapore,Singapore,Small,1,60,2004,Qtr 1,February,4,2,10217,61.38,S18_2432,Trucks and Buses,1,35,2148.3,Shipped,2148.3,1
Singapore,Singapore,Small,1,96,2004,Qtr 1,February,4,3,10217,100,S32_1268,Trucks and Buses,1,21,2244.9,Shipped,2100,1
Singapore,Singapore,Small,1,64,2004,Qtr 1,February,4,7,10217,62.05,S32_3522,Trucks and Buses,1,39,2419.95,Shipped,2419.95,1
Singapore,Singapore,Small,1,101,2004,Qtr 1,February,4,6,10217,88,S700_2824,Classic Cars,1,31,2728,Shipped,2728,1
Singapore,Singapore,Small,1,60,2004,Qtr 2,June,15,10,10259,49.22,S18_2432,Trucks and Buses,1,30,1476.6,Shipped,1476.6,1
Singapore,Singapore,Small,1,57,2004,Qtr 2,June,15,1,10259,46.82,S24_1444,Classic Cars,1,28,1310.96,Shipped,1310.96,1
Singapore,Singapore,Small,1,35,2004,Qtr 2,June,15,5,10259,33.24,S24_2840,Classic Cars,1,31,1030.44,Shipped,1030.44,1
Singapore,Singapore,Small,1,54,2004,Qtr 2,June,15,6,10259,43.83,S32_2509,Trucks and Buses,1,40,1753.2,Shipped,1753.1999999999998,1
Singapore,Singapore,Small,1,124,2004,Qtr 3,September,1,14,10288,100,S18_1589,Classic Cars,1,20,2936.8,Shipped,2000,1
Singapore,Singapore,Small,1,60,2004,Qtr 3,September,1,4,10288,61.75,S18_2248,Vintage Cars,1,28,1729,Shipped,1729,1
Singapore,Singapore,Small,1,92,2004,Qtr 3,September,1,6,10288,80.99,S18_4409,Vintage Cars,1,35,2834.65,Shipped,2834.6499999999996,1
Singapore,Singapore,Small,1,71,2004,Qtr 3,September,1,7,10288,73.41,S18_4933,Classic Cars,1,23,1688.43,Shipped,1688.4299999999998,1
Singapore,Singapore,Small,1,73,2004,Qtr 3,September,1,11,10288,66.14,S24_1046,Classic Cars,1,36,2381.04,Shipped,2381.04,1
Singapore,Singapore,Small,1,50,2004,Qtr 3,September,1,13,10288,52.32,S24_1628,Classic Cars,1,50,2616,Shipped,2616,1
Singapore,Singapore,Small,1,33,2004,Qtr 3,September,1,1,10288,38.17,S24_1937,Vintage Cars,1,29,1106.93,Shipped,1106.93,1
Singapore,Singapore,Small,1,90,2004,Qtr 3,September,1,9,10288,80.87,S24_2766,Classic Cars,1,35,2830.45,Shipped,2830.4500000000003,1
Singapore,Singapore,Small,1,85,2004,Qtr 3,September,1,10,10288,68.49,S24_3191,Classic Cars,1,34,2328.66,Shipped,2328.66,1
Singapore,Singapore,Small,1,41,2004,Qtr 3,September,1,3,10288,40.62,S24_3969,Vintage Cars,1,33,1340.46,Shipped,1340.4599999999998,1
Singapore,Singapore,Small,1,127,2005,Qtr 2,April,23,2,10409,100,S18_2325,Vintage Cars,1,6,785.64,Shipped,600,1
Singapore,Singapore,Small,1,33,2005,Qtr 2,April,23,1,10409,29.54,S24_1937,Vintage Cars,1,61,1801.94,Shipped,1801.94,1
Spain,Barcelona,Medium,1,100,2003,Qtr 2,April,21,1,10118,100,S700_3505,Ships,1,36,4219.2,Shipped,3600,1
Spain,Barcelona,Medium,1,136,2003,Qtr 4,November,26,6,10197,100,S10_4757,Classic Cars,1,45,5324.4,Shipped,4500,1
Spain,Barcelona,Medium,1,86,2003,Qtr 4,November,26,4,10197,87.74,S18_3029,Ships,1,46,4036.04,Shipped,4036.04,1
Spain,Barcelona,Medium,1,87,2003,Qtr 4,November,26,14,10197,100,S18_4522,Vintage Cars,1,50,5090.5,Shipped,5000,1
Spain,Barcelona,Medium,1,122,2003,Qtr 4,November,26,13,10197,100,S24_2011,Ships,1,41,4534.6,Shipped,4100,1
Spain,Barcelona,Medium,1,88,2003,Qtr 4,November,26,8,10197,83.2,S24_3151,Vintage Cars,1,47,3910.4,Shipped,3910.4,1
Spain,Barcelona,Medium,1,72,2003,Qtr 4,November,26,7,10197,78.79,S700_2610,Ships,1,50,3939.5,Shipped,3939.5000000000005,1
Spain,Barcelona,Medium,1,99,2003,Qtr 4,November,26,11,10197,93.35,S700_3962,Ships,1,35,3267.25,Shipped,3267.25,1
Spain,Barcelona,Medium,1,76,2004,Qtr 4,November,24,8,10340,79.98,S24_2000,Motorcycles,1,55,4398.9,Shipped,4398.900000000001,1
Spain,Barcelona,Medium,1,72,2004,Qtr 4,November,24,1,10340,84.77,S24_4278,Planes,1,40,3390.8,Shipped,3390.7999999999997,1
Spain,Barcelona,Medium,1,99,2004,Qtr 4,November,24,2,10340,100,S32_1374,Motorcycles,1,55,6482.85,Shipped,5500,1
Spain,Barcelona,Medium,1,99,2004,Qtr 4,November,24,7,10340,87.75,S700_2466,Planes,1,55,4826.25,Shipped,4826.25,1
Spain,Barcelona,Medium,1,118,2004,Qtr 4,November,24,6,10340,100,S700_2834,Planes,1,29,4094.51,Shipped,2900,1
Spain,Barcelona,Small,1,105,2003,Qtr 4,November,26,3,10197,100,S18_3856,Vintage Cars,1,22,2538.8,Shipped,2200,1
Spain,Barcelona,Small,1,83,2003,Qtr 4,November,26,5,10197,86.38,S24_3816,Vintage Cars,1,22,1900.36,Shipped,1900.36,1
Spain,Barcelona,Small,1,66,2003,Qtr 4,November,26,9,10197,64.67,S700_1138,Ships,1,23,1487.41,Shipped,1487.41,1
Spain,Barcelona,Small,1,90,2003,Qtr 4,November,26,2,10197,90.52,S700_2047,Ships,1,24,2172.48,Shipped,2172.48,1
Spain,Barcelona,Small,1,100,2003,Qtr 4,November,26,10,10197,92.16,S700_3505,Ships,1,27,2488.32,Shipped,2488.3199999999997,1
Spain,Barcelona,Small,1,49,2003,Qtr 4,November,26,1,10197,41.71,S72_1253,Planes,1,29,1209.59,Shipped,1209.59,1
Spain,Barcelona,Small,1,54,2003,Qtr 4,November,26,12,10197,50.23,S72_3212,Ships,1,42,2109.66,Shipped,2109.66,1
Spain,Barcelona,Small,1,68,2004,Qtr 4,November,24,3,10340,59.16,S32_4289,Vintage Cars,1,39,2307.24,Shipped,2307.24,1
Spain,Barcelona,Small,1,43,2004,Qtr 4,November,24,4,10340,50.62,S50_1341,Vintage Cars,1,40,2024.8,Shipped,2024.8,1
Spain,Barcelona,Small,1,91,2004,Qtr 4,November,24,5,10340,88.6,S700_1691,Planes,1,30,2658,Shipped,2658,1
Spain,Madrid,Large,1,214,2003,Qtr 2,May,28,11,10126,100,S10_1949,Classic Cars,1,38,7329.06,Shipped,3800,1
Spain,Madrid,Large,1,121,2003,Qtr 2,May,28,5,10126,100,S18_4600,Trucks and Buses,1,50,7083,Shipped,5000,1
Spain,Madrid,Large,1,173,2003,Qtr 3,September,28,10,10153,100,S12_3891,Classic Cars,1,49,7036.89,Shipped,4900,1
Spain,Madrid,Large,1,169,2003,Qtr 4,December,2,1,10203,100,S18_3232,Classic Cars,1,48,8291.04,Shipped,4800,1
Spain,Madrid,Large,1,168,2003,Qtr 4,December,3,3,10205,100,S18_2795,Vintage Cars,1,40,7492.4,Shipped,4000,1
Spain,Madrid,Large,1,168,2004,Qtr 1,January,26,1,10214,100,S18_2795,Vintage Cars,1,50,9534.5,Shipped,5000,1
Spain,Madrid,Large,1,207,2004,Qtr 1,March,19,2,10231,100,S12_1108,Classic Cars,1,42,8378.58,Shipped,4200,1
Spain,Madrid,Large,1,169,2004,Qtr 2,May,5,9,10246,100,S18_3232,Classic Cars,1,36,7132.68,Shipped,3600,1
Spain,Madrid,Large,1,50,2004,Qtr 4,November,1,6,10348,100,S18_4668,Vintage Cars,1,29,7110.8,Shipped,2900,1
Spain,Madrid,Large,1,169,2005,Qtr 2,May,3,9,10412,100,S18_3232,Classic Cars,1,60,11887.8,Shipped,6000,1
Spain,Madrid,Large,1,127,2005,Qtr 2,May,3,10,10412,100,S24_2300,Trucks and Buses,1,70,8498,Shipped,7000,1
Spain,Madrid,Large,1,95,2005,Qtr 2,May,13,2,10417,100,S10_1678,Motorcycles,1,66,7516.08,Disputed,6600,1
Spain,Madrid,Large,1,193,2005,Qtr 2,May,13,4,10417,100,S10_4698,Motorcycles,1,56,9218.16,Disputed,5600,1
Spain,Madrid,Large,1,214,2005,Qtr 2,May,31,6,10424,100,S10_1949,Classic Cars,1,50,12001,In Process,5000,1
Spain,Madrid,Large,1,136,2005,Qtr 2,May,31,3,10424,100,S12_1666,Trucks and Buses,1,49,7969.36,In Process,4900,1
Spain,Madrid,Large,1,116,2005,Qtr 2,May,31,5,10424,100,S18_1097,Trucks and Buses,1,54,7182,In Process,5400,1
Spain,Madrid,Medium,1,151,2003,Qtr 1,January,31,1,10104,100,S12_3148,Classic Cars,1,34,5958.5,Shipped,3400,1
Spain,Madrid,Medium,1,118,2003,Qtr 1,January,31,9,10104,100,S12_4473,Trucks and Buses,1,41,4615.78,Shipped,4100,1
Spain,Madrid,Medium,1,163,2003,Qtr 1,January,31,8,10104,100,S18_2238,Classic Cars,1,24,3457.92,Shipped,2400,1
Spain,Madrid,Medium,1,122,2003,Qtr 1,January,31,12,10104,100,S18_2319,Trucks and Buses,1,29,3772.61,Shipped,2900,1
Spain,Madrid,Medium,1,169,2003,Qtr 1,January,31,13,10104,100,S18_3232,Classic Cars,1,23,4556.99,Shipped,2300,1
Spain,Madrid,Medium,1,143,2003,Qtr 1,January,31,3,10104,100,S18_4027,Classic Cars,1,38,5348.5,Shipped,3800,1
Spain,Madrid,Medium,1,62,2003,Qtr 1,January,31,4,10104,65.87,S32_3207,Trains,1,49,3227.63,Shipped,3227.63,1
Spain,Madrid,Medium,1,115,2003,Qtr 1,January,31,7,10104,100,S50_1392,Trucks and Buses,1,33,3705.24,Shipped,3300,1
Spain,Madrid,Medium,1,147,2003,Qtr 2,May,28,4,10126,100,S10_4962,Classic Cars,1,22,3347.74,Shipped,2200,1
Spain,Madrid,Medium,1,116,2003,Qtr 2,May,28,10,10126,100,S18_1097,Trucks and Buses,1,38,3857,Shipped,3800,1
Spain,Madrid,Medium,1,62,2003,Qtr 2,May,28,14,10126,73.7,S18_2957,Vintage Cars,1,46,3390.2,Shipped,3390.2000000000003,1
Spain,Madrid,Medium,1,99,2003,Qtr 2,May,28,16,10126,82.34,S18_3320,Vintage Cars,1,38,3128.92,Shipped,3128.92,1
Spain,Madrid,Medium,1,127,2003,Qtr 2,May,28,1,10126,100,S24_2300,Trucks and Buses,1,27,3415.77,Shipped,2700,1
Spain,Madrid,Medium,1,97,2003,Qtr 2,May,28,15,10126,100,S24_4258,Vintage Cars,1,34,3576.12,Shipped,3400,1
Spain,Madrid,Medium,1,96,2003,Qtr 2,May,28,3,10126,96.31,S32_1268,Trucks and Buses,1,43,4141.33,Shipped,4141.33,1
Spain,Madrid,Medium,1,101,2003,Qtr 2,May,28,6,10126,100,S700_2824,Classic Cars,1,45,4597.2,Shipped,4500,1
Spain,Madrid,Medium,1,136,2003,Qtr 2,June,6,2,10128,100,S18_3140,Vintage Cars,1,41,5544.02,Shipped,4100,1
Spain,Madrid,Medium,1,100,2003,Qtr 2,June,6,4,10128,100,S18_3259,Trains,1,41,4837.18,Shipped,4100,1
Spain,Madrid,Medium,1,87,2003,Qtr 2,June,6,1,10128,92.16,S18_4522,Vintage Cars,1,43,3962.88,Shipped,3962.8799999999997,1
Spain,Madrid,Medium,1,86,2003,Qtr 2,June,6,3,10128,97,S700_1938,Ships,1,32,3104,Shipped,3104,1
Spain,Madrid,Medium,1,84,2003,Qtr 2,June,27,3,10133,69.27,S18_2581,Planes,1,49,3394.23,Shipped,3394.23,1
Spain,Madrid,Medium,1,109,2003,Qtr 2,June,27,5,10133,94.1,S24_1785,Planes,1,41,3858.1,Shipped,3858.1,1
Spain,Madrid,Medium,1,72,2003,Qtr 2,June,27,4,10133,77.52,S24_4278,Planes,1,46,3565.92,Shipped,3565.9199999999996,1
Spain,Madrid,Medium,1,207,2003,Qtr 3,September,28,11,10153,100,S12_1108,Classic Cars,1,20,4904,Shipped,2000,1
Spain,Madrid,Medium,1,151,2003,Qtr 3,September,28,12,10153,100,S12_3148,Classic Cars,1,42,5393.64,Shipped,4200,1
Spain,Madrid,Medium,1,136,2003,Qtr 3,September,28,7,10153,100,S18_3140,Vintage Cars,1,31,3641.57,Shipped,3100,1
Spain,Madrid,Medium,1,122,2003,Qtr 3,September,28,5,10153,100,S24_2011,Ships,1,40,5456.4,Shipped,4000,1
Spain,Madrid,Medium,1,100,2003,Qtr 3,September,28,2,10153,88.15,S700_3505,Ships,1,50,4407.5,Shipped,4407.5,1
Spain,Madrid,Medium,1,54,2003,Qtr 3,September,28,4,10153,60.06,S72_3212,Ships,1,50,3003,Shipped,3003,1
Spain,Madrid,Medium,1,91,2003,Qtr 4,October,8,2,10156,100,S700_1691,Planes,1,48,4954.08,Shipped,4800,1
Spain,Madrid,Medium,1,136,2003,Qtr 4,November,7,9,10177,100,S18_3140,Vintage Cars,1,23,3675.63,Shipped,2300,1
Spain,Madrid,Medium,1,100,2003,Qtr 4,November,7,11,10177,100,S18_3259,Trains,1,29,3070.52,Shipped,2900,1
Spain,Madrid,Medium,1,122,2003,Qtr 4,November,7,7,10177,100,S24_2011,Ships,1,50,6083,Shipped,5000,1
Spain,Madrid,Medium,1,88,2003,Qtr 4,November,7,2,10177,72.58,S24_3151,Vintage Cars,1,45,3266.1,Shipped,3266.1,1
Spain,Madrid,Medium,1,100,2003,Qtr 4,November,7,4,10177,92.16,S700_3505,Ships,1,44,4055.04,Shipped,4055.04,1
Spain,Madrid,Medium,1,69,2003,Qtr 4,November,19,3,10190,76.19,S24_2360,Motorcycles,1,42,3199.98,Shipped,3199.98,1
Spain,Madrid,Medium,1,102,2003,Qtr 4,November,19,4,10190,85.72,S32_4485,Motorcycles,1,42,3600.24,Shipped,3600.24,1
Spain,Madrid,Medium,1,194,2003,Qtr 4,December,2,8,10203,100,S12_1099,Classic Cars,1,20,3930.4,Shipped,2000,1
Spain,Madrid,Medium,1,79,2003,Qtr 4,December,2,9,10203,82.99,S12_3990,Classic Cars,1,44,3651.56,Shipped,3651.56,1
Spain,Madrid,Medium,1,115,2003,Qtr 4,December,2,5,10203,100,S12_4675,Classic Cars,1,47,5195.85,Shipped,4700,1
Spain,Madrid,Medium,1,77,2003,Qtr 4,December,2,4,10203,85.47,S18_1889,Classic Cars,1,45,3846.15,Shipped,3846.15,1
Spain,Madrid,Medium,1,146,2003,Qtr 4,December,2,10,10203,100,S18_3482,Classic Cars,1,32,5127.04,Shipped,3200,1
Spain,Madrid,Medium,1,140,2003,Qtr 4,December,2,3,10203,100,S24_3856,Classic Cars,1,47,6996.42,Shipped,4700,1
Spain,Madrid,Medium,1,102,2003,Qtr 4,December,3,2,10205,100,S18_1342,Vintage Cars,1,36,3735.72,Shipped,3600,1
Spain,Madrid,Medium,1,53,2003,Qtr 4,December,3,1,10205,63.61,S18_1367,Vintage Cars,1,48,3053.28,Shipped,3053.2799999999997,1
Spain,Madrid,Medium,1,117,2004,Qtr 1,January,16,16,10212,100,S12_3380,Classic Cars,1,39,4946.76,Shipped,3900,1
Spain,Madrid,Medium,1,115,2004,Qtr 1,January,16,15,10212,100,S12_4675,Classic Cars,1,33,4180.44,Shipped,3300,1
Spain,Madrid,Medium,1,141,2004,Qtr 1,January,16,10,10212,100,S18_1129,Classic Cars,1,29,4186.73,Shipped,2900,1
Spain,Madrid,Medium,1,124,2004,Qtr 1,January,16,6,10212,100,S18_1589,Classic Cars,1,38,4492.36,Shipped,3800,1
Spain,Madrid,Medium,1,142,2004,Qtr 1,January,16,9,10212,100,S18_1984,Classic Cars,1,41,4840.87,Shipped,4100,1
Spain,Madrid,Medium,1,132,2004,Qtr 1,January,16,7,10212,100,S18_2870,Classic Cars,1,40,4910.4,Shipped,4000,1
Spain,Madrid,Medium,1,169,2004,Qtr 1,January,16,11,10212,100,S18_3232,Classic Cars,1,40,5554.4,Shipped,4000,1
Spain,Madrid,Medium,1,141,2004,Qtr 1,January,16,8,10212,100,S18_3685,Classic Cars,1,45,6357.6,Shipped,4500,1
Spain,Madrid,Medium,1,73,2004,Qtr 1,January,16,3,10212,82.31,S24_1046,Classic Cars,1,41,3374.71,Shipped,3374.71,1
Spain,Madrid,Medium,1,90,2004,Qtr 1,January,16,1,10212,88.14,S24_2766,Classic Cars,1,45,3966.3,Shipped,3966.3,1
Spain,Madrid,Medium,1,107,2004,Qtr 1,January,16,4,10212,87.81,S24_3432,Classic Cars,1,46,4039.26,Shipped,4039.26,1
Spain,Madrid,Medium,1,140,2004,Qtr 1,January,16,13,10212,100,S24_3856,Classic Cars,1,49,6949.67,Shipped,4900,1
Spain,Madrid,Medium,1,170,2004,Qtr 1,January,26,7,10214,100,S18_1749,Vintage Cars,1,30,5967,Shipped,3000,1
Spain,Madrid,Medium,1,127,2004,Qtr 1,January,26,4,10214,100,S18_2325,Vintage Cars,1,27,3604.23,Shipped,2700,1
Spain,Madrid,Medium,1,173,2004,Qtr 1,March,19,1,10231,100,S12_3891,Classic Cars,1,49,6952.12,Shipped,4900,1
Spain,Madrid,Medium,1,102,2004,Qtr 2,April,29,7,10244,100,S18_1342,Vintage Cars,1,40,4684.8,Shipped,4000,1
Spain,Madrid,Medium,1,168,2004,Qtr 2,April,29,8,10244,100,S18_2795,Vintage Cars,1,43,5950.34,Shipped,4300,1
Spain,Madrid,Medium,1,101,2004,Qtr 2,April,29,1,10244,100,S18_2949,Vintage Cars,1,30,3525.6,Shipped,3000,1
Spain,Madrid,Medium,1,104,2004,Qtr 2,April,29,2,10244,100,S18_3136,Vintage Cars,1,29,3340.51,Shipped,2900,1
Spain,Madrid,Medium,1,99,2004,Qtr 2,April,29,5,10244,84.33,S18_3320,Vintage Cars,1,36,3035.88,Shipped,3035.88,1
Spain,Madrid,Medium,1,97,2004,Qtr 2,April,29,4,10244,86.68,S24_4258,Vintage Cars,1,40,3467.2,Shipped,3467.2000000000003,1
Spain,Madrid,Medium,1,118,2004,Qtr 2,May,5,5,10246,100,S12_4473,Trucks and Buses,1,46,5069.66,Shipped,4600,1
Spain,Madrid,Medium,1,163,2004,Qtr 2,May,5,4,10246,100,S18_2238,Classic Cars,1,40,6549.2,Shipped,4000,1
Spain,Madrid,Medium,1,127,2004,Qtr 2,May,5,10,10246,100,S24_2300,Trucks and Buses,1,29,3520.6,Shipped,2900,1
Spain,Madrid,Medium,1,118,2004,Qtr 2,May,5,1,10246,100,S24_4048,Classic Cars,1,46,6311.2,Shipped,4600,1
Spain,Madrid,Medium,1,157,2004,Qtr 2,June,24,9,10262,100,S18_1662,Planes,1,49,6567.96,Cancelled,4900,1
Spain,Madrid,Medium,1,105,2004,Qtr 2,June,24,14,10262,100,S18_3856,Vintage Cars,1,34,4103.46,Cancelled,3400,1
Spain,Madrid,Medium,1,109,2004,Qtr 2,June,24,1,10262,97.38,S24_1785,Planes,1,34,3310.92,Cancelled,3310.92,1
Spain,Madrid,Medium,1,65,2004,Qtr 2,June,24,11,10262,70.35,S24_3420,Vintage Cars,1,46,3236.1,Cancelled,3236.1,1
Spain,Madrid,Medium,1,83,2004,Qtr 2,June,24,16,10262,87.21,S24_3816,Vintage Cars,1,49,4273.29,Cancelled,4273.29,1
Spain,Madrid,Medium,1,68,2004,Qtr 2,June,24,2,10262,79.11,S32_4289,Vintage Cars,1,40,3164.4,Cancelled,3164.4,1
Spain,Madrid,Medium,1,91,2004,Qtr 2,June,24,4,10262,84.03,S700_1691,Planes,1,40,3361.2,Cancelled,3361.2,1
Spain,Madrid,Medium,1,90,2004,Qtr 2,June,24,13,10262,94.14,S700_2047,Ships,1,44,4142.16,Cancelled,4142.16,1
Spain,Madrid,Medium,1,90,2004,Qtr 3,August,9,3,10279,79.97,S24_2766,Classic Cars,1,49,3918.53,Shipped,3918.5299999999997,1
Spain,Madrid,Medium,1,117,2004,Qtr 3,August,9,2,10279,100,S24_2887,Classic Cars,1,48,5580.96,Shipped,4800,1
Spain,Madrid,Medium,1,107,2004,Qtr 3,August,9,6,10279,100,S24_3432,Classic Cars,1,48,6168,Shipped,4800,1
Spain,Madrid,Medium,1,132,2004,Qtr 4,October,16,10,10311,100,S18_2870,Classic Cars,1,43,5278.68,Shipped,4300,1
Spain,Madrid,Medium,1,141,2004,Qtr 4,October,16,11,10311,100,S18_3685,Classic Cars,1,32,3616.64,Shipped,3200,1
Spain,Madrid,Medium,1,92,2004,Qtr 4,October,16,1,10311,81.91,S18_4409,Vintage Cars,1,41,3358.31,Shipped,3358.31,1
Spain,Madrid,Medium,1,117,2004,Qtr 4,October,16,3,10311,100,S24_2887,Classic Cars,1,43,4595.41,Shipped,4300,1
Spain,Madrid,Medium,1,107,2004,Qtr 4,October,16,7,10311,92.09,S24_3432,Classic Cars,1,46,4236.14,Shipped,4236.14,1
Spain,Madrid,Medium,1,151,2004,Qtr 4,November,1,4,10348,100,S12_3148,Classic Cars,1,47,4801.52,Shipped,4700,1
Spain,Madrid,Medium,1,127,2004,Qtr 4,November,1,1,10348,100,S24_2300,Trucks and Buses,1,37,5981.42,Shipped,3700,1
Spain,Madrid,Medium,1,96,2004,Qtr 4,November,1,3,10348,100,S32_1268,Trucks and Buses,1,42,6386.94,Shipped,4200,1
Spain,Madrid,Medium,1,64,2004,Qtr 4,November,1,5,10348,100,S32_3522,Trucks and Buses,1,31,3139.99,Shipped,3100,1
Spain,Madrid,Medium,1,136,2004,Qtr 4,December,2,1,10350,100,S18_3140,Vintage Cars,1,44,5191.12,Shipped,4400,1
Spain,Madrid,Medium,1,100,2004,Qtr 4,December,2,2,10350,93.04,S18_3259,Trains,1,41,3814.64,Shipped,3814.6400000000003,1
Spain,Madrid,Medium,1,87,2004,Qtr 4,December,2,3,10350,100,S18_4522,Vintage Cars,1,30,3023.1,Shipped,3000,1
Spain,Madrid,Medium,1,88,2004,Qtr 4,December,2,9,10350,100,S24_3151,Vintage Cars,1,30,3021,Shipped,3000,1
Spain,Madrid,Medium,1,62,2004,Qtr 4,December,2,14,10350,100,S32_3207,Trains,1,27,4406.4,Shipped,2700,1
Spain,Madrid,Medium,1,58,2004,Qtr 4,December,2,17,10350,100,S50_1514,Trains,1,44,6490.88,Shipped,4400,1
Spain,Madrid,Medium,1,66,2004,Qtr 4,December,2,11,10350,76.67,S700_1138,Ships,1,46,3526.82,Shipped,3526.82,1
Spain,Madrid,Medium,1,146,2004,Qtr 4,December,7,7,10355,100,S18_3482,Classic Cars,1,23,3177.91,Shipped,2300,1
Spain,Madrid,Medium,1,148,2004,Qtr 4,December,7,2,10355,100,S18_4721,Classic Cars,1,25,4203.5,Shipped,2500,1
Spain,Madrid,Medium,1,140,2004,Qtr 4,December,7,8,10355,100,S24_3856,Classic Cars,1,32,5302.72,Shipped,3200,1
Spain,Madrid,Medium,1,102,2004,Qtr 4,December,7,5,10355,100,S32_4485,Motorcycles,1,40,4326.8,Shipped,4000,1
Spain,Madrid,Medium,1,50,2004,Qtr 4,December,10,8,10358,100,S18_4668,Vintage Cars,1,30,5302.8,Shipped,3000,1
Spain,Madrid,Medium,1,127,2004,Qtr 4,December,10,7,10358,100,S24_2300,Trucks and Buses,1,41,5684.65,Shipped,4100,1
Spain,Madrid,Medium,1,97,2004,Qtr 4,December,10,6,10358,100,S24_4258,Vintage Cars,1,41,6847,Shipped,4100,1
Spain,Madrid,Medium,1,96,2004,Qtr 4,December,10,1,10358,100,S32_1268,Trucks and Buses,1,41,4428,Shipped,4100,1
Spain,Madrid,Medium,1,64,2004,Qtr 4,December,10,2,10358,100,S32_3522,Trucks and Buses,1,36,5669.64,Shipped,3600,1
Spain,Madrid,Medium,1,101,2004,Qtr 4,December,10,3,10358,100,S700_2824,Classic Cars,1,27,3761.37,Shipped,2700,1
Spain,Madrid,Medium,1,170,2005,Qtr 1,February,10,2,10379,100,S18_1749,Vintage Cars,1,39,5399.55,Shipped,3900,1
Spain,Madrid,Medium,1,132,2005,Qtr 1,February,10,5,10379,100,S18_2870,Classic Cars,1,29,5127.2,Shipped,2900,1
Spain,Madrid,Medium,1,146,2005,Qtr 1,February,10,10,10378,96.49,S18_3482,Classic Cars,1,43,4149.07,Shipped,4149.07,1
Spain,Madrid,Medium,1,62,2005,Qtr 1,February,10,9,10378,100,S18_3782,Motorcycles,1,28,4609.64,Shipped,2800,1
Spain,Madrid,Medium,1,148,2005,Qtr 1,February,10,8,10378,67.14,S18_4721,Classic Cars,1,49,3289.86,Shipped,3289.86,1
Spain,Madrid,Medium,1,50,2005,Qtr 1,February,10,3,10379,100,S24_1628,Classic Cars,1,32,3970.56,Shipped,3200,1
Spain,Madrid,Medium,1,37,2005,Qtr 1,February,10,7,10378,100,S24_2972,Classic Cars,1,41,5856.85,Shipped,4100,1
Spain,Madrid,Medium,1,80,2005,Qtr 1,February,10,2,10378,100,S24_4620,Classic Cars,1,41,4894.17,Shipped,4100,1
Spain,Madrid,Medium,1,40,2005,Qtr 1,February,10,1,10378,82.46,S32_2206,Motorcycles,1,40,3298.4,Shipped,3298.3999999999996,1
Spain,Madrid,Medium,1,127,2005,Qtr 1,February,16,10,10380,100,S18_2325,Vintage Cars,1,40,4931.6,Shipped,4000,1
Spain,Madrid,Medium,1,92,2005,Qtr 1,February,16,1,10380,100,S18_4409,Vintage Cars,1,32,3376.64,Shipped,3200,1
Spain,Madrid,Medium,1,71,2005,Qtr 1,February,16,2,10380,100,S18_4933,Classic Cars,1,24,4536,Shipped,2400,1
Spain,Madrid,Medium,1,73,2005,Qtr 1,February,16,3,10380,100,S24_1046,Classic Cars,1,34,3441.82,Shipped,3400,1
Spain,Madrid,Medium,1,85,2005,Qtr 1,February,16,9,10380,79.06,S24_3191,Classic Cars,1,44,3478.64,Shipped,3478.6400000000003,1
Spain,Madrid,Medium,1,107,2005,Qtr 1,February,16,11,10380,100,S24_3432,Classic Cars,1,34,3953.18,Shipped,3400,1
Spain,Madrid,Medium,1,41,2005,Qtr 1,February,16,12,10380,95.03,S24_3969,Vintage Cars,1,43,4086.29,Shipped,4086.29,1
Spain,Madrid,Medium,1,122,2005,Qtr 1,February,22,11,10383,100,S18_2319,Trucks and Buses,1,27,3843.99,Shipped,2700,1
Spain,Madrid,Medium,1,169,2005,Qtr 1,February,22,6,10383,100,S18_3232,Classic Cars,1,47,6869.05,Shipped,4700,1
Spain,Madrid,Medium,1,100,2005,Qtr 1,February,22,12,10383,100,S18_3259,Trains,1,26,3340.48,Shipped,2600,1
Spain,Madrid,Medium,1,143,2005,Qtr 1,February,22,1,10383,100,S18_4027,Classic Cars,1,38,5340.9,Shipped,3800,1
Spain,Madrid,Medium,1,35,2005,Qtr 1,February,22,3,10383,100,S24_2840,Classic Cars,1,40,6089.6,Shipped,4000,1
Spain,Madrid,Medium,1,115,2005,Qtr 1,February,22,13,10383,100,S50_1392,Trucks and Buses,1,29,3087.05,Shipped,2900,1
Spain,Madrid,Medium,1,86,2005,Qtr 1,March,1,5,10386,93.01,S18_3029,Ships,1,37,3441.37,Resolved,3441.3700000000003,1
Spain,Madrid,Medium,1,68,2005,Qtr 1,March,1,12,10386,73.32,S24_3949,Planes,1,41,3006.12,Resolved,3006.12,1
Spain,Madrid,Medium,1,72,2005,Qtr 1,March,1,8,10386,63.34,S24_4278,Planes,1,50,3167,Resolved,3167,1
Spain,Madrid,Medium,1,99,2005,Qtr 1,March,1,14,10386,83.84,S700_2466,Planes,1,37,3102.08,Resolved,3102.08,1
Spain,Madrid,Medium,1,72,2005,Qtr 1,March,1,10,10386,100,S700_2610,Ships,1,37,5017.57,Resolved,3700,1
Spain,Madrid,Medium,1,80,2005,Qtr 1,March,1,17,10386,94.34,S700_3167,Planes,1,32,3018.88,Resolved,3018.88,1
Spain,Madrid,Medium,1,100,2005,Qtr 1,March,1,2,10386,92.08,S700_3505,Ships,1,45,4143.6,Resolved,4143.6,1
Spain,Madrid,Medium,1,74,2005,Qtr 1,March,1,15,10386,86.4,S700_4002,Planes,1,44,3801.6,Resolved,3801.6000000000004,1
Spain,Madrid,Medium,1,49,2005,Qtr 1,March,1,16,10386,87.15,S72_1253,Planes,1,50,4357.5,Resolved,4357.5,1
Spain,Madrid,Medium,1,54,2005,Qtr 1,March,1,4,10386,100,S72_3212,Ships,1,43,5417.57,Resolved,4300,1
Spain,Madrid,Medium,1,169,2005,Qtr 1,March,15,5,10394,100,S18_3232,Classic Cars,1,22,3353.02,Shipped,2200,1
Spain,Madrid,Medium,1,143,2005,Qtr 1,March,15,1,10394,100,S18_4027,Classic Cars,1,37,6376.58,Shipped,3700,1
Spain,Madrid,Medium,1,118,2005,Qtr 1,March,15,7,10394,100,S24_4048,Classic Cars,1,37,5207.75,Shipped,3700,1
Spain,Madrid,Medium,1,118,2005,Qtr 2,May,3,5,10412,100,S12_4473,Trucks and Buses,1,54,5951.34,Shipped,5400,1
Spain,Madrid,Medium,1,163,2005,Qtr 2,May,3,4,10412,100,S18_2238,Classic Cars,1,41,6712.93,Shipped,4100,1
Spain,Madrid,Medium,1,122,2005,Qtr 2,May,3,8,10412,98.18,S18_2319,Trucks and Buses,1,56,5498.08,Shipped,5498.08,1
Spain,Madrid,Medium,1,118,2005,Qtr 2,May,3,1,10412,100,S24_4048,Classic Cars,1,31,4253.2,Shipped,3100,1
Spain,Madrid,Medium,1,115,2005,Qtr 2,May,3,3,10412,100,S50_1392,Trucks and Buses,1,26,3460.86,Shipped,2600,1
Spain,Madrid,Medium,1,118,2005,Qtr 2,May,13,5,10417,100,S10_2016,Motorcycles,1,45,5887.35,Disputed,4500,1
Spain,Madrid,Medium,1,150,2005,Qtr 2,May,13,1,10417,100,S12_2823,Motorcycles,1,21,3447.78,Disputed,2100,1
Spain,Madrid,Medium,1,112,2005,Qtr 2,May,13,3,10417,100,S24_1578,Motorcycles,1,35,3550.05,Disputed,3500,1
Spain,Madrid,Medium,1,101,2005,Qtr 2,May,31,1,10424,80.92,S700_2824,Classic Cars,1,46,3722.32,In Process,3722.32,1
Spain,Madrid,Small,1,57,2003,Qtr 1,January,31,6,10104,55.49,S24_1444,Classic Cars,1,35,1942.15,Shipped,1942.15,1
Spain,Madrid,Small,1,35,2003,Qtr 1,January,31,10,10104,39.6,S24_2840,Classic Cars,1,44,1742.4,Shipped,1742.4,1
Spain,Madrid,Small,1,118,2003,Qtr 1,January,31,5,10104,100,S24_4048,Classic Cars,1,26,2921.62,Shipped,2600,1
Spain,Madrid,Small,1,54,2003,Qtr 1,January,31,11,10104,47.62,S32_2509,Trucks and Buses,1,35,1666.7,Shipped,1666.6999999999998,1
Spain,Madrid,Small,1,58,2003,Qtr 1,January,31,2,10104,53.31,S50_1514,Trains,1,32,1705.92,Shipped,1705.92,1
Spain,Madrid,Small,1,136,2003,Qtr 2,May,28,8,10126,100,S12_1666,Trucks and Buses,1,21,2439.57,Shipped,2100,1
Spain,Madrid,Small,1,53,2003,Qtr 2,May,28,17,10126,54.99,S18_1367,Vintage Cars,1,42,2309.58,Shipped,2309.58,1
Spain,Madrid,Small,1,60,2003,Qtr 2,May,28,2,10126,65.02,S18_2432,Trucks and Buses,1,43,2795.86,Shipped,2795.8599999999997,1
Spain,Madrid,Small,1,101,2003,Qtr 2,May,28,12,10126,90.17,S18_2949,Vintage Cars,1,31,2795.27,Shipped,2795.27,1
Spain,Madrid,Small,1,104,2003,Qtr 2,May,28,13,10126,97.39,S18_3136,Vintage Cars,1,30,2921.7,Shipped,2921.7,1
Spain,Madrid,Small,1,50,2003,Qtr 2,May,28,9,10126,53.83,S18_4668,Vintage Cars,1,43,2314.69,Shipped,2314.69,1
Spain,Madrid,Small,1,64,2003,Qtr 2,May,28,7,10126,62.7,S32_3522,Trucks and Buses,1,26,1630.2,Shipped,1630.2,1
Spain,Madrid,Small,1,99,2003,Qtr 2,June,27,1,10133,100,S32_1374,Motorcycles,1,23,2642.01,Shipped,2300,1
Spain,Madrid,Small,1,68,2003,Qtr 2,June,27,6,10133,57.1,S32_4289,Vintage Cars,1,49,2797.9,Shipped,2797.9,1
Spain,Madrid,Small,1,43,2003,Qtr 2,June,27,7,10133,50.19,S50_1341,Vintage Cars,1,27,1355.13,Shipped,1355.1299999999999,1
Spain,Madrid,Small,1,91,2003,Qtr 2,June,27,8,10133,77.64,S700_1691,Planes,1,24,1863.36,Shipped,1863.3600000000001,1
Spain,Madrid,Small,1,118,2003,Qtr 2,June,27,2,10133,99.67,S700_2834,Planes,1,27,2691.09,Shipped,2691.09,1
Spain,Madrid,Small,1,100,2003,Qtr 3,September,28,9,10153,88.74,S18_3259,Trains,1,29,2573.46,Shipped,2573.46,1
Spain,Madrid,Small,1,87,2003,Qtr 3,September,28,6,10153,83.38,S18_4522,Vintage Cars,1,22,1834.36,Shipped,1834.36,1
Spain,Madrid,Small,1,58,2003,Qtr 3,September,28,13,10153,57.41,S50_1514,Trains,1,31,1779.71,Shipped,1779.7099999999998,1
Spain,Madrid,Small,1,66,2003,Qtr 3,September,28,1,10153,64.67,S700_1138,Ships,1,43,2780.81,Shipped,2780.81,1
Spain,Madrid,Small,1,86,2003,Qtr 3,September,28,8,10153,87.48,S700_1938,Ships,1,31,2711.88,Shipped,2711.88,1
Spain,Madrid,Small,1,99,2003,Qtr 3,September,28,3,10153,100,S700_3962,Ships,1,20,2204.6,Shipped,2000,1
Spain,Madrid,Small,1,43,2003,Qtr 4,October,8,1,10156,41.02,S50_1341,Vintage Cars,1,20,820.4,Shipped,820.4000000000001,1
Spain,Madrid,Small,1,87,2003,Qtr 4,November,7,8,10177,74.6,S18_4522,Vintage Cars,1,35,2611,Shipped,2611,1
Spain,Madrid,Small,1,66,2003,Qtr 4,November,7,3,10177,76,S700_1138,Ships,1,24,1824,Shipped,1824,1
Spain,Madrid,Small,1,86,2003,Qtr 4,November,7,10,10177,88.34,S700_1938,Ships,1,31,2738.54,Shipped,2738.54,1
Spain,Madrid,Small,1,72,2003,Qtr 4,November,7,1,10177,76.62,S700_2610,Ships,1,32,2451.84,Shipped,2451.84,1
Spain,Madrid,Small,1,99,2003,Qtr 4,November,7,5,10177,100,S700_3962,Ships,1,24,2526.48,Shipped,2400,1
Spain,Madrid,Small,1,54,2003,Qtr 4,November,7,6,10177,50.23,S72_3212,Ships,1,40,2009.2,Shipped,2009.1999999999998,1
Spain,Madrid,Small,1,40,2003,Qtr 4,November,19,1,10190,32.99,S32_2206,Motorcycles,1,46,1517.54,Shipped,1517.5400000000002,1
Spain,Madrid,Small,1,81,2003,Qtr 4,November,19,2,10190,66.72,S50_4713,Motorcycles,1,40,2668.8,Shipped,2668.8,1
Spain,Madrid,Small,1,117,2003,Qtr 4,December,2,6,10203,100,S12_3380,Classic Cars,1,20,2254.8,Shipped,2000,1
Spain,Madrid,Small,1,80,2003,Qtr 4,December,2,11,10203,86.04,S18_3278,Classic Cars,1,33,2839.32,Shipped,2839.32,1
Spain,Madrid,Small,1,37,2003,Qtr 4,December,2,2,10203,37,S24_2972,Classic Cars,1,21,777,Shipped,777,1
Spain,Madrid,Small,1,61,2003,Qtr 4,December,2,7,10203,64.9,S24_3371,Classic Cars,1,34,2206.6,Shipped,2206.6000000000004,1
Spain,Madrid,Small,1,33,2003,Qtr 4,December,3,5,10205,37.17,S24_1937,Vintage Cars,1,32,1189.44,Shipped,1189.44,1
Spain,Madrid,Small,1,44,2003,Qtr 4,December,3,4,10205,38.08,S24_2022,Vintage Cars,1,24,913.92,Shipped,913.92,1
Spain,Madrid,Small,1,77,2004,Qtr 1,January,16,14,10212,66.99,S18_1889,Classic Cars,1,20,1339.8,Shipped,1339.8,1
Spain,Madrid,Small,1,50,2004,Qtr 1,January,16,5,10212,53.33,S24_1628,Classic Cars,1,45,2399.85,Shipped,2399.85,1
Spain,Madrid,Small,1,37,2004,Qtr 1,January,16,12,10212,43.42,S24_2972,Classic Cars,1,34,1476.28,Shipped,1476.28,1
Spain,Madrid,Small,1,85,2004,Qtr 1,January,16,2,10212,79.62,S24_3191,Classic Cars,1,27,2149.74,Shipped,2149.7400000000002,1
Spain,Madrid,Small,1,60,2004,Qtr 1,January,26,6,10214,62.96,S18_2248,Vintage Cars,1,21,1322.16,Shipped,1322.16,1
Spain,Madrid,Small,1,33,2004,Qtr 1,January,26,3,10214,34.19,S24_1937,Vintage Cars,1,20,683.8,Shipped,683.8,1
Spain,Madrid,Small,1,44,2004,Qtr 1,January,26,2,10214,47.94,S24_2022,Vintage Cars,1,49,2349.06,Shipped,2349.06,1
Spain,Madrid,Small,1,41,2004,Qtr 1,January,26,5,10214,34.88,S24_3969,Vintage Cars,1,44,1534.72,Shipped,1534.72,1
Spain,Madrid,Small,1,53,2004,Qtr 2,April,29,6,10244,58.22,S18_1367,Vintage Cars,1,20,1164.4,Shipped,1164.4,1
Spain,Madrid,Small,1,62,2004,Qtr 2,April,29,3,10244,58.09,S18_2957,Vintage Cars,1,24,1394.16,Shipped,1394.16,1
Spain,Madrid,Small,1,44,2004,Qtr 2,April,29,9,10244,45.25,S24_2022,Vintage Cars,1,39,1764.75,Shipped,1764.75,1
Spain,Madrid,Small,1,122,2004,Qtr 2,May,5,8,10246,98.18,S18_2319,Trucks and Buses,1,22,2159.96,Shipped,2159.96,1
Spain,Madrid,Small,1,60,2004,Qtr 2,May,5,11,10246,61.99,S18_2432,Trucks and Buses,1,30,1859.7,Shipped,1859.7,1
Spain,Madrid,Small,1,57,2004,Qtr 2,May,5,2,10246,52.6,S24_1444,Classic Cars,1,44,2314.4,Shipped,2314.4,1
Spain,Madrid,Small,1,35,2004,Qtr 2,May,5,6,10246,36.07,S24_2840,Classic Cars,1,49,1767.43,Shipped,1767.43,1
Spain,Madrid,Small,1,54,2004,Qtr 2,May,5,7,10246,48.7,S32_2509,Trucks and Buses,1,35,1704.5,Shipped,1704.5,1
Spain,Madrid,Small,1,115,2004,Qtr 2,May,5,3,10246,100,S50_1392,Trucks and Buses,1,22,2928.42,Shipped,2200,1
Spain,Madrid,Small,1,86,2004,Qtr 2,June,24,15,10262,84.3,S18_3029,Ships,1,32,2697.6,Cancelled,2697.6,1
Spain,Madrid,Small,1,68,2004,Qtr 2,June,24,10,10262,67.14,S24_2841,Planes,1,24,1611.36,Cancelled,1611.3600000000001,1
Spain,Madrid,Small,1,68,2004,Qtr 2,June,24,8,10262,61.42,S24_3949,Planes,1,48,2948.16,Cancelled,2948.16,1
Spain,Madrid,Small,1,43,2004,Qtr 2,June,24,3,10262,37.97,S50_1341,Vintage Cars,1,49,1860.53,Cancelled,1860.53,1
Spain,Madrid,Small,1,99,2004,Qtr 2,June,24,6,10262,90.75,S700_2466,Planes,1,33,2994.75,Cancelled,2994.75,1
Spain,Madrid,Small,1,80,2004,Qtr 2,June,24,5,10262,76,S700_3167,Planes,1,27,2052,Cancelled,2052,1
Spain,Madrid,Small,1,74,2004,Qtr 2,June,24,7,10262,71.07,S700_4002,Planes,1,35,2487.45,Cancelled,2487.45,1
Spain,Madrid,Small,1,49,2004,Qtr 2,June,24,12,10262,57.11,S72_1253,Planes,1,21,1199.31,Cancelled,1199.31,1
Spain,Madrid,Small,1,71,2004,Qtr 3,August,9,1,10279,60.58,S18_4933,Classic Cars,1,26,1575.08,Shipped,1575.08,1
Spain,Madrid,Small,1,73,2004,Qtr 3,August,9,5,10279,74.96,S24_1046,Classic Cars,1,32,2398.72,Shipped,2398.72,1
Spain,Madrid,Small,1,85,2004,Qtr 3,August,9,4,10279,71.06,S24_3191,Classic Cars,1,33,2344.98,Shipped,2344.98,1
Spain,Madrid,Small,1,124,2004,Qtr 4,October,16,9,10311,100,S18_1589,Classic Cars,1,29,2923.2,Shipped,2900,1
Spain,Madrid,Small,1,71,2004,Qtr 4,October,16,2,10311,66.99,S18_4933,Classic Cars,1,25,1674.75,Shipped,1674.7499999999998,1
Spain,Madrid,Small,1,73,2004,Qtr 4,October,16,6,10311,87.45,S24_1046,Classic Cars,1,26,2273.7,Shipped,2273.7000000000003,1
Spain,Madrid,Small,1,50,2004,Qtr 4,October,16,8,10311,49.3,S24_1628,Classic Cars,1,45,2218.5,Shipped,2218.5,1
Spain,Madrid,Small,1,90,2004,Qtr 4,October,16,4,10311,93.6,S24_2766,Classic Cars,1,28,2620.8,Shipped,2620.7999999999997,1
Spain,Madrid,Small,1,85,2004,Qtr 4,October,16,5,10311,83.04,S24_3191,Classic Cars,1,25,2076,Shipped,2076,1
Spain,Madrid,Small,1,207,2004,Qtr 4,November,1,8,10348,52.36,S12_1108,Classic Cars,1,48,2513.28,Shipped,2513.2799999999997,1
Spain,Madrid,Small,1,97,2004,Qtr 4,November,1,2,10348,50.31,S24_4258,Vintage Cars,1,39,1962.09,Shipped,1962.0900000000001,1
Spain,Madrid,Small,1,101,2004,Qtr 4,November,1,7,10348,82.83,S700_2824,Classic Cars,1,32,2650.56,Shipped,2650.56,1
Spain,Madrid,Small,1,136,2004,Qtr 4,December,2,5,10350,75.47,S10_4757,Classic Cars,1,26,1962.22,Shipped,1962.22,1
Spain,Madrid,Small,1,86,2004,Qtr 4,December,2,6,10350,64.97,S18_3029,Ships,1,43,2793.71,Shipped,2793.71,1
Spain,Madrid,Small,1,122,2004,Qtr 4,December,2,7,10350,50.33,S24_2011,Ships,1,34,1711.22,Shipped,1711.22,1
Spain,Madrid,Small,1,83,2004,Qtr 4,December,2,10,10350,60.34,S24_3816,Vintage Cars,1,25,1508.5,Shipped,1508.5,1
Spain,Madrid,Small,1,115,2004,Qtr 4,December,2,8,10350,71.4,S50_1392,Trucks and Buses,1,31,2213.4,Shipped,2213.4,1
Spain,Madrid,Small,1,86,2004,Qtr 4,December,2,4,10350,100,S700_1938,Ships,1,28,2924.32,Shipped,2800,1
Spain,Madrid,Small,1,72,2004,Qtr 4,December,2,12,10350,75.35,S700_2610,Ships,1,29,2185.15,Shipped,2185.1499999999996,1
Spain,Madrid,Small,1,100,2004,Qtr 4,December,2,13,10350,77.34,S700_3505,Ships,1,31,2397.54,Shipped,2397.54,1
Spain,Madrid,Small,1,99,2004,Qtr 4,December,2,16,10350,100,S700_3962,Ships,1,25,2854.75,Shipped,2500,1
Spain,Madrid,Small,1,54,2004,Qtr 4,December,2,15,10350,100,S72_3212,Ships,1,20,2244.4,Shipped,2000,1
Spain,Madrid,Small,1,62,2004,Qtr 4,December,7,1,10355,53.47,S18_3782,Motorcycles,1,31,1657.57,Shipped,1657.57,1
Spain,Madrid,Small,1,69,2004,Qtr 4,December,7,3,10355,70.65,S24_2360,Motorcycles,1,41,2896.65,Shipped,2896.65,1
Spain,Madrid,Small,1,37,2004,Qtr 4,December,7,4,10355,38.52,S24_2972,Classic Cars,1,36,1386.72,Shipped,1386.72,1
Spain,Madrid,Small,1,61,2004,Qtr 4,December,7,6,10355,62.45,S24_3371,Classic Cars,1,44,2747.8,Shipped,2747.8,1
Spain,Madrid,Small,1,80,2004,Qtr 4,December,7,9,10355,95.39,S24_4620,Classic Cars,1,28,2670.92,Shipped,2670.92,1
Spain,Madrid,Small,1,40,2004,Qtr 4,December,7,10,10355,39.83,S32_2206,Motorcycles,1,38,1513.54,Shipped,1513.54,1
Spain,Madrid,Small,1,151,2004,Qtr 4,December,10,5,10358,55.34,S12_3148,Classic Cars,1,49,2711.66,Shipped,2711.6600000000003,1
Spain,Madrid,Small,1,118,2004,Qtr 4,December,10,9,10358,64.16,S12_4473,Trucks and Buses,1,42,2694.72,Shipped,2694.72,1
Spain,Madrid,Small,1,163,2004,Qtr 4,December,10,10,10358,100,S18_2238,Classic Cars,1,20,2428,Shipped,2000,1
Spain,Madrid,Small,1,122,2004,Qtr 4,December,10,11,10358,36.42,S18_2319,Trucks and Buses,1,20,728.4,Shipped,728.4000000000001,1
Spain,Madrid,Small,1,169,2004,Qtr 4,December,10,12,10358,93.49,S18_3232,Classic Cars,1,32,2991.68,Shipped,2991.68,1
Spain,Madrid,Small,1,143,2004,Qtr 4,December,10,13,10358,100,S18_4027,Classic Cars,1,25,2528.25,Shipped,2500,1
Spain,Madrid,Small,1,57,2004,Qtr 4,December,10,14,10358,60.76,S24_1444,Classic Cars,1,44,2673.44,Shipped,2673.44,1
Spain,Madrid,Small,1,35,2004,Qtr 4,December,10,4,10358,82.94,S24_2840,Classic Cars,1,36,2985.84,Shipped,2985.84,1
Spain,Madrid,Small,1,124,2005,Qtr 1,February,10,5,10378,42.64,S18_1589,Classic Cars,1,34,1449.76,Shipped,1449.76,1
Spain,Madrid,Small,1,60,2005,Qtr 1,February,10,1,10379,49.3,S18_2248,Vintage Cars,1,27,1331.1,Shipped,1331.1,1
Spain,Madrid,Small,1,80,2005,Qtr 1,February,10,4,10378,100,S18_3278,Classic Cars,1,22,2464,Shipped,2200,1
Spain,Madrid,Small,1,141,2005,Qtr 1,February,10,4,10379,70.83,S18_3685,Classic Cars,1,32,2266.56,Shipped,2266.56,1
Spain,Madrid,Small,1,61,2005,Qtr 1,February,10,6,10378,41.54,S24_3371,Classic Cars,1,46,1910.84,Shipped,1910.84,1
Spain,Madrid,Small,1,140,2005,Qtr 1,February,10,3,10378,53.27,S24_3856,Classic Cars,1,33,1757.91,Shipped,1757.91,1
Spain,Madrid,Small,1,102,2005,Qtr 1,February,16,13,10380,93.16,S18_1342,Vintage Cars,1,27,2515.32,Shipped,2515.3199999999997,1
Spain,Madrid,Small,1,168,2005,Qtr 1,February,16,8,10380,47.18,S18_2795,Vintage Cars,1,21,990.78,Shipped,990.78,1
Spain,Madrid,Small,1,33,2005,Qtr 1,February,16,4,10380,70.56,S24_1937,Vintage Cars,1,32,2257.92,Shipped,2257.92,1
Spain,Madrid,Small,1,44,2005,Qtr 1,February,16,5,10380,68.35,S24_2022,Vintage Cars,1,27,1845.45,Shipped,1845.4499999999998,1
Spain,Madrid,Small,1,90,2005,Qtr 1,February,16,6,10380,37.5,S24_2766,Classic Cars,1,36,1350,Shipped,1350,1
Spain,Madrid,Small,1,117,2005,Qtr 1,February,16,7,10380,36.29,S24_2887,Classic Cars,1,44,1596.76,Shipped,1596.76,1
Spain,Madrid,Small,1,136,2005,Qtr 1,February,22,9,10383,61.52,S18_3140,Vintage Cars,1,24,1476.48,Shipped,1476.48,1
Spain,Madrid,Small,1,87,2005,Qtr 1,February,22,7,10383,58.58,S18_4522,Vintage Cars,1,28,1640.24,Shipped,1640.24,1
Spain,Madrid,Small,1,57,2005,Qtr 1,February,22,2,10383,91.76,S24_1444,Classic Cars,1,22,2018.72,Shipped,2018.72,1
Spain,Madrid,Small,1,118,2005,Qtr 1,February,22,4,10383,93.91,S24_4048,Classic Cars,1,21,1972.11,Shipped,1972.11,1
Spain,Madrid,Small,1,54,2005,Qtr 1,February,22,5,10383,53.18,S32_2509,Trucks and Buses,1,32,1701.76,Shipped,1701.76,1
Spain,Madrid,Small,1,62,2005,Qtr 1,February,22,8,10383,36.07,S32_3207,Trains,1,44,1587.08,Shipped,1587.08,1
Spain,Madrid,Small,1,58,2005,Qtr 1,February,22,10,10383,60.06,S50_1514,Trains,1,38,2282.28,Shipped,2282.28,1
Spain,Madrid,Small,1,157,2005,Qtr 1,March,1,7,10386,54.57,S18_1662,Planes,1,25,1364.25,Resolved,1364.25,1
Spain,Madrid,Small,1,84,2005,Qtr 1,March,1,18,10386,74.77,S18_2581,Planes,1,21,1570.17,Resolved,1570.1699999999998,1
Spain,Madrid,Small,1,105,2005,Qtr 1,March,1,6,10386,57.55,S18_3856,Vintage Cars,1,22,1266.1,Resolved,1266.1,1
Spain,Madrid,Small,1,109,2005,Qtr 1,March,1,11,10386,41.71,S24_1785,Planes,1,33,1376.43,Resolved,1376.43,1
Spain,Madrid,Small,1,68,2005,Qtr 1,March,1,1,10386,55.96,S24_2841,Planes,1,39,2182.44,Resolved,2182.44,1
Spain,Madrid,Small,1,65,2005,Qtr 1,March,1,9,10386,63.76,S24_3420,Vintage Cars,1,35,2231.6,Resolved,2231.6,1
Spain,Madrid,Small,1,90,2005,Qtr 1,March,1,13,10386,85.76,S700_2047,Ships,1,29,2487.04,Resolved,2487.04,1
Spain,Madrid,Small,1,99,2005,Qtr 1,March,1,3,10386,95.48,S700_3962,Ships,1,30,2864.4,Resolved,2864.4,1
Spain,Madrid,Small,1,57,2005,Qtr 1,March,15,2,10394,50.29,S24_1444,Classic Cars,1,31,1558.99,Shipped,1558.99,1
Spain,Madrid,Small,1,35,2005,Qtr 1,March,15,6,10394,38.9,S24_2840,Classic Cars,1,46,1789.4,Shipped,1789.3999999999999,1
Spain,Madrid,Small,1,54,2005,Qtr 1,March,15,3,10394,62.77,S32_2509,Trucks and Buses,1,36,2259.72,Shipped,2259.7200000000003,1
Spain,Madrid,Small,1,62,2005,Qtr 1,March,15,4,10394,60.28,S32_3207,Trains,1,30,1808.4,Shipped,1808.4,1
Spain,Madrid,Small,1,60,2005,Qtr 2,May,3,11,10412,61.99,S18_2432,Trucks and Buses,1,47,2913.53,Shipped,2913.53,1
Spain,Madrid,Small,1,57,2005,Qtr 2,May,3,2,10412,52.6,S24_1444,Classic Cars,1,21,1104.6,Shipped,1104.6000000000001,1
Spain,Madrid,Small,1,35,2005,Qtr 2,May,3,6,10412,36.07,S24_2840,Classic Cars,1,30,1082.1,Shipped,1082.1,1
Spain,Madrid,Small,1,54,2005,Qtr 2,May,3,7,10412,48.7,S32_2509,Trucks and Buses,1,19,925.3,Shipped,925.3000000000001,1
Spain,Madrid,Small,1,60,2005,Qtr 2,May,13,6,10417,61.18,S18_2625,Motorcycles,1,36,2202.48,Disputed,2202.48,1
Spain,Madrid,Small,1,50,2005,Qtr 2,May,31,4,10424,59.87,S18_4668,Vintage Cars,1,26,1556.62,In Process,1556.62,1
Spain,Madrid,Small,1,64,2005,Qtr 2,May,31,2,10424,61.41,S32_3522,Trucks and Buses,1,44,2702.04,In Process,2702.04,1
Spain,Sevilla,Large,1,163,2003,Qtr 4,November,14,5,10184,100,S18_2238,Classic Cars,1,46,7381.16,Shipped,4600,1
Spain,Sevilla,Medium,1,118,2003,Qtr 4,November,14,6,10184,100,S12_4473,Trucks and Buses,1,37,4516.22,Shipped,3700,1
Spain,Sevilla,Medium,1,122,2003,Qtr 4,November,14,9,10184,100,S18_2319,Trucks and Buses,1,46,5984.14,Shipped,4600,1
Spain,Sevilla,Medium,1,169,2003,Qtr 4,November,14,10,10184,100,S18_3232,Classic Cars,1,28,4409.72,Shipped,2800,1
Spain,Sevilla,Medium,1,127,2003,Qtr 4,November,14,11,10184,100,S24_2300,Trucks and Buses,1,24,3496.32,Shipped,2400,1
Spain,Sevilla,Medium,1,118,2003,Qtr 4,November,14,2,10184,100,S24_4048,Classic Cars,1,49,5795.72,Shipped,4900,1
Spain,Sevilla,Medium,1,96,2003,Qtr 4,November,14,13,10184,100,S32_1268,Trucks and Buses,1,46,4607.36,Shipped,4600,1
Spain,Sevilla,Medium,1,115,2003,Qtr 4,November,14,4,10184,100,S50_1392,Trucks and Buses,1,45,4948.2,Shipped,4500,1
Spain,Sevilla,Small,1,60,2003,Qtr 4,November,14,12,10184,60.16,S18_2432,Trucks and Buses,1,44,2647.04,Shipped,2647.04,1
Spain,Sevilla,Small,1,57,2003,Qtr 4,November,14,3,10184,60.11,S24_1444,Classic Cars,1,31,1863.41,Shipped,1863.41,1
Spain,Sevilla,Small,1,35,2003,Qtr 4,November,14,7,10184,31.82,S24_2840,Classic Cars,1,42,1336.44,Shipped,1336.44,1
Spain,Sevilla,Small,1,54,2003,Qtr 4,November,14,8,10184,62.77,S32_2509,Trucks and Buses,1,33,2071.41,Shipped,2071.4100000000003,1
Spain,Sevilla,Small,1,62,2003,Qtr 4,November,14,1,10184,50.95,S32_3207,Trains,1,48,2445.6,Shipped,2445.6000000000004,1
Spain,Sevilla,Small,1,60,2004,Qtr 4,October,6,2,10303,49.04,S18_2248,Vintage Cars,1,46,2255.84,Shipped,2255.84,1
Spain,Sevilla,Small,1,41,2004,Qtr 4,October,6,1,10303,40.21,S24_3969,Vintage Cars,1,24,965.04,Shipped,965.04,1
Sweden,Boras,Large,1,214,2004,Qtr 3,September,8,11,10291,100,S10_1949,Classic Cars,1,37,7136.19,Shipped,3700,1
Sweden,Boras,Medium,1,136,2003,Qtr 4,October,23,9,10167,100,S10_4757,Classic Cars,1,44,5924.16,Cancelled,4400,1
Sweden,Boras,Medium,1,157,2003,Qtr 4,October,23,1,10167,100,S18_1662,Planes,1,43,5763.72,Cancelled,4300,1
Sweden,Boras,Medium,1,86,2003,Qtr 4,October,23,7,10167,73.12,S18_3029,Ships,1,46,3363.52,Cancelled,3363.5200000000004,1
Sweden,Boras,Medium,1,105,2003,Qtr 4,October,23,6,10167,100,S18_3856,Vintage Cars,1,34,3599.58,Cancelled,3400,1
Sweden,Boras,Medium,1,122,2003,Qtr 4,October,23,16,10167,100,S24_2011,Ships,1,33,3812.16,Cancelled,3300,1
Sweden,Boras,Medium,1,66,2003,Qtr 4,October,23,12,10167,75.34,S700_1138,Ships,1,43,3239.62,Cancelled,3239.6200000000003,1
Sweden,Boras,Medium,1,72,2003,Qtr 4,October,23,10,10167,70.11,S700_2610,Ships,1,46,3225.06,Cancelled,3225.06,1
Sweden,Boras,Medium,1,99,2003,Qtr 4,October,23,14,10167,100,S700_3962,Ships,1,28,3003,Cancelled,2800,1
Sweden,Boras,Medium,1,147,2004,Qtr 3,September,8,4,10291,100,S10_4962,Classic Cars,1,30,3855.9,Shipped,3000,1
Sweden,Boras,Medium,1,136,2004,Qtr 3,September,8,8,10291,100,S12_1666,Trucks and Buses,1,41,6387.8,Shipped,4100,1
Sweden,Boras,Medium,1,116,2004,Qtr 3,September,8,10,10291,100,S18_1097,Trucks and Buses,1,41,4687.94,Shipped,4100,1
Sweden,Boras,Medium,1,101,2004,Qtr 3,September,8,12,10291,100,S18_2949,Vintage Cars,1,47,5713.79,Shipped,4700,1
Sweden,Boras,Medium,1,121,2004,Qtr 3,September,8,5,10291,100,S18_4600,Trucks and Buses,1,48,5288.64,Shipped,4800,1
Sweden,Boras,Medium,1,127,2004,Qtr 3,September,8,1,10291,100,S24_2300,Trucks and Buses,1,48,5398.08,Shipped,4800,1
Sweden,Boras,Medium,1,101,2004,Qtr 3,September,8,6,10291,100,S700_2824,Classic Cars,1,28,3256.96,Shipped,2800,1
Sweden,Boras,Medium,1,115,2005,Qtr 1,March,3,8,10389,100,S12_4675,Classic Cars,1,47,5243.79,Shipped,4700,1
Sweden,Boras,Medium,1,77,2005,Qtr 1,March,3,3,10389,79.22,S18_1889,Classic Cars,1,49,3881.78,Shipped,3881.7799999999997,1
Sweden,Boras,Medium,1,60,2005,Qtr 1,March,3,5,10389,100,S18_2625,Motorcycles,1,39,6981,Shipped,3900,1
Sweden,Boras,Medium,1,112,2005,Qtr 1,March,3,1,10389,100,S24_1578,Motorcycles,1,45,4597.65,Shipped,4500,1
Sweden,Boras,Medium,1,76,2005,Qtr 1,March,3,2,10389,81.4,S24_2000,Motorcycles,1,49,3988.6,Shipped,3988.6000000000004,1
Sweden,Boras,Small,1,68,2003,Qtr 4,October,23,2,10167,69.88,S24_2841,Planes,1,21,1467.48,Cancelled,1467.48,1
Sweden,Boras,Small,1,88,2003,Qtr 4,October,23,11,10167,79.66,S24_3151,Vintage Cars,1,20,1593.2,Cancelled,1593.1999999999998,1
Sweden,Boras,Small,1,65,2003,Qtr 4,October,23,3,10167,63.12,S24_3420,Vintage Cars,1,32,2019.84,Cancelled,2019.84,1
Sweden,Boras,Small,1,83,2003,Qtr 4,October,23,8,10167,83.86,S24_3816,Vintage Cars,1,29,2431.94,Cancelled,2431.94,1
Sweden,Boras,Small,1,90,2003,Qtr 4,October,23,5,10167,100,S700_2047,Ships,1,29,2940.02,Cancelled,2900,1
Sweden,Boras,Small,1,100,2003,Qtr 4,October,23,13,10167,100,S700_3505,Ships,1,24,2812.8,Cancelled,2400,1
Sweden,Boras,Small,1,49,2003,Qtr 4,October,23,4,10167,41.71,S72_1253,Planes,1,40,1668.4,Cancelled,1668.4,1
Sweden,Boras,Small,1,54,2003,Qtr 4,October,23,15,10167,48.59,S72_3212,Ships,1,38,1846.42,Cancelled,1846.42,1
Sweden,Boras,Small,1,60,2004,Qtr 3,September,8,2,10291,57.73,S18_2432,Trucks and Buses,1,26,1500.98,Shipped,1500.98,1
Sweden,Boras,Small,1,62,2004,Qtr 3,September,8,14,10291,50.59,S18_2957,Vintage Cars,1,37,1871.83,Shipped,1871.8300000000002,1
Sweden,Boras,Small,1,104,2004,Qtr 3,September,8,13,10291,100,S18_3136,Vintage Cars,1,23,2866.26,Shipped,2300,1
Sweden,Boras,Small,1,50,2004,Qtr 3,September,8,9,10291,51.82,S18_4668,Vintage Cars,1,29,1502.78,Shipped,1502.78,1
Sweden,Boras,Small,1,96,2004,Qtr 3,September,8,3,10291,83.79,S32_1268,Trucks and Buses,1,26,2178.54,Shipped,2178.54,1
Sweden,Boras,Small,1,64,2004,Qtr 3,September,8,7,10291,71.75,S32_3522,Trucks and Buses,1,32,2296,Shipped,2296,1
Sweden,Boras,Small,1,194,2005,Qtr 1,March,3,4,10389,99.04,S12_1099,Classic Cars,1,26,2575.04,Shipped,2575.04,1
Sweden,Boras,Small,1,117,2005,Qtr 1,March,3,6,10389,72.38,S12_3380,Classic Cars,1,25,1809.5,Shipped,1809.5,1
Sweden,Boras,Small,1,79,2005,Qtr 1,March,3,7,10389,70.26,S12_3990,Classic Cars,1,36,2529.36,Shipped,2529.36,1
Sweden,Lule,Large,1,214,2003,Qtr 1,March,24,1,10112,100,S10_1949,Classic Cars,1,29,7209.11,Shipped,2900,1
Sweden,Lule,Medium,1,194,2004,Qtr 4,November,3,3,10320,100,S12_1099,Classic Cars,1,31,6876.11,Shipped,3100,1
Sweden,Lule,Medium,1,117,2004,Qtr 4,November,3,1,10320,100,S12_3380,Classic Cars,1,35,4850.3,Shipped,3500,1
Sweden,Lule,Medium,1,146,2004,Qtr 4,November,3,5,10320,100,S18_3482,Classic Cars,1,25,3491,Shipped,2500,1
Sweden,Lule,Medium,1,100,2004,Qtr 4,November,9,6,10326,100,S18_3259,Trains,1,32,3807.68,Shipped,3200,1
Sweden,Lule,Medium,1,87,2004,Qtr 4,November,9,5,10326,86.01,S18_4522,Vintage Cars,1,50,4300.5,Shipped,4300.5,1
Sweden,Lule,Medium,1,122,2004,Qtr 4,November,9,4,10326,100,S24_2011,Ships,1,41,4333.29,Shipped,4100,1
Sweden,Lule,Medium,1,88,2004,Qtr 4,November,9,3,10326,85.85,S24_3151,Vintage Cars,1,41,3519.85,Shipped,3519.85,1
Sweden,Lule,Medium,1,147,2004,Qtr 4,November,19,2,10334,100,S10_4962,Classic Cars,1,26,3188.12,On Hold,2600,1
Sweden,Lule,Medium,1,122,2004,Qtr 4,November,19,6,10334,100,S18_2319,Trucks and Buses,1,46,5814.86,On Hold,4600,1
Sweden,Lule,Medium,1,121,2004,Qtr 4,November,19,4,10334,100,S18_4600,Trucks and Buses,1,49,6763.47,On Hold,4900,1
Sweden,Lule,Medium,1,127,2004,Qtr 4,November,19,5,10334,100,S24_2300,Trucks and Buses,1,42,5528.04,On Hold,4200,1
Sweden,Lule,Small,1,101,2003,Qtr 1,March,24,2,10112,100,S18_2949,Vintage Cars,1,23,2539.89,Shipped,2300,1
Sweden,Lule,Small,1,79,2004,Qtr 4,November,3,4,10320,73.42,S12_3990,Classic Cars,1,38,2789.96,Shipped,2789.96,1
Sweden,Lule,Small,1,61,2004,Qtr 4,November,3,2,10320,61.23,S24_3371,Classic Cars,1,26,1591.98,Shipped,1591.98,1
Sweden,Lule,Small,1,83,2004,Qtr 4,November,9,2,10326,92.25,S24_3816,Vintage Cars,1,20,1845,Shipped,1845,1
Sweden,Lule,Small,1,66,2004,Qtr 4,November,9,1,10326,60,S700_1138,Ships,1,39,2340,Shipped,2340,1
Sweden,Lule,Small,1,60,2004,Qtr 4,November,19,1,10334,61.38,S18_2432,Trucks and Buses,1,34,2086.92,On Hold,2086.92,1
Sweden,Lule,Small,1,169,2004,Qtr 4,November,19,3,10334,100,S18_3232,Classic Cars,1,20,2878.8,On Hold,2000,1
Switzerland,Gensve,Medium,1,194,2004,Qtr 1,February,22,9,10225,100,S12_1099,Classic Cars,1,27,4517.91,Shipped,2700,1
Switzerland,Gensve,Medium,1,141,2004,Qtr 1,February,22,1,10225,100,S18_1129,Classic Cars,1,32,4529.28,Shipped,3200,1
Switzerland,Gensve,Medium,1,77,2004,Qtr 1,February,22,5,10225,64.68,S18_1889,Classic Cars,1,47,3039.96,Shipped,3039.9600000000005,1
Switzerland,Gensve,Medium,1,169,2004,Qtr 1,February,22,2,10225,100,S18_3232,Classic Cars,1,43,6407.86,Shipped,4300,1
Switzerland,Gensve,Medium,1,80,2004,Qtr 1,February,22,12,10225,95.69,S18_3278,Classic Cars,1,37,3540.53,Shipped,3540.5299999999997,1
Switzerland,Gensve,Medium,1,146,2004,Qtr 1,February,22,11,10225,100,S18_3482,Classic Cars,1,27,4564.08,Shipped,2700,1
Switzerland,Gensve,Medium,1,148,2004,Qtr 1,February,22,14,10225,100,S18_4721,Classic Cars,1,35,5260.15,Shipped,3500,1
Switzerland,Gensve,Medium,1,140,2004,Qtr 1,February,22,4,10225,100,S24_3856,Classic Cars,1,40,4550,Shipped,4000,1
Switzerland,Gensve,Medium,1,80,2004,Qtr 1,February,22,13,10225,70.33,S24_4620,Classic Cars,1,46,3235.18,Shipped,3235.18,1
Switzerland,Gensve,Medium,1,194,2004,Qtr 3,August,30,12,10287,100,S12_1099,Classic Cars,1,21,3432.24,Shipped,2100,1
Switzerland,Gensve,Medium,1,117,2004,Qtr 3,August,30,10,10287,100,S12_3380,Classic Cars,1,45,4756.5,Shipped,4500,1
Switzerland,Gensve,Medium,1,141,2004,Qtr 3,August,30,4,10287,100,S18_1129,Classic Cars,1,41,6499.32,Shipped,4100,1
Switzerland,Gensve,Medium,1,77,2004,Qtr 3,August,30,8,10287,82.39,S18_1889,Classic Cars,1,44,3625.16,Shipped,3625.16,1
Switzerland,Gensve,Medium,1,142,2004,Qtr 3,August,30,3,10287,100,S18_1984,Classic Cars,1,24,3516.48,Shipped,2400,1
Switzerland,Gensve,Medium,1,132,2004,Qtr 3,August,30,1,10287,100,S18_2870,Classic Cars,1,44,5052.96,Shipped,4400,1
Switzerland,Gensve,Medium,1,169,2004,Qtr 3,August,30,5,10287,100,S18_3232,Classic Cars,1,36,5852.52,Shipped,3600,1
Switzerland,Gensve,Medium,1,80,2004,Qtr 3,August,30,15,10287,70.76,S18_3278,Classic Cars,1,43,3042.68,Shipped,3042.6800000000003,1
Switzerland,Gensve,Medium,1,146,2004,Qtr 3,August,30,14,10287,100,S18_3482,Classic Cars,1,40,6761.6,Shipped,4000,1
Switzerland,Gensve,Medium,1,141,2004,Qtr 3,August,30,2,10287,100,S18_3685,Classic Cars,1,27,4310.55,Shipped,2700,1
Switzerland,Gensve,Medium,1,148,2004,Qtr 3,August,30,17,10287,100,S18_4721,Classic Cars,1,34,4300.32,Shipped,3400,1
Switzerland,Gensve,Medium,1,140,2004,Qtr 3,August,30,7,10287,100,S24_3856,Classic Cars,1,36,4297.32,Shipped,3600,1
Switzerland,Gensve,Medium,1,80,2004,Qtr 3,August,30,16,10287,88.12,S24_4620,Classic Cars,1,40,3524.8,Shipped,3524.8,1
Switzerland,Gensve,Small,1,117,2004,Qtr 1,February,22,7,10225,99.82,S12_3380,Classic Cars,1,25,2495.5,Shipped,2495.5,1
Switzerland,Gensve,Small,1,79,2004,Qtr 1,February,22,10,10225,77.41,S12_3990,Classic Cars,1,37,2864.17,Shipped,2864.17,1
Switzerland,Gensve,Small,1,115,2004,Qtr 1,February,22,6,10225,100,S12_4675,Classic Cars,1,21,2684.43,Shipped,2100,1
Switzerland,Gensve,Small,1,37,2004,Qtr 1,February,22,3,10225,36.63,S24_2972,Classic Cars,1,42,1538.46,Shipped,1538.46,1
Switzerland,Gensve,Small,1,61,2004,Qtr 1,February,22,8,10225,50.21,S24_3371,Classic Cars,1,24,1205.04,Shipped,1205.04,1
Switzerland,Gensve,Small,1,79,2004,Qtr 3,August,30,13,10287,69.43,S12_3990,Classic Cars,1,41,2846.63,Shipped,2846.63,1
Switzerland,Gensve,Small,1,115,2004,Qtr 3,August,30,9,10287,100,S12_4675,Classic Cars,1,23,2675.13,Shipped,2300,1
Switzerland,Gensve,Small,1,37,2004,Qtr 3,August,30,6,10287,39.65,S24_2972,Classic Cars,1,36,1427.4,Shipped,1427.3999999999999,1
Switzerland,Gensve,Small,1,61,2004,Qtr 3,August,30,11,10287,67.97,S24_3371,Classic Cars,1,20,1359.4,Shipped,1359.4,1
UK,Cowes,Medium,1,136,2004,Qtr 1,March,20,6,10232,100,S18_3140,Vintage Cars,1,22,3606.02,Shipped,2200,1
UK,Cowes,Medium,1,100,2004,Qtr 1,March,20,8,10232,95.8,S18_3259,Trains,1,48,4598.4,Shipped,4598.4,1
UK,Cowes,Medium,1,122,2004,Qtr 1,March,20,4,10232,100,S24_2011,Ships,1,46,5652.94,Shipped,4600,1
UK,Cowes,Medium,1,100,2004,Qtr 1,March,20,1,10232,96.16,S700_3505,Ships,1,48,4615.68,Shipped,4615.68,1
UK,Cowes,Medium,1,136,2004,Qtr 4,November,1,17,10316,100,S10_4757,Classic Cars,1,33,4128.96,Shipped,3300,1
UK,Cowes,Medium,1,157,2004,Qtr 4,November,1,9,10316,100,S18_1662,Planes,1,27,3704.13,Shipped,2700,1
UK,Cowes,Medium,1,105,2004,Qtr 4,November,1,14,10316,86.81,S18_3856,Vintage Cars,1,47,4080.07,Shipped,4080.07,1
UK,Cowes,Medium,1,65,2004,Qtr 4,November,1,11,10316,76.93,S24_3420,Vintage Cars,1,47,3615.71,Shipped,3615.7100000000005,1
UK,Cowes,Medium,1,90,2004,Qtr 4,November,1,13,10316,93.24,S700_2047,Ships,1,45,4195.8,Shipped,4195.8,1
UK,Cowes,Medium,1,72,2004,Qtr 4,November,1,18,10316,74.45,S700_2610,Ships,1,48,3573.6,Shipped,3573.6000000000004,1
UK,Cowes,Medium,1,80,2004,Qtr 4,November,1,5,10316,75.2,S700_3167,Planes,1,48,3609.6,Shipped,3609.6000000000004,1
UK,Cowes,Small,1,87,2004,Qtr 1,March,20,5,10232,89.53,S18_4522,Vintage Cars,1,23,2059.19,Shipped,2059.19,1
UK,Cowes,Small,1,86,2004,Qtr 1,March,20,7,10232,88.34,S700_1938,Ships,1,26,2296.84,Shipped,2296.84,1
UK,Cowes,Small,1,99,2004,Qtr 1,March,20,2,10232,82.43,S700_3962,Ships,1,35,2885.05,Shipped,2885.05,1
UK,Cowes,Small,1,54,2004,Qtr 1,March,20,3,10232,49.69,S72_3212,Ships,1,24,1192.56,Shipped,1192.56,1
UK,Cowes,Small,1,86,2004,Qtr 4,November,1,15,10316,94.62,S18_3029,Ships,1,21,1987.02,Shipped,1987.02,1
UK,Cowes,Small,1,109,2004,Qtr 4,November,1,1,10316,100,S24_1785,Planes,1,25,2872.25,Shipped,2500,1
UK,Cowes,Small,1,68,2004,Qtr 4,November,1,10,10316,63.71,S24_2841,Planes,1,34,2166.14,Shipped,2166.14,1
UK,Cowes,Small,1,83,2004,Qtr 4,November,1,16,10316,92.25,S24_3816,Vintage Cars,1,25,2306.25,Shipped,2306.25,1
UK,Cowes,Small,1,68,2004,Qtr 4,November,1,8,10316,77.79,S24_3949,Planes,1,30,2333.7,Shipped,2333.7000000000003,1
UK,Cowes,Small,1,68,2004,Qtr 4,November,1,2,10316,59.16,S32_4289,Vintage Cars,1,24,1419.84,Shipped,1419.84,1
UK,Cowes,Small,1,43,2004,Qtr 4,November,1,3,10316,47.57,S50_1341,Vintage Cars,1,34,1617.38,Shipped,1617.38,1
UK,Cowes,Small,1,91,2004,Qtr 4,November,1,4,10316,82.21,S700_1691,Planes,1,34,2795.14,Shipped,2795.14,1
UK,Cowes,Small,1,99,2004,Qtr 4,November,1,6,10316,100,S700_2466,Planes,1,23,2706.41,Shipped,2300,1
UK,Cowes,Small,1,74,2004,Qtr 4,November,1,7,10316,62.19,S700_4002,Planes,1,44,2736.36,Shipped,2736.3599999999997,1
UK,Cowes,Small,1,49,2004,Qtr 4,November,1,12,10316,43.7,S72_1253,Planes,1,34,1485.8,Shipped,1485.8000000000002,1
UK,Liverpool,Large,1,170,2003,Qtr 4,October,6,1,10302,100,S18_1749,Vintage Cars,1,43,7310,Shipped,4300,1
UK,Liverpool,Large,1,193,2005,Qtr 2,April,8,9,10403,100,S10_4698,Motorcycles,1,66,11886.6,Shipped,6600,1
UK,Liverpool,Large,1,150,2005,Qtr 2,April,8,6,10403,100,S12_2823,Motorcycles,1,66,8648.64,Shipped,6600,1
UK,Liverpool,Medium,1,92,2003,Qtr 4,October,6,2,10302,89.27,S18_4409,Vintage Cars,1,38,3392.26,Shipped,3392.2599999999998,1
UK,Liverpool,Medium,1,90,2003,Qtr 4,October,6,5,10302,100,S24_2766,Classic Cars,1,49,5298.86,Shipped,4900,1
UK,Liverpool,Medium,1,117,2003,Qtr 4,October,6,4,10302,100,S24_2887,Classic Cars,1,45,5548.95,Shipped,4500,1
UK,Liverpool,Medium,1,85,2003,Qtr 4,October,6,6,10302,74.48,S24_3191,Classic Cars,1,48,3575.04,Shipped,3575.04,1
UK,Liverpool,Medium,1,194,2004,Qtr 2,June,1,13,10253,100,S12_1099,Classic Cars,1,24,3922.56,Cancelled,2400,1
UK,Liverpool,Medium,1,115,2004,Qtr 2,June,1,10,10253,100,S12_4675,Classic Cars,1,41,4910.57,Cancelled,4100,1
UK,Liverpool,Medium,1,141,2004,Qtr 2,June,1,5,10253,100,S18_1129,Classic Cars,1,26,3054.48,Cancelled,2600,1
UK,Liverpool,Medium,1,124,2004,Qtr 2,June,1,1,10253,100,S18_1589,Classic Cars,1,24,3374.88,Cancelled,2400,1
UK,Liverpool,Medium,1,142,2004,Qtr 2,June,1,4,10253,100,S18_1984,Classic Cars,1,33,4459.62,Cancelled,3300,1
UK,Liverpool,Medium,1,132,2004,Qtr 2,June,1,2,10253,100,S18_2870,Classic Cars,1,37,5177.04,Cancelled,3700,1
UK,Liverpool,Medium,1,169,2004,Qtr 2,June,1,6,10253,100,S18_3232,Classic Cars,1,40,6773.6,Cancelled,4000,1
UK,Liverpool,Medium,1,141,2004,Qtr 2,June,1,3,10253,100,S18_3685,Classic Cars,1,31,4029.38,Cancelled,3100,1
UK,Liverpool,Medium,1,140,2004,Qtr 2,June,1,8,10253,100,S24_3856,Classic Cars,1,39,5148,Cancelled,3900,1
UK,Liverpool,Medium,1,112,2005,Qtr 2,April,8,8,10403,100,S24_1578,Motorcycles,1,46,5287.7,Shipped,4600,1
UK,Liverpool,Medium,1,102,2005,Qtr 2,April,8,5,10403,100,S32_4485,Motorcycles,1,45,5189.4,Shipped,4500,1
UK,Liverpool,Small,1,71,2003,Qtr 4,October,6,3,10302,72.7,S18_4933,Classic Cars,1,23,1672.1,Shipped,1672.1000000000001,1
UK,Liverpool,Small,1,117,2004,Qtr 2,June,1,11,10253,100,S12_3380,Classic Cars,1,22,2402.84,Cancelled,2200,1
UK,Liverpool,Small,1,79,2004,Qtr 2,June,1,14,10253,90.17,S12_3990,Classic Cars,1,25,2254.25,Cancelled,2254.25,1
UK,Liverpool,Small,1,77,2004,Qtr 2,June,1,9,10253,83.93,S18_1889,Classic Cars,1,23,1930.39,Cancelled,1930.39,1
UK,Liverpool,Small,1,37,2004,Qtr 2,June,1,7,10253,42.67,S24_2972,Classic Cars,1,40,1706.8,Cancelled,1706.8000000000002,1
UK,Liverpool,Small,1,61,2004,Qtr 2,June,1,12,10253,52.66,S24_3371,Classic Cars,1,24,1263.84,Cancelled,1263.84,1
UK,Liverpool,Small,1,95,2005,Qtr 2,April,8,7,10403,100,S10_1678,Motorcycles,1,24,2434.56,Shipped,2400,1
UK,Liverpool,Small,1,62,2005,Qtr 2,April,8,1,10403,52.22,S18_3782,Motorcycles,1,36,1879.92,Shipped,1879.92,1
UK,Liverpool,Small,1,69,2005,Qtr 2,April,8,4,10403,79.65,S24_2360,Motorcycles,1,27,2150.55,Shipped,2150.55,1
UK,Liverpool,Small,1,40,2005,Qtr 2,April,8,2,10403,40.23,S32_2206,Motorcycles,1,30,1206.9,Shipped,1206.8999999999999,1
UK,Liverpool,Small,1,81,2005,Qtr 2,April,8,3,10403,68.34,S50_4713,Motorcycles,1,31,2118.54,Shipped,2118.54,1
UK,London,Medium,1,136,2003,Qtr 2,June,12,2,10129,100,S10_4757,Classic Cars,1,33,4398.24,Shipped,3300,1
UK,London,Medium,1,122,2003,Qtr 2,June,12,9,10129,100,S24_2011,Ships,1,45,6027.75,Shipped,4500,1
UK,London,Medium,1,88,2003,Qtr 2,June,12,4,10129,94.71,S24_3151,Vintage Cars,1,41,3883.11,Shipped,3883.1099999999997,1
UK,London,Medium,1,83,2003,Qtr 2,June,12,1,10129,77.99,S24_3816,Vintage Cars,1,50,3899.5,Shipped,3899.4999999999995,1
UK,London,Medium,1,72,2003,Qtr 2,June,12,3,10129,85.29,S700_2610,Ships,1,45,3838.05,Shipped,3838.05,1
UK,London,Medium,1,100,2003,Qtr 2,June,12,6,10129,91.15,S700_3505,Ships,1,42,3828.3,Shipped,3828.3,1
UK,London,Medium,1,147,2003,Qtr 4,November,6,9,10175,100,S10_4962,Classic Cars,1,33,5362.83,Shipped,3300,1
UK,London,Medium,1,118,2003,Qtr 4,November,6,1,10175,100,S12_4473,Trucks and Buses,1,26,3543.28,Shipped,2600,1
UK,London,Medium,1,122,2003,Qtr 4,November,6,4,10175,100,S18_2319,Trucks and Buses,1,48,5891.04,Shipped,4800,1
UK,London,Medium,1,169,2003,Qtr 4,November,6,5,10175,100,S18_3232,Classic Cars,1,29,4419.89,Shipped,2900,1
UK,London,Medium,1,121,2003,Qtr 4,November,6,10,10175,100,S18_4600,Trucks and Buses,1,47,5121.59,Shipped,4700,1
UK,London,Medium,1,54,2003,Qtr 4,November,6,3,10175,63.31,S32_2509,Trucks and Buses,1,50,3165.5,Shipped,3165.5,1
UK,London,Medium,1,101,2003,Qtr 4,November,6,11,10175,85.98,S700_2824,Classic Cars,1,42,3611.16,Shipped,3611.1600000000003,1
UK,London,Medium,1,136,2003,Qtr 4,November,14,9,10186,100,S10_4757,Classic Cars,1,26,3854.24,Shipped,2600,1
UK,London,Medium,1,157,2003,Qtr 4,November,14,1,10186,100,S18_1662,Planes,1,32,6004.8,Shipped,3200,1
UK,London,Medium,1,105,2003,Qtr 4,November,14,6,10186,100,S18_3856,Vintage Cars,1,46,4918.78,Shipped,4600,1
UK,London,Medium,1,83,2003,Qtr 4,November,14,8,10186,85.54,S24_3816,Vintage Cars,1,36,3079.44,Shipped,3079.44,1
UK,London,Medium,1,92,2004,Qtr 1,January,22,1,10213,94.79,S18_4409,Vintage Cars,1,38,3602.02,Shipped,3602.0200000000004,1
UK,London,Medium,1,157,2004,Qtr 4,December,3,1,10351,99.52,S18_1662,Planes,1,39,3881.28,Shipped,3881.2799999999997,1
UK,London,Medium,1,105,2004,Qtr 4,December,3,2,10351,100,S18_3856,Vintage Cars,1,20,3374.6,Shipped,2000,1
UK,London,Small,1,66,2003,Qtr 2,June,12,5,10129,60,S700_1138,Ships,1,31,1860,Shipped,1860,1
UK,London,Small,1,99,2003,Qtr 2,June,12,7,10129,85.41,S700_3962,Ships,1,30,2562.3,Shipped,2562.2999999999997,1
UK,London,Small,1,54,2003,Qtr 2,June,12,8,10129,64.97,S72_3212,Ships,1,32,2079.04,Shipped,2079.04,1
UK,London,Small,1,60,2003,Qtr 4,November,6,7,10175,69.28,S18_2432,Trucks and Buses,1,41,2840.48,Shipped,2840.48,1
UK,London,Small,1,127,2003,Qtr 4,November,6,6,10175,100,S24_2300,Trucks and Buses,1,28,2969.96,Shipped,2800,1
UK,London,Small,1,35,2003,Qtr 4,November,6,2,10175,31.12,S24_2840,Classic Cars,1,37,1151.44,Shipped,1151.44,1
UK,London,Small,1,96,2003,Qtr 4,November,6,8,10175,100,S32_1268,Trucks and Buses,1,22,2436.72,Shipped,2200,1
UK,London,Small,1,64,2003,Qtr 4,November,6,12,10175,74.98,S32_3522,Trucks and Buses,1,29,2174.42,Shipped,2174.42,1
UK,London,Small,1,86,2003,Qtr 4,November,14,7,10186,89.46,S18_3029,Ships,1,32,2862.72,Shipped,2862.72,1
UK,London,Small,1,68,2003,Qtr 4,November,14,2,10186,69.2,S24_2841,Planes,1,22,1522.4,Shipped,1522.4,1
UK,London,Small,1,65,2003,Qtr 4,November,14,3,10186,69.04,S24_3420,Vintage Cars,1,21,1449.84,Shipped,1449.8400000000001,1
UK,London,Small,1,90,2003,Qtr 4,November,14,5,10186,99.57,S700_2047,Ships,1,24,2389.68,Shipped,2389.68,1
UK,London,Small,1,49,2003,Qtr 4,November,14,4,10186,52.14,S72_1253,Planes,1,28,1459.92,Shipped,1459.92,1
UK,London,Small,1,71,2004,Qtr 1,January,22,2,10213,83.39,S18_4933,Classic Cars,1,25,2084.75,Shipped,2084.75,1
UK,London,Small,1,117,2004,Qtr 1,January,22,3,10213,100,S24_2887,Classic Cars,1,27,2790.45,Shipped,2700,1
UK,London,Small,1,68,2004,Qtr 4,December,3,5,10351,74.68,S24_2841,Planes,1,25,1867,Shipped,1867.0000000000002,1
UK,London,Small,1,65,2004,Qtr 4,December,3,4,10351,68.38,S24_3420,Vintage Cars,1,38,2598.44,Shipped,2598.4399999999996,1
UK,London,Small,1,68,2004,Qtr 4,December,3,3,10351,59.37,S24_3949,Planes,1,34,2018.58,Shipped,2018.58,1
UK,Manchester,Large,1,92,2004,Qtr 4,November,17,2,10332,100,S18_4409,Vintage Cars,1,50,7310,Shipped,5000,1
UK,Manchester,Medium,1,124,2003,Qtr 1,March,18,16,10110,100,S18_1589,Classic Cars,1,37,5433.08,Shipped,3700,1
UK,Manchester,Medium,1,170,2003,Qtr 1,March,18,7,10110,100,S18_1749,Vintage Cars,1,42,6069,Shipped,4200,1
UK,Manchester,Medium,1,127,2003,Qtr 1,March,18,4,10110,100,S18_2325,Vintage Cars,1,33,3859.68,Shipped,3300,1
UK,Manchester,Medium,1,168,2003,Qtr 1,March,18,1,10110,100,S18_2795,Vintage Cars,1,31,5074.39,Shipped,3100,1
UK,Manchester,Medium,1,73,2003,Qtr 1,March,18,13,10110,85.25,S24_1046,Classic Cars,1,36,3069,Shipped,3069,1
UK,Manchester,Medium,1,90,2003,Qtr 1,March,18,11,10110,78.15,S24_2766,Classic Cars,1,43,3360.45,Shipped,3360.4500000000003,1
UK,Manchester,Medium,1,117,2003,Qtr 1,March,18,10,10110,100,S24_2887,Classic Cars,1,46,5942.28,Shipped,4600,1
UK,Manchester,Medium,1,107,2003,Qtr 1,March,18,14,10110,100,S24_3432,Classic Cars,1,37,3724.42,Shipped,3700,1
UK,Manchester,Medium,1,207,2004,Qtr 4,October,14,13,10306,100,S12_1108,Classic Cars,1,31,6570.76,Shipped,3100,1
UK,Manchester,Medium,1,151,2004,Qtr 4,October,14,14,10306,100,S12_3148,Classic Cars,1,34,4982.7,Shipped,3400,1
UK,Manchester,Medium,1,173,2004,Qtr 4,October,14,12,10306,100,S12_3891,Classic Cars,1,20,3633.4,Shipped,2000,1
UK,Manchester,Medium,1,136,2004,Qtr 4,October,14,9,10306,100,S18_3140,Vintage Cars,1,32,3759.04,Shipped,3200,1
UK,Manchester,Medium,1,100,2004,Qtr 4,October,14,11,10306,91.76,S18_3259,Trains,1,40,3670.4,Shipped,3670.4,1
UK,Manchester,Medium,1,143,2004,Qtr 4,October,14,16,10306,100,S18_4027,Classic Cars,1,23,3600.65,Shipped,2300,1
UK,Manchester,Medium,1,87,2004,Qtr 4,October,14,8,10306,90.4,S18_4522,Vintage Cars,1,39,3525.6,Shipped,3525.6000000000004,1
UK,Manchester,Medium,1,122,2004,Qtr 4,October,14,7,10306,100,S24_2011,Ships,1,29,3207.4,Shipped,2900,1
UK,Manchester,Medium,1,86,2004,Qtr 4,October,14,10,10306,91.81,S700_1938,Ships,1,38,3488.78,Shipped,3488.78,1
UK,Manchester,Medium,1,72,2004,Qtr 4,October,14,1,10306,75.17,S700_2610,Ships,1,43,3232.31,Shipped,3232.31,1
UK,Manchester,Medium,1,99,2004,Qtr 4,October,14,5,10306,100,S700_3962,Ships,1,30,3515.7,Shipped,3000,1
UK,Manchester,Medium,1,102,2004,Qtr 4,November,17,15,10332,95.13,S18_1342,Vintage Cars,1,46,4375.98,Shipped,4375.98,1
UK,Manchester,Medium,1,60,2004,Qtr 4,November,17,9,10332,84.25,S18_2248,Vintage Cars,1,38,3201.5,Shipped,3201.5,1
UK,Manchester,Medium,1,71,2004,Qtr 4,November,17,3,10332,100,S18_4933,Classic Cars,1,21,3472.98,Shipped,2100,1
UK,Manchester,Medium,1,33,2004,Qtr 4,November,17,6,10332,81.91,S24_1937,Vintage Cars,1,45,3685.95,Shipped,3685.95,1
UK,Manchester,Medium,1,90,2004,Qtr 4,November,17,7,10332,86.72,S24_2766,Classic Cars,1,39,3382.08,Shipped,3382.08,1
UK,Manchester,Medium,1,41,2004,Qtr 4,November,17,14,10332,77.24,S24_3969,Vintage Cars,1,41,3166.84,Shipped,3166.8399999999997,1
UK,Manchester,Small,1,60,2003,Qtr 1,March,18,6,10110,50.25,S18_2248,Vintage Cars,1,32,1608,Shipped,1608,1
UK,Manchester,Small,1,92,2003,Qtr 1,March,18,8,10110,89.27,S18_4409,Vintage Cars,1,28,2499.56,Shipped,2499.56,1
UK,Manchester,Small,1,71,2003,Qtr 1,March,18,9,10110,61.29,S18_4933,Classic Cars,1,42,2574.18,Shipped,2574.18,1
UK,Manchester,Small,1,50,2003,Qtr 1,March,18,15,10110,59.37,S24_1628,Classic Cars,1,29,1721.73,Shipped,1721.73,1
UK,Manchester,Small,1,33,2003,Qtr 1,March,18,3,10110,35.51,S24_1937,Vintage Cars,1,20,710.2,Shipped,710.1999999999999,1
UK,Manchester,Small,1,44,2003,Qtr 1,March,18,2,10110,44.35,S24_2022,Vintage Cars,1,39,1729.65,Shipped,1729.65,1
UK,Manchester,Small,1,85,2003,Qtr 1,March,18,12,10110,73.62,S24_3191,Classic Cars,1,27,1987.74,Shipped,1987.7400000000002,1
UK,Manchester,Small,1,41,2003,Qtr 1,March,18,5,10110,34.47,S24_3969,Vintage Cars,1,48,1654.56,Shipped,1654.56,1
UK,Manchester,Small,1,88,2004,Qtr 4,October,14,2,10306,84.08,S24_3151,Vintage Cars,1,31,2606.48,Shipped,2606.48,1
UK,Manchester,Small,1,62,2004,Qtr 4,October,14,17,10306,50.33,S32_3207,Trains,1,46,2315.18,Shipped,2315.18,1
UK,Manchester,Small,1,58,2004,Qtr 4,October,14,15,10306,60.34,S50_1514,Trains,1,34,2051.56,Shipped,2051.56,1
UK,Manchester,Small,1,66,2004,Qtr 4,October,14,3,10306,54,S700_1138,Ships,1,50,2700,Shipped,2700,1
UK,Manchester,Small,1,100,2004,Qtr 4,October,14,4,10306,90.15,S700_3505,Ships,1,32,2884.8,Shipped,2884.8,1
UK,Manchester,Small,1,54,2004,Qtr 4,October,14,6,10306,59.51,S72_3212,Ships,1,35,2082.85,Shipped,2082.85,1
UK,Manchester,Small,1,53,2004,Qtr 4,November,17,16,10332,89.89,S18_1367,Vintage Cars,1,27,2427.03,Shipped,2427.03,1
UK,Manchester,Small,1,127,2004,Qtr 4,November,17,8,10332,64.69,S18_2325,Vintage Cars,1,35,2264.15,Shipped,2264.15,1
UK,Manchester,Small,1,168,2004,Qtr 4,November,17,1,10332,52.67,S18_2795,Vintage Cars,1,24,1264.08,Shipped,1264.08,1
UK,Manchester,Small,1,62,2004,Qtr 4,November,17,17,10332,100,S18_2957,Vintage Cars,1,26,2979.08,Shipped,2600,1
UK,Manchester,Small,1,104,2004,Qtr 4,November,17,18,10332,39.8,S18_3136,Vintage Cars,1,40,1592,Shipped,1592,1
UK,Manchester,Small,1,73,2004,Qtr 4,November,17,4,10332,56.84,S24_1046,Classic Cars,1,23,1307.32,Shipped,1307.3200000000002,1
UK,Manchester,Small,1,50,2004,Qtr 4,November,17,5,10332,87.96,S24_1628,Classic Cars,1,20,1759.2,Shipped,1759.1999999999998,1
UK,Manchester,Small,1,44,2004,Qtr 4,November,17,10,10332,85.52,S24_2022,Vintage Cars,1,26,2223.52,Shipped,2223.52,1
UK,Manchester,Small,1,117,2004,Qtr 4,November,17,11,10332,42.26,S24_2887,Classic Cars,1,44,1859.44,Shipped,1859.4399999999998,1
UK,Manchester,Small,1,85,2004,Qtr 4,November,17,12,10332,34.19,S24_3191,Classic Cars,1,45,1538.55,Shipped,1538.55,1
UK,Manchester,Small,1,107,2004,Qtr 4,November,17,13,10332,37.18,S24_3432,Classic Cars,1,31,1152.58,Shipped,1152.58,1
USA,Allentown,Large,1,173,2004,Qtr 3,July,20,1,10272,100,S12_3891,Classic Cars,1,39,7962.24,Shipped,3900,1
USA,Allentown,Large,1,147,2004,Qtr 3,August,19,9,10281,100,S10_4962,Classic Cars,1,44,7020.64,Shipped,4400,1
USA,Allentown,Large,1,193,2004,Qtr 4,November,2,3,10318,100,S10_4698,Motorcycles,1,37,7667.14,Shipped,3700,1
USA,Allentown,Large,1,118,2004,Qtr 4,November,2,8,10318,100,S700_2834,Planes,1,50,7119,Shipped,5000,1
USA,Allentown,Medium,1,207,2004,Qtr 3,July,20,2,10272,100,S12_1108,Classic Cars,1,35,5818.4,Shipped,3500,1
USA,Allentown,Medium,1,151,2004,Qtr 3,July,20,3,10272,100,S12_3148,Classic Cars,1,27,4283.01,Shipped,2700,1
USA,Allentown,Medium,1,143,2004,Qtr 3,July,20,5,10272,100,S18_4027,Classic Cars,1,25,3734,Shipped,2500,1
USA,Allentown,Medium,1,118,2004,Qtr 3,August,19,1,10281,100,S12_4473,Trucks and Buses,1,41,5247.18,Shipped,4100,1
USA,Allentown,Medium,1,122,2004,Qtr 3,August,19,4,10281,100,S18_2319,Trucks and Buses,1,48,5773.44,Shipped,4800,1
USA,Allentown,Medium,1,169,2004,Qtr 3,August,19,5,10281,100,S18_3232,Classic Cars,1,25,4191.25,Shipped,2500,1
USA,Allentown,Medium,1,95,2004,Qtr 4,November,2,1,10318,94.74,S10_1678,Motorcycles,1,46,4358.04,Shipped,4358.04,1
USA,Allentown,Medium,1,118,2004,Qtr 4,November,2,4,10318,100,S10_2016,Motorcycles,1,45,5566.5,Shipped,4500,1
USA,Allentown,Medium,1,84,2004,Qtr 4,November,2,9,10318,100,S18_2581,Planes,1,31,3116.43,Shipped,3100,1
USA,Allentown,Medium,1,112,2004,Qtr 4,November,2,2,10318,100,S24_1578,Motorcycles,1,48,6437.28,Shipped,4800,1
USA,Allentown,Medium,1,99,2004,Qtr 4,November,2,7,10318,100,S32_1374,Motorcycles,1,47,5305.36,Shipped,4700,1
USA,Allentown,Medium,1,102,2005,Qtr 2,May,30,2,10422,95.55,S18_1342,Vintage Cars,1,51,4873.05,In Process,4873.05,1
USA,Allentown,Small,1,62,2004,Qtr 3,July,20,6,10272,64.63,S32_3207,Trains,1,45,2908.35,Shipped,2908.35,1
USA,Allentown,Small,1,58,2004,Qtr 3,July,20,4,10272,56.82,S50_1514,Trains,1,43,2443.26,Shipped,2443.26,1
USA,Allentown,Small,1,136,2004,Qtr 3,August,19,13,10281,100,S12_1666,Trucks and Buses,1,25,2938.5,Shipped,2500,1
USA,Allentown,Small,1,60,2004,Qtr 3,August,19,7,10281,57.73,S18_2432,Trucks and Buses,1,29,1674.17,Shipped,1674.1699999999998,1
USA,Allentown,Small,1,121,2004,Qtr 3,August,19,10,10281,99.29,S18_4600,Trucks and Buses,1,25,2482.25,Shipped,2482.25,1
USA,Allentown,Small,1,50,2004,Qtr 3,August,19,14,10281,59.87,S18_4668,Vintage Cars,1,44,2634.28,Shipped,2634.2799999999997,1
USA,Allentown,Small,1,127,2004,Qtr 3,August,19,6,10281,100,S24_2300,Trucks and Buses,1,25,2779.5,Shipped,2500,1
USA,Allentown,Small,1,35,2004,Qtr 3,August,19,2,10281,40.66,S24_2840,Classic Cars,1,20,813.2,Shipped,813.1999999999999,1
USA,Allentown,Small,1,96,2004,Qtr 3,August,19,8,10281,82.83,S32_1268,Trucks and Buses,1,29,2402.07,Shipped,2402.07,1
USA,Allentown,Small,1,54,2004,Qtr 3,August,19,3,10281,55.19,S32_2509,Trucks and Buses,1,31,1710.89,Shipped,1710.8899999999999,1
USA,Allentown,Small,1,64,2004,Qtr 3,August,19,12,10281,77.57,S32_3522,Trucks and Buses,1,36,2792.52,Shipped,2792.5199999999995,1
USA,Allentown,Small,1,101,2004,Qtr 3,August,19,11,10281,85.98,S700_2824,Classic Cars,1,27,2321.46,Shipped,2321.46,1
USA,Allentown,Small,1,60,2004,Qtr 4,November,2,5,10318,52.7,S18_2625,Motorcycles,1,42,2213.4,Shipped,2213.4,1
USA,Allentown,Small,1,76,2004,Qtr 4,November,2,6,10318,86.83,S24_2000,Motorcycles,1,26,2257.58,Shipped,2257.58,1
USA,Allentown,Small,1,53,2005,Qtr 2,May,30,1,10422,51.75,S18_1367,Vintage Cars,1,25,1293.75,In Process,1293.75,1
USA,Boston,Large,1,163,2003,Qtr 4,December,9,6,10207,100,S18_2238,Classic Cars,1,44,7060.24,Shipped,4400,1
USA,Boston,Medium,1,147,2003,Qtr 4,December,9,15,10207,100,S10_4962,Classic Cars,1,31,4076.19,Shipped,3100,1
USA,Boston,Medium,1,118,2003,Qtr 4,December,9,7,10207,99.54,S12_4473,Trucks and Buses,1,34,3384.36,Shipped,3384.36,1
USA,Boston,Medium,1,122,2003,Qtr 4,December,9,10,10207,100,S18_2319,Trucks and Buses,1,43,5752.54,Shipped,4300,1
USA,Boston,Medium,1,169,2003,Qtr 4,December,9,11,10207,100,S18_3232,Classic Cars,1,25,3937.25,Shipped,2500,1
USA,Boston,Medium,1,143,2003,Qtr 4,December,9,1,10207,100,S18_4027,Classic Cars,1,40,6146.8,Shipped,4000,1
USA,Boston,Medium,1,121,2003,Qtr 4,December,9,16,10207,100,S18_4600,Trucks and Buses,1,47,6658.02,Shipped,4700,1
USA,Boston,Medium,1,127,2003,Qtr 4,December,9,12,10207,100,S24_2300,Trucks and Buses,1,46,6819.04,Shipped,4600,1
USA,Boston,Medium,1,96,2003,Qtr 4,December,9,14,10207,80.9,S32_1268,Trucks and Buses,1,49,3964.1,Shipped,3964.1000000000004,1
USA,Boston,Medium,1,127,2004,Qtr 2,April,26,2,10243,100,S18_2325,Vintage Cars,1,47,6154.18,Shipped,4700,1
USA,Boston,Medium,1,80,2004,Qtr 2,June,30,1,10264,83.27,S24_4620,Classic Cars,1,47,3913.69,Shipped,3913.6899999999996,1
USA,Boston,Medium,1,102,2004,Qtr 2,June,30,7,10264,97.97,S32_4485,Motorcycles,1,34,3330.98,Shipped,3330.98,1
USA,Boston,Medium,1,81,2004,Qtr 2,June,30,5,10264,89.5,S50_4713,Motorcycles,1,47,4206.5,Shipped,4206.5,1
USA,Boston,Medium,1,136,2004,Qtr 3,September,10,1,10295,100,S10_4757,Classic Cars,1,24,3427.2,Shipped,2400,1
USA,Boston,Medium,1,88,2004,Qtr 3,September,10,3,10295,84.97,S24_3151,Vintage Cars,1,46,3908.62,Shipped,3908.62,1
USA,Boston,Medium,1,100,2004,Qtr 3,September,10,5,10295,100,S700_3505,Ships,1,34,3473.78,Shipped,3400,1
USA,Boston,Medium,1,86,2005,Qtr 2,May,6,1,10414,73.98,S18_3029,Ships,1,44,3255.12,On Hold,3255.1200000000003,1
USA,Boston,Medium,1,136,2005,Qtr 2,May,6,12,10414,100,S18_3140,Vintage Cars,1,41,4872.03,On Hold,4100,1
USA,Boston,Medium,1,100,2005,Qtr 2,May,6,14,10414,100,S18_3259,Trains,1,48,5808.48,On Hold,4800,1
USA,Boston,Medium,1,122,2005,Qtr 2,May,6,10,10414,100,S24_2011,Ships,1,23,3335.23,On Hold,2300,1
USA,Boston,Medium,1,88,2005,Qtr 2,May,6,5,10414,100,S24_3151,Vintage Cars,1,60,6107.4,On Hold,6000,1
USA,Boston,Medium,1,83,2005,Qtr 2,May,6,2,10414,76.31,S24_3816,Vintage Cars,1,51,3891.81,On Hold,3891.81,1
USA,Boston,Medium,1,86,2005,Qtr 2,May,6,13,10414,100,S700_1938,Ships,1,34,3533.62,On Hold,3400,1
USA,Boston,Medium,1,100,2005,Qtr 2,May,6,7,10414,100,S700_3505,Ships,1,28,3029.04,On Hold,2800,1
USA,Boston,Medium,1,54,2005,Qtr 2,May,6,9,10414,65.52,S72_3212,Ships,1,47,3079.44,On Hold,3079.4399999999996,1
USA,Boston,Small,1,60,2003,Qtr 4,December,9,13,10207,69.89,S18_2432,Trucks and Buses,1,37,2585.93,Shipped,2585.93,1
USA,Boston,Small,1,57,2003,Qtr 4,December,9,4,10207,46.82,S24_1444,Classic Cars,1,49,2294.18,Shipped,2294.18,1
USA,Boston,Small,1,35,2003,Qtr 4,December,9,8,10207,29.7,S24_2840,Classic Cars,1,42,1247.4,Shipped,1247.3999999999999,1
USA,Boston,Small,1,118,2003,Qtr 4,December,9,3,10207,100,S24_4048,Classic Cars,1,28,2980.6,Shipped,2800,1
USA,Boston,Small,1,54,2003,Qtr 4,December,9,9,10207,60.06,S32_2509,Trucks and Buses,1,27,1621.62,Shipped,1621.6200000000001,1
USA,Boston,Small,1,62,2003,Qtr 4,December,9,2,10207,56.55,S32_3207,Trains,1,45,2544.75,Shipped,2544.75,1
USA,Boston,Small,1,115,2003,Qtr 4,December,9,5,10207,94.92,S50_1392,Trucks and Buses,1,28,2657.76,Shipped,2657.76,1
USA,Boston,Small,1,33,2004,Qtr 2,April,26,1,10243,29.54,S24_1937,Vintage Cars,1,33,974.82,Shipped,974.8199999999999,1
USA,Boston,Small,1,62,2004,Qtr 2,June,30,3,10264,54.71,S18_3782,Motorcycles,1,48,2626.08,Shipped,2626.08,1
USA,Boston,Small,1,148,2004,Qtr 2,June,30,2,10264,100,S18_4721,Classic Cars,1,20,2410.6,Shipped,2000,1
USA,Boston,Small,1,69,2004,Qtr 2,June,30,6,10264,65.1,S24_2360,Motorcycles,1,37,2408.7,Shipped,2408.7,1
USA,Boston,Small,1,40,2004,Qtr 2,June,30,4,10264,32.59,S32_2206,Motorcycles,1,20,651.8,Shipped,651.8000000000001,1
USA,Boston,Small,1,66,2004,Qtr 3,September,10,4,10295,75.34,S700_1138,Ships,1,26,1958.84,Shipped,1958.8400000000001,1
USA,Boston,Small,1,72,2004,Qtr 3,September,10,2,10295,58.55,S700_2610,Ships,1,44,2576.2,Shipped,2576.2,1
USA,Boston,Small,1,136,2005,Qtr 2,May,6,3,10414,100,S10_4757,Classic Cars,1,19,2764.88,On Hold,1900,1
USA,Boston,Small,1,87,2005,Qtr 2,May,6,11,10414,75.48,S18_4522,Vintage Cars,1,16,1207.68,On Hold,1207.68,1
USA,Boston,Small,1,66,2005,Qtr 2,May,6,6,10414,71.34,S700_1138,Ships,1,37,2639.58,On Hold,2639.58,1
USA,Boston,Small,1,72,2005,Qtr 2,May,6,4,10414,75.89,S700_2610,Ships,1,31,2352.59,On Hold,2352.59,1
USA,Boston,Small,1,99,2005,Qtr 2,May,6,8,10414,90.37,S700_3962,Ships,1,27,2439.99,On Hold,2439.9900000000002,1
USA,Brickhaven,Large,1,194,2003,Qtr 3,September,5,7,10147,100,S12_1099,Classic Cars,1,48,9245.76,Shipped,4800,1
USA,Brickhaven,Large,1,194,2004,Qtr 3,August,2,3,10276,100,S12_1099,Classic Cars,1,50,9631,Shipped,5000,1
USA,Brickhaven,Large,1,102,2005,Qtr 1,January,20,8,10369,100,S18_1342,Vintage Cars,1,44,9240.44,Shipped,4400,1
USA,Brickhaven,Medium,1,86,2003,Qtr 2,June,16,2,10130,96.34,S18_3029,Ships,1,40,3853.6,Shipped,3853.6000000000004,1
USA,Brickhaven,Medium,1,105,2003,Qtr 2,June,16,1,10130,100,S18_3856,Vintage Cars,1,33,3423.75,Shipped,3300,1
USA,Brickhaven,Medium,1,117,2003,Qtr 3,September,5,5,10147,100,S12_3380,Classic Cars,1,31,3494.94,Shipped,3100,1
USA,Brickhaven,Medium,1,115,2003,Qtr 3,September,5,4,10147,97.89,S12_4675,Classic Cars,1,33,3230.37,Shipped,3230.37,1
USA,Brickhaven,Medium,1,80,2003,Qtr 3,September,5,10,10147,86.04,S18_3278,Classic Cars,1,36,3097.44,Shipped,3097.44,1
USA,Brickhaven,Medium,1,146,2003,Qtr 3,September,5,9,10147,100,S18_3482,Classic Cars,1,37,4405.22,Shipped,3700,1
USA,Brickhaven,Medium,1,157,2004,Qtr 3,July,21,1,10274,100,S18_1662,Planes,1,41,6724,Shipped,4100,1
USA,Brickhaven,Medium,1,150,2004,Qtr 3,August,2,14,10276,100,S12_2823,Motorcycles,1,43,5181.5,Shipped,4300,1
USA,Brickhaven,Medium,1,117,2004,Qtr 3,August,2,1,10276,100,S12_3380,Classic Cars,1,47,5464.69,Shipped,4700,1
USA,Brickhaven,Medium,1,79,2004,Qtr 3,August,2,4,10276,83.79,S12_3990,Classic Cars,1,38,3184.02,Shipped,3184.0200000000004,1
USA,Brickhaven,Medium,1,146,2004,Qtr 3,August,2,5,10276,100,S18_3482,Classic Cars,1,30,3924.6,Shipped,3000,1
USA,Brickhaven,Medium,1,148,2004,Qtr 3,August,2,8,10276,100,S18_4721,Classic Cars,1,48,5713.92,Shipped,4800,1
USA,Brickhaven,Medium,1,69,2004,Qtr 3,August,2,12,10276,75.49,S24_2360,Motorcycles,1,46,3472.54,Shipped,3472.54,1
USA,Brickhaven,Medium,1,80,2004,Qtr 3,August,2,7,10276,75.18,S24_4620,Classic Cars,1,48,3608.64,Shipped,3608.6400000000003,1
USA,Brickhaven,Medium,1,102,2004,Qtr 3,August,2,13,10276,100,S32_4485,Motorcycles,1,38,4304.64,Shipped,3800,1
USA,Brickhaven,Medium,1,97,2004,Qtr 3,September,7,1,10290,100,S24_4258,Vintage Cars,1,45,5171.4,Shipped,4500,1
USA,Brickhaven,Medium,1,99,2004,Qtr 3,September,10,1,10294,100,S700_3962,Ships,1,45,4692.6,Shipped,4500,1
USA,Brickhaven,Medium,1,99,2004,Qtr 4,December,3,2,10352,100,S700_2466,Planes,1,49,4935.28,Shipped,4900,1
USA,Brickhaven,Medium,1,214,2005,Qtr 1,January,20,2,10369,100,S10_1949,Classic Cars,1,41,4514.92,Shipped,4100,1
USA,Brickhaven,Medium,1,53,2005,Qtr 1,January,20,7,10369,98.63,S18_1367,Vintage Cars,1,32,3156.16,Shipped,3156.16,1
USA,Brickhaven,Medium,1,101,2005,Qtr 1,January,20,1,10369,100,S18_2949,Vintage Cars,1,42,4581.36,Shipped,4200,1
USA,Brickhaven,Medium,1,99,2005,Qtr 1,January,20,4,10369,73.08,S18_3320,Vintage Cars,1,45,3288.6,Shipped,3288.6,1
USA,Brickhaven,Medium,1,97,2005,Qtr 1,January,20,3,10369,86.92,S24_4258,Vintage Cars,1,40,3476.8,Shipped,3476.8,1
USA,Brickhaven,Small,1,79,2003,Qtr 3,September,5,8,10147,63.84,S12_3990,Classic Cars,1,21,1340.64,Shipped,1340.64,1
USA,Brickhaven,Small,1,77,2003,Qtr 3,September,5,3,10147,82.39,S18_1889,Classic Cars,1,26,2142.14,Shipped,2142.14,1
USA,Brickhaven,Small,1,37,2003,Qtr 3,September,5,1,10147,42.67,S24_2972,Classic Cars,1,25,1066.75,Shipped,1066.75,1
USA,Brickhaven,Small,1,61,2003,Qtr 3,September,5,6,10147,68.58,S24_3371,Classic Cars,1,30,2057.4,Shipped,2057.4,1
USA,Brickhaven,Small,1,140,2003,Qtr 3,September,5,2,10147,100,S24_3856,Classic Cars,1,23,2906.97,Shipped,2300,1
USA,Brickhaven,Small,1,80,2003,Qtr 3,September,5,11,10147,64.67,S24_4620,Classic Cars,1,31,2004.77,Shipped,2004.77,1
USA,Brickhaven,Small,1,68,2004,Qtr 3,July,21,2,10274,65.08,S24_2841,Planes,1,40,2603.2,Shipped,2603.2,1
USA,Brickhaven,Small,1,65,2004,Qtr 3,July,21,3,10274,72.33,S24_3420,Vintage Cars,1,24,1735.92,Shipped,1735.92,1
USA,Brickhaven,Small,1,90,2004,Qtr 3,July,21,5,10274,90.52,S700_2047,Ships,1,24,2172.48,Shipped,2172.48,1
USA,Brickhaven,Small,1,49,2004,Qtr 3,July,21,4,10274,58.6,S72_1253,Planes,1,32,1875.2,Shipped,1875.2,1
USA,Brickhaven,Small,1,80,2004,Qtr 3,August,2,6,10276,69.96,S18_3278,Classic Cars,1,38,2658.48,Shipped,2658.4799999999996,1
USA,Brickhaven,Small,1,62,2004,Qtr 3,August,2,9,10276,50.36,S18_3782,Motorcycles,1,33,1661.88,Shipped,1661.8799999999999,1
USA,Brickhaven,Small,1,61,2004,Qtr 3,August,2,2,10276,61.23,S24_3371,Classic Cars,1,20,1224.6,Shipped,1224.6,1
USA,Brickhaven,Small,1,40,2004,Qtr 3,August,2,10,10276,36.61,S32_2206,Motorcycles,1,27,988.47,Shipped,988.47,1
USA,Brickhaven,Small,1,81,2004,Qtr 3,August,2,11,10276,70.78,S50_4713,Motorcycles,1,21,1486.38,Shipped,1486.38,1
USA,Brickhaven,Small,1,99,2004,Qtr 3,September,7,2,10290,96.23,S18_3320,Vintage Cars,1,26,2501.98,Shipped,2501.98,1
USA,Brickhaven,Small,1,90,2004,Qtr 4,December,3,3,10352,100,S700_2047,Ships,1,23,2352.67,Shipped,2300,1
USA,Brickhaven,Small,1,74,2004,Qtr 4,December,3,1,10352,75.51,S700_4002,Planes,1,22,1661.22,Shipped,1661.22,1
USA,Brickhaven,Small,1,49,2004,Qtr 4,December,3,4,10352,52.64,S72_1253,Planes,1,49,2579.36,Shipped,2579.36,1
USA,Brickhaven,Small,1,62,2005,Qtr 1,January,20,6,10369,44.21,S18_2957,Vintage Cars,1,28,1237.88,Shipped,1237.88,1
USA,Brickhaven,Small,1,104,2005,Qtr 1,January,20,5,10369,94.22,S18_3136,Vintage Cars,1,21,1978.62,Shipped,1978.62,1
USA,Bridgewater,Large,1,193,2004,Qtr 2,June,28,4,10263,100,S10_4698,Motorcycles,1,41,8336.94,Shipped,4100,1
USA,Bridgewater,Large,1,207,2005,Qtr 2,May,5,2,10413,100,S12_1108,Classic Cars,1,36,8677.8,Shipped,3600,1
USA,Bridgewater,Large,1,151,2005,Qtr 2,May,5,3,10413,100,S12_3148,Classic Cars,1,47,8236.75,Shipped,4700,1
USA,Bridgewater,Medium,1,124,2003,Qtr 4,November,5,6,10172,100,S18_1589,Classic Cars,1,42,4965.24,Shipped,4200,1
USA,Bridgewater,Medium,1,132,2003,Qtr 4,November,5,7,10172,100,S18_2870,Classic Cars,1,39,6023.16,Shipped,3900,1
USA,Bridgewater,Medium,1,141,2003,Qtr 4,November,5,8,10172,100,S18_3685,Classic Cars,1,48,5493.12,Shipped,4800,1
USA,Bridgewater,Medium,1,95,2004,Qtr 2,June,28,2,10263,100,S10_1678,Motorcycles,1,34,3676.76,Shipped,3400,1
USA,Bridgewater,Medium,1,118,2004,Qtr 2,June,28,5,10263,100,S10_2016,Motorcycles,1,40,4472,Shipped,4000,1
USA,Bridgewater,Medium,1,150,2004,Qtr 2,June,28,1,10263,100,S12_2823,Motorcycles,1,48,6434.4,Shipped,4800,1
USA,Bridgewater,Medium,1,112,2004,Qtr 2,June,28,3,10263,100,S24_1578,Motorcycles,1,42,4307.52,Shipped,4200,1
USA,Bridgewater,Medium,1,118,2004,Qtr 2,June,28,9,10263,100,S700_2834,Planes,1,47,5465.16,Shipped,4700,1
USA,Bridgewater,Medium,1,173,2005,Qtr 2,May,5,1,10413,100,S12_3891,Classic Cars,1,22,3387.78,Shipped,2200,1
USA,Bridgewater,Medium,1,143,2005,Qtr 2,May,5,5,10413,100,S18_4027,Classic Cars,1,49,6896.75,Shipped,4900,1
USA,Bridgewater,Medium,1,58,2005,Qtr 2,May,5,4,10413,63.85,S50_1514,Trains,1,51,3256.35,Shipped,3256.35,1
USA,Bridgewater,Small,1,73,2003,Qtr 4,November,5,3,10172,75.69,S24_1046,Classic Cars,1,32,2422.08,Shipped,2422.08,1
USA,Bridgewater,Small,1,50,2003,Qtr 4,November,5,5,10172,42.76,S24_1628,Classic Cars,1,34,1453.84,Shipped,1453.84,1
USA,Bridgewater,Small,1,90,2003,Qtr 4,November,5,1,10172,74.51,S24_2766,Classic Cars,1,22,1639.22,Shipped,1639.22,1
USA,Bridgewater,Small,1,85,2003,Qtr 4,November,5,2,10172,81.33,S24_3191,Classic Cars,1,24,1951.92,Shipped,1951.92,1
USA,Bridgewater,Small,1,107,2003,Qtr 4,November,5,4,10172,98.51,S24_3432,Classic Cars,1,22,2167.22,Shipped,2167.2200000000003,1
USA,Bridgewater,Small,1,84,2004,Qtr 2,June,28,10,10263,86.17,S18_2581,Planes,1,33,2843.61,Shipped,2843.61,1
USA,Bridgewater,Small,1,60,2004,Qtr 2,June,28,6,10263,58.75,S18_2625,Motorcycles,1,34,1997.5,Shipped,1997.5,1
USA,Bridgewater,Small,1,76,2004,Qtr 2,June,28,7,10263,62.46,S24_2000,Motorcycles,1,37,2311.02,Shipped,2311.02,1
USA,Bridgewater,Small,1,72,2004,Qtr 2,June,28,11,10263,75.35,S24_4278,Planes,1,24,1808.4,Shipped,1808.3999999999999,1
USA,Bridgewater,Small,1,99,2004,Qtr 2,June,28,8,10263,79.91,S32_1374,Motorcycles,1,31,2477.21,Shipped,2477.21,1
USA,Bridgewater,Small,1,62,2005,Qtr 2,May,5,6,10413,49.71,S32_3207,Trains,1,24,1193.04,Shipped,1193.04,1
USA,Brisbane,Large,1,163,2004,Qtr 1,February,10,1,10219,100,S18_2238,Classic Cars,1,43,8448.64,Shipped,4300,1
USA,Brisbane,Medium,1,102,2003,Qtr 3,September,12,4,10149,100,S18_1342,Vintage Cars,1,50,5907.5,Shipped,5000,1
USA,Brisbane,Medium,1,170,2003,Qtr 3,September,12,11,10149,100,S18_1749,Vintage Cars,1,34,5375.4,Shipped,3400,1
USA,Brisbane,Medium,1,127,2003,Qtr 3,September,12,8,10149,100,S18_2325,Vintage Cars,1,33,4950.33,Shipped,3300,1
USA,Brisbane,Medium,1,168,2003,Qtr 3,September,12,5,10149,100,S18_2795,Vintage Cars,1,23,4230.62,Shipped,2300,1
USA,Brisbane,Medium,1,99,2003,Qtr 3,September,12,2,10149,94.25,S18_3320,Vintage Cars,1,42,3958.5,Shipped,3958.5,1
USA,Brisbane,Medium,1,118,2004,Qtr 1,February,10,2,10219,100,S12_4473,Trucks and Buses,1,48,4891.68,Shipped,4800,1
USA,Brisbane,Small,1,53,2003,Qtr 3,September,12,3,10149,58.22,S18_1367,Vintage Cars,1,30,1746.6,Shipped,1746.6,1
USA,Brisbane,Small,1,60,2003,Qtr 3,September,12,10,10149,62.36,S18_2248,Vintage Cars,1,24,1496.64,Shipped,1496.6399999999999,1
USA,Brisbane,Small,1,33,2003,Qtr 3,September,12,7,10149,33.19,S24_1937,Vintage Cars,1,36,1194.84,Shipped,1194.84,1
USA,Brisbane,Small,1,44,2003,Qtr 3,September,12,6,10149,49.28,S24_2022,Vintage Cars,1,49,2414.72,Shipped,2414.7200000000003,1
USA,Brisbane,Small,1,41,2003,Qtr 3,September,12,9,10149,38.98,S24_3969,Vintage Cars,1,26,1013.48,Shipped,1013.4799999999999,1
USA,Brisbane,Small,1,97,2003,Qtr 3,September,12,1,10149,90.57,S24_4258,Vintage Cars,1,20,1811.4,Shipped,1811.3999999999999,1
USA,Brisbane,Small,1,35,2004,Qtr 1,February,10,3,10219,40.31,S24_2840,Classic Cars,1,21,846.51,Shipped,846.51,1
USA,Brisbane,Small,1,54,2004,Qtr 1,February,10,4,10219,55.19,S32_2509,Trucks and Buses,1,35,1931.65,Shipped,1931.6499999999999,1
USA,Burbank,Medium,1,91,2003,Qtr 4,December,1,2,10199,83.12,S700_1691,Planes,1,48,3989.76,Shipped,3989.76,1
USA,Burbank,Medium,1,80,2003,Qtr 4,December,1,3,10199,82.4,S700_3167,Planes,1,38,3131.2,Shipped,3131.2000000000003,1
USA,Burbank,Medium,1,214,2004,Qtr 1,January,29,3,10215,100,S10_1949,Classic Cars,1,35,6075.3,Shipped,3500,1
USA,Burbank,Medium,1,116,2004,Qtr 1,January,29,2,10215,100,S18_1097,Trucks and Buses,1,46,5152,Shipped,4600,1
USA,Burbank,Medium,1,101,2004,Qtr 1,January,29,4,10215,100,S18_2949,Vintage Cars,1,49,5510.05,Shipped,4900,1
USA,Burbank,Medium,1,104,2004,Qtr 1,January,29,5,10215,100,S18_3136,Vintage Cars,1,49,5285.14,Shipped,4900,1
USA,Burbank,Medium,1,99,2004,Qtr 1,January,29,8,10215,100,S18_3320,Vintage Cars,1,41,4555.92,Shipped,4100,1
USA,Burbank,Medium,1,97,2004,Qtr 1,January,29,7,10215,90.57,S24_4258,Vintage Cars,1,39,3532.23,Shipped,3532.2299999999996,1
USA,Burbank,Small,1,43,2003,Qtr 4,December,1,1,10199,38.4,S50_1341,Vintage Cars,1,29,1113.6,Shipped,1113.6,1
USA,Burbank,Small,1,102,2004,Qtr 1,January,29,10,10215,89.38,S18_1342,Vintage Cars,1,27,2413.26,Shipped,2413.2599999999998,1
USA,Burbank,Small,1,53,2004,Qtr 1,January,29,9,10215,43.13,S18_1367,Vintage Cars,1,33,1423.29,Shipped,1423.2900000000002,1
USA,Burbank,Small,1,62,2004,Qtr 1,January,29,6,10215,58.71,S18_2957,Vintage Cars,1,31,1820.01,Shipped,1820.01,1
USA,Burbank,Small,1,50,2004,Qtr 1,January,29,1,10215,45.28,S18_4668,Vintage Cars,1,46,2082.88,Shipped,2082.88,1
USA,Burlingame,Large,1,214,2003,Qtr 3,July,24,11,10140,100,S10_1949,Classic Cars,1,37,7374.1,Shipped,3700,1
USA,Burlingame,Medium,1,147,2003,Qtr 3,July,24,4,10140,100,S10_4962,Classic Cars,1,26,3188.12,Shipped,2600,1
USA,Burlingame,Medium,1,136,2003,Qtr 3,July,24,8,10140,100,S12_1666,Trucks and Buses,1,38,4829.8,Shipped,3800,1
USA,Burlingame,Medium,1,116,2003,Qtr 3,July,24,10,10140,100,S18_1097,Trucks and Buses,1,32,4181.44,Shipped,3200,1
USA,Burlingame,Medium,1,121,2003,Qtr 3,July,24,5,10140,100,S18_4600,Trucks and Buses,1,40,4601.2,Shipped,4000,1
USA,Burlingame,Medium,1,127,2003,Qtr 3,July,24,1,10140,100,S24_2300,Trucks and Buses,1,47,5105.14,Shipped,4700,1
USA,Burlingame,Medium,1,101,2003,Qtr 3,July,24,6,10140,100,S700_2824,Classic Cars,1,36,4114.8,Shipped,3600,1
USA,Burlingame,Medium,1,95,2003,Qtr 4,October,28,1,10168,96.66,S10_1678,Motorcycles,1,36,3479.76,Shipped,3479.7599999999998,1
USA,Burlingame,Medium,1,118,2003,Qtr 4,October,28,4,10168,100,S10_2016,Motorcycles,1,27,3660.93,Shipped,2700,1
USA,Burlingame,Medium,1,193,2003,Qtr 4,October,28,3,10168,100,S10_4698,Motorcycles,1,20,4183,Shipped,2000,1
USA,Burlingame,Medium,1,112,2003,Qtr 4,October,28,2,10168,100,S24_1578,Motorcycles,1,50,5747.5,Shipped,5000,1
USA,Burlingame,Medium,1,109,2003,Qtr 4,October,28,11,10168,100,S24_1785,Planes,1,49,6433.7,Shipped,4900,1
USA,Burlingame,Medium,1,72,2003,Qtr 4,October,28,10,10168,78.25,S24_4278,Planes,1,48,3756,Shipped,3756,1
USA,Burlingame,Medium,1,99,2003,Qtr 4,October,28,7,10168,100,S32_1374,Motorcycles,1,28,3244.36,Shipped,2800,1
USA,Burlingame,Medium,1,99,2003,Qtr 4,October,28,16,10168,100,S700_2466,Planes,1,31,3431.39,Shipped,3100,1
USA,Burlingame,Medium,1,118,2003,Qtr 4,October,28,8,10168,100,S700_2834,Planes,1,36,4527.72,Shipped,3600,1
USA,Burlingame,Medium,1,80,2003,Qtr 4,October,28,15,10168,96,S700_3167,Planes,1,48,4608,Shipped,4608,1
USA,Burlingame,Medium,1,74,2003,Qtr 4,October,28,17,10168,82.91,S700_4002,Planes,1,39,3233.49,Shipped,3233.49,1
USA,Burlingame,Medium,1,193,2005,Qtr 1,January,5,4,10362,100,S10_4698,Motorcycles,1,22,3664.1,Shipped,2200,1
USA,Burlingame,Medium,1,150,2005,Qtr 1,January,5,1,10362,100,S12_2823,Motorcycles,1,22,3877.06,Shipped,2200,1
USA,Burlingame,Medium,1,112,2005,Qtr 1,January,5,2,10362,96.92,S24_1578,Motorcycles,1,50,4846,Shipped,4846,1
USA,Burlingame,Small,1,60,2003,Qtr 3,July,24,2,10140,61.99,S18_2432,Trucks and Buses,1,46,2851.54,Shipped,2851.54,1
USA,Burlingame,Small,1,50,2003,Qtr 3,July,24,9,10140,43.27,S18_4668,Vintage Cars,1,29,1254.83,Shipped,1254.8300000000002,1
USA,Burlingame,Small,1,96,2003,Qtr 3,July,24,3,10140,100,S32_1268,Trucks and Buses,1,26,2829.58,Shipped,2600,1
USA,Burlingame,Small,1,64,2003,Qtr 3,July,24,7,10140,60.76,S32_3522,Trucks and Buses,1,28,1701.28,Shipped,1701.28,1
USA,Burlingame,Small,1,84,2003,Qtr 4,October,28,9,10168,70.96,S18_2581,Planes,1,21,1490.16,Shipped,1490.1599999999999,1
USA,Burlingame,Small,1,60,2003,Qtr 4,October,28,5,10168,61.18,S18_2625,Motorcycles,1,46,2814.28,Shipped,2814.28,1
USA,Burlingame,Small,1,76,2003,Qtr 4,October,28,6,10168,75.41,S24_2000,Motorcycles,1,29,2186.89,Shipped,2186.89,1
USA,Burlingame,Small,1,68,2003,Qtr 4,October,28,18,10168,73.02,S24_3949,Planes,1,27,1971.54,Shipped,1971.54,1
USA,Burlingame,Small,1,68,2003,Qtr 4,October,28,12,10168,73.61,S32_4289,Vintage Cars,1,31,2281.91,Shipped,2281.91,1
USA,Burlingame,Small,1,43,2003,Qtr 4,October,28,13,10168,51.93,S50_1341,Vintage Cars,1,48,2492.64,Shipped,2492.64,1
USA,Burlingame,Small,1,91,2003,Qtr 4,October,28,14,10168,98.65,S700_1691,Planes,1,28,2762.2,Shipped,2762.2000000000003,1
USA,Burlingame,Small,1,72,2004,Qtr 4,November,2,1,10317,83.32,S24_4278,Planes,1,35,2916.2,Shipped,2916.2,1
USA,Burlingame,Small,1,60,2005,Qtr 1,January,5,3,10362,49.67,S18_2625,Motorcycles,1,23,1142.41,Shipped,1142.41,1
USA,Cambridge,Large,1,169,2004,Qtr 4,October,13,9,10305,100,S18_3232,Classic Cars,1,37,7455.87,Shipped,3700,1
USA,Cambridge,Medium,1,214,2004,Qtr 1,March,10,2,10228,100,S10_1949,Classic Cars,1,29,6463.23,Shipped,2900,1
USA,Cambridge,Medium,1,116,2004,Qtr 1,March,10,1,10228,100,S18_1097,Trucks and Buses,1,32,3360,Shipped,3200,1
USA,Cambridge,Medium,1,104,2004,Qtr 1,March,10,4,10228,100,S18_3136,Vintage Cars,1,31,3181.53,Shipped,3100,1
USA,Cambridge,Medium,1,97,2004,Qtr 1,March,10,6,10228,100,S24_4258,Vintage Cars,1,33,3406.59,Shipped,3300,1
USA,Cambridge,Medium,1,105,2004,Qtr 2,May,8,5,10249,100,S18_3856,Vintage Cars,1,46,5600.5,Shipped,4600,1
USA,Cambridge,Medium,1,90,2004,Qtr 2,May,8,4,10249,95.95,S700_2047,Ships,1,40,3838,Shipped,3838,1
USA,Cambridge,Medium,1,95,2004,Qtr 3,August,27,6,10285,100,S10_1678,Motorcycles,1,36,4099.68,Shipped,3600,1
USA,Cambridge,Medium,1,118,2004,Qtr 3,August,27,9,10285,100,S10_2016,Motorcycles,1,47,6484.59,Shipped,4700,1
USA,Cambridge,Medium,1,193,2004,Qtr 3,August,27,8,10285,100,S10_4698,Motorcycles,1,27,5438.07,Shipped,2700,1
USA,Cambridge,Medium,1,150,2004,Qtr 3,August,27,5,10285,100,S12_2823,Motorcycles,1,49,6863.92,Shipped,4900,1
USA,Cambridge,Medium,1,112,2004,Qtr 3,August,27,7,10285,100,S24_1578,Motorcycles,1,34,3716.88,Shipped,3400,1
USA,Cambridge,Medium,1,99,2004,Qtr 3,August,27,12,10285,98.89,S32_1374,Motorcycles,1,37,3658.93,Shipped,3658.93,1
USA,Cambridge,Medium,1,81,2004,Qtr 3,August,27,2,10285,78.92,S50_4713,Motorcycles,1,39,3077.88,Shipped,3077.88,1
USA,Cambridge,Medium,1,118,2004,Qtr 3,August,27,13,10285,100,S700_2834,Planes,1,45,5392.8,Shipped,4500,1
USA,Cambridge,Medium,1,147,2004,Qtr 4,October,13,13,10305,100,S10_4962,Classic Cars,1,38,6680.78,Shipped,3800,1
USA,Cambridge,Medium,1,118,2004,Qtr 4,October,13,5,10305,100,S12_4473,Trucks and Buses,1,38,4773.18,Shipped,3800,1
USA,Cambridge,Medium,1,163,2004,Qtr 4,October,13,4,10305,100,S18_2238,Classic Cars,1,27,3934.44,Shipped,2700,1
USA,Cambridge,Medium,1,122,2004,Qtr 4,October,13,8,10305,100,S18_2319,Trucks and Buses,1,36,4816.08,Shipped,3600,1
USA,Cambridge,Medium,1,127,2004,Qtr 4,October,13,10,10305,100,S24_2300,Trucks and Buses,1,24,3189.6,Shipped,2400,1
USA,Cambridge,Medium,1,118,2004,Qtr 4,October,13,1,10305,100,S24_4048,Classic Cars,1,36,4641.48,Shipped,3600,1
USA,Cambridge,Medium,1,96,2004,Qtr 4,October,13,12,10305,100,S32_1268,Trucks and Buses,1,28,3155.04,Shipped,2800,1
USA,Cambridge,Medium,1,115,2004,Qtr 4,October,13,3,10305,100,S50_1392,Trucks and Buses,1,42,4618.32,Shipped,4200,1
USA,Cambridge,Small,1,101,2004,Qtr 1,March,10,3,10228,100,S18_2949,Vintage Cars,1,24,2504.4,Shipped,2400,1
USA,Cambridge,Small,1,62,2004,Qtr 1,March,10,5,10228,63.71,S18_2957,Vintage Cars,1,45,2866.95,Shipped,2866.95,1
USA,Cambridge,Small,1,68,2004,Qtr 2,May,8,1,10249,67.82,S24_2841,Planes,1,20,1356.4,Shipped,1356.3999999999999,1
USA,Cambridge,Small,1,65,2004,Qtr 2,May,8,2,10249,69.7,S24_3420,Vintage Cars,1,25,1742.5,Shipped,1742.5,1
USA,Cambridge,Small,1,49,2004,Qtr 2,May,8,3,10249,57.61,S72_1253,Planes,1,32,1843.52,Shipped,1843.52,1
USA,Cambridge,Small,1,60,2004,Qtr 3,August,27,10,10285,49.06,S18_2625,Motorcycles,1,20,981.2,Shipped,981.2,1
USA,Cambridge,Small,1,76,2004,Qtr 3,August,27,11,10285,70.08,S24_2000,Motorcycles,1,39,2733.12,Shipped,2733.12,1
USA,Cambridge,Small,1,69,2004,Qtr 3,August,27,3,10285,59.56,S24_2360,Motorcycles,1,38,2263.28,Shipped,2263.28,1
USA,Cambridge,Small,1,40,2004,Qtr 3,August,27,1,10285,41.03,S32_2206,Motorcycles,1,37,1518.11,Shipped,1518.1100000000001,1
USA,Cambridge,Small,1,102,2004,Qtr 3,August,27,4,10285,100,S32_4485,Motorcycles,1,26,2600.26,Shipped,2600,1
USA,Cambridge,Small,1,60,2004,Qtr 4,October,13,11,10305,53.48,S18_2432,Trucks and Buses,1,41,2192.68,Shipped,2192.68,1
USA,Cambridge,Small,1,121,2004,Qtr 4,October,13,14,10305,99.29,S18_4600,Trucks and Buses,1,22,2184.38,Shipped,2184.38,1
USA,Cambridge,Small,1,57,2004,Qtr 4,October,13,2,10305,61.85,S24_1444,Classic Cars,1,45,2783.25,Shipped,2783.25,1
USA,Cambridge,Small,1,35,2004,Qtr 4,October,13,6,10305,31.47,S24_2840,Classic Cars,1,48,1510.56,Shipped,1510.56,1
USA,Cambridge,Small,1,54,2004,Qtr 4,October,13,7,10305,57.9,S32_2509,Trucks and Buses,1,40,2316,Shipped,2316,1
USA,Glendale,Medium,1,68,2003,Qtr 2,June,16,3,10131,81.89,S24_3949,Planes,1,50,4094.5,Shipped,4094.5,1
USA,Glendale,Medium,1,99,2003,Qtr 2,June,16,1,10131,100,S700_2466,Planes,1,40,4427.6,Shipped,4000,1
USA,Glendale,Medium,1,62,2003,Qtr 3,September,3,2,10146,67.14,S18_3782,Motorcycles,1,47,3155.58,Shipped,3155.58,1
USA,Glendale,Medium,1,148,2003,Qtr 3,September,3,1,10146,100,S18_4721,Classic Cars,1,29,4444.54,Shipped,2900,1
USA,Glendale,Medium,1,84,2004,Qtr 4,December,4,1,10353,100,S18_2581,Planes,1,27,3515.67,Shipped,2700,1
USA,Glendale,Medium,1,72,2004,Qtr 4,December,4,3,10353,89.9,S24_4278,Planes,1,35,3146.5,Shipped,3146.5,1
USA,Glendale,Medium,1,99,2004,Qtr 4,December,4,5,10353,81.17,S32_1374,Motorcycles,1,46,3733.82,Shipped,3733.82,1
USA,Glendale,Medium,1,43,2004,Qtr 4,December,4,8,10353,82.21,S50_1341,Vintage Cars,1,40,3288.4,Shipped,3288.3999999999996,1
USA,Glendale,Medium,1,91,2004,Qtr 4,December,4,9,10353,100,S700_1691,Planes,1,39,5043.87,Shipped,3900,1
USA,Glendale,Medium,1,118,2004,Qtr 4,December,4,4,10353,68.8,S700_2834,Planes,1,48,3302.4,Shipped,3302.3999999999996,1
USA,Glendale,Medium,1,80,2004,Qtr 4,December,4,6,10353,81.95,S700_3167,Planes,1,43,3523.85,Shipped,3523.85,1
USA,Glendale,Medium,1,117,2005,Qtr 1,February,8,1,10376,100,S12_3380,Classic Cars,1,35,3987.2,Shipped,3500,1
USA,Glendale,Small,1,157,2003,Qtr 2,June,16,4,10131,100,S18_1662,Planes,1,21,2781.66,Shipped,2100,1
USA,Glendale,Small,1,68,2003,Qtr 2,June,16,5,10131,67.14,S24_2841,Planes,1,35,2349.9,Shipped,2349.9,1
USA,Glendale,Small,1,65,2003,Qtr 2,June,16,6,10131,59.18,S24_3420,Vintage Cars,1,29,1716.22,Shipped,1716.22,1
USA,Glendale,Small,1,90,2003,Qtr 2,June,16,8,10131,85.99,S700_2047,Ships,1,22,1891.78,Shipped,1891.78,1
USA,Glendale,Small,1,74,2003,Qtr 2,June,16,2,10131,85.13,S700_4002,Planes,1,26,2213.38,Shipped,2213.38,1
USA,Glendale,Small,1,49,2003,Qtr 2,June,16,7,10131,41.71,S72_1253,Planes,1,21,875.91,Shipped,875.91,1
USA,Glendale,Small,1,88,2003,Qtr 4,October,2,2,10154,91.17,S24_3151,Vintage Cars,1,31,2826.27,Shipped,2826.27,1
USA,Glendale,Small,1,72,2003,Qtr 4,October,2,1,10154,64.33,S700_2610,Ships,1,36,2315.88,Shipped,2315.88,1
USA,Glendale,Small,1,109,2004,Qtr 4,December,4,2,10353,71.73,S24_1785,Planes,1,28,2008.44,Shipped,2008.44,1
USA,Glendale,Small,1,68,2004,Qtr 4,December,4,7,10353,44.51,S32_4289,Vintage Cars,1,40,1780.4,Shipped,1780.3999999999999,1
USA,Las Vegas,Medium,1,127,2003,Qtr 2,May,21,3,10124,100,S18_2325,Vintage Cars,1,42,4431.84,Shipped,4200,1
USA,Las Vegas,Medium,1,92,2003,Qtr 2,May,21,7,10124,85.59,S18_4409,Vintage Cars,1,36,3081.24,Shipped,3081.2400000000002,1
USA,Las Vegas,Medium,1,85,2003,Qtr 2,May,21,11,10124,83.04,S24_3191,Classic Cars,1,49,4068.96,Shipped,4068.9600000000005,1
USA,Las Vegas,Medium,1,107,2003,Qtr 2,May,21,13,10124,100,S24_3432,Classic Cars,1,43,5203,Shipped,4300,1
USA,Las Vegas,Medium,1,141,2004,Qtr 3,August,6,6,10278,100,S18_1129,Classic Cars,1,34,4667.86,Shipped,3400,1
USA,Las Vegas,Medium,1,142,2004,Qtr 3,August,6,5,10278,100,S18_1984,Classic Cars,1,29,3754.05,Shipped,2900,1
USA,Las Vegas,Medium,1,132,2004,Qtr 3,August,6,3,10278,100,S18_2870,Classic Cars,1,39,4324.32,Shipped,3900,1
USA,Las Vegas,Medium,1,169,2004,Qtr 3,August,6,7,10278,100,S18_3232,Classic Cars,1,42,6401.22,Shipped,4200,1
USA,Las Vegas,Medium,1,141,2004,Qtr 3,August,6,4,10278,100,S18_3685,Classic Cars,1,31,4116.8,Shipped,3100,1
USA,Las Vegas,Medium,1,140,2004,Qtr 3,August,6,9,10278,100,S24_3856,Classic Cars,1,25,3159.75,Shipped,2500,1
USA,Las Vegas,Medium,1,85,2004,Qtr 4,November,29,2,10346,100,S24_3191,Classic Cars,1,24,3325.92,Shipped,2400,1
USA,Las Vegas,Small,1,170,2003,Qtr 2,May,21,6,10124,100,S18_1749,Vintage Cars,1,21,2856,Shipped,2100,1
USA,Las Vegas,Small,1,60,2003,Qtr 2,May,21,5,10124,53.88,S18_2248,Vintage Cars,1,42,2262.96,Shipped,2262.96,1
USA,Las Vegas,Small,1,71,2003,Qtr 2,May,21,8,10124,57.73,S18_4933,Classic Cars,1,23,1327.79,Shipped,1327.79,1
USA,Las Vegas,Small,1,73,2003,Qtr 2,May,21,12,10124,77.9,S24_1046,Classic Cars,1,22,1713.8,Shipped,1713.8000000000002,1
USA,Las Vegas,Small,1,33,2003,Qtr 2,May,21,2,10124,37.84,S24_1937,Vintage Cars,1,45,1702.8,Shipped,1702.8000000000002,1
USA,Las Vegas,Small,1,44,2003,Qtr 2,May,21,1,10124,45.25,S24_2022,Vintage Cars,1,22,995.5,Shipped,995.5,1
USA,Las Vegas,Small,1,90,2003,Qtr 2,May,21,10,10124,72.7,S24_2766,Classic Cars,1,32,2326.4,Shipped,2326.4,1
USA,Las Vegas,Small,1,117,2003,Qtr 2,May,21,9,10124,93.95,S24_2887,Classic Cars,1,25,2348.75,Shipped,2348.75,1
USA,Las Vegas,Small,1,41,2003,Qtr 2,May,21,4,10124,33.23,S24_3969,Vintage Cars,1,46,1528.58,Shipped,1528.58,1
USA,Las Vegas,Small,1,124,2004,Qtr 3,August,6,2,10278,100,S18_1589,Classic Cars,1,23,2604.52,Shipped,2300,1
USA,Las Vegas,Small,1,77,2004,Qtr 3,August,6,10,10278,90.86,S18_1889,Classic Cars,1,29,2634.94,Shipped,2634.94,1
USA,Las Vegas,Small,1,50,2004,Qtr 3,August,6,1,10278,45.28,S24_1628,Classic Cars,1,35,1584.8,Shipped,1584.8,1
USA,Las Vegas,Small,1,37,2004,Qtr 3,August,6,8,10278,38.89,S24_2972,Classic Cars,1,31,1205.59,Shipped,1205.59,1
USA,Las Vegas,Small,1,102,2004,Qtr 4,November,29,3,10346,36.11,S18_1342,Vintage Cars,1,42,1516.62,Shipped,1516.62,1
USA,Las Vegas,Small,1,90,2004,Qtr 4,November,29,1,10346,100,S24_2766,Classic Cars,1,25,2876.75,Shipped,2500,1
USA,Las Vegas,Small,1,117,2004,Qtr 4,November,29,5,10346,87.24,S24_2887,Classic Cars,1,24,2093.76,Shipped,2093.7599999999998,1
USA,Las Vegas,Small,1,107,2004,Qtr 4,November,29,6,10346,95.88,S24_3432,Classic Cars,1,26,2492.88,Shipped,2492.88,1
USA,Las Vegas,Small,1,41,2004,Qtr 4,November,29,4,10346,97.44,S24_3969,Vintage Cars,1,22,2143.68,Shipped,2143.68,1
USA,Los Angeles,Medium,1,117,2003,Qtr 4,October,11,6,10160,100,S12_3380,Classic Cars,1,46,5294.14,Shipped,4600,1
USA,Los Angeles,Medium,1,115,2003,Qtr 4,October,11,5,10160,100,S12_4675,Classic Cars,1,50,5182,Shipped,5000,1
USA,Los Angeles,Medium,1,77,2003,Qtr 4,October,11,4,10160,88.55,S18_1889,Classic Cars,1,38,3364.9,Shipped,3364.9,1
USA,Los Angeles,Medium,1,169,2003,Qtr 4,October,11,1,10160,100,S18_3232,Classic Cars,1,20,3996.4,Shipped,2000,1
USA,Los Angeles,Medium,1,140,2003,Qtr 4,October,11,3,10160,100,S24_3856,Classic Cars,1,35,4767.7,Shipped,3500,1
USA,Los Angeles,Medium,1,136,2004,Qtr 1,January,9,8,10209,100,S10_4757,Classic Cars,1,39,5197.92,Shipped,3900,1
USA,Los Angeles,Medium,1,68,2004,Qtr 1,January,9,1,10209,82.21,S24_2841,Planes,1,43,3535.03,Shipped,3535.0299999999997,1
USA,Los Angeles,Small,1,37,2003,Qtr 4,October,11,2,10160,37,S24_2972,Classic Cars,1,42,1554,Shipped,1554,1
USA,Los Angeles,Small,1,86,2004,Qtr 1,January,9,6,10209,100,S18_3029,Ships,1,28,2817.92,Shipped,2800,1
USA,Los Angeles,Small,1,105,2004,Qtr 1,January,9,5,10209,100,S18_3856,Vintage Cars,1,20,2498.6,Shipped,2000,1
USA,Los Angeles,Small,1,65,2004,Qtr 1,January,9,2,10209,77.59,S24_3420,Vintage Cars,1,36,2793.24,Shipped,2793.2400000000002,1
USA,Los Angeles,Small,1,83,2004,Qtr 1,January,9,7,10209,89.73,S24_3816,Vintage Cars,1,22,1974.06,Shipped,1974.0600000000002,1
USA,Los Angeles,Small,1,90,2004,Qtr 1,January,9,4,10209,88.71,S700_2047,Ships,1,33,2927.43,Shipped,2927.43,1
USA,Los Angeles,Small,1,49,2004,Qtr 1,January,9,3,10209,44.69,S72_1253,Planes,1,48,2145.12,Shipped,2145.12,1
USA,Nashua,Large,1,142,2003,Qtr 4,November,20,10,10192,100,S18_1984,Classic Cars,1,47,7421.3,Shipped,4700,1
USA,Nashua,Large,1,127,2004,Qtr 4,November,4,6,10322,100,S18_2325,Vintage Cars,1,50,12536.5,Shipped,5000,1
USA,Nashua,Medium,1,170,2003,Qtr 1,January,6,3,10100,100,S18_1749,Vintage Cars,1,30,5151,Shipped,3000,1
USA,Nashua,Medium,1,60,2003,Qtr 1,January,6,2,10100,67.8,S18_2248,Vintage Cars,1,50,3390,Shipped,3390,1
USA,Nashua,Medium,1,115,2003,Qtr 4,November,20,16,10192,100,S12_4675,Classic Cars,1,27,3544.56,Shipped,2700,1
USA,Nashua,Medium,1,141,2003,Qtr 4,November,20,11,10192,100,S18_1129,Classic Cars,1,22,3300.66,Shipped,2200,1
USA,Nashua,Medium,1,124,2003,Qtr 4,November,20,7,10192,100,S18_1589,Classic Cars,1,29,4258.36,Shipped,2900,1
USA,Nashua,Medium,1,77,2003,Qtr 4,November,20,15,10192,90.86,S18_1889,Classic Cars,1,45,4088.7,Shipped,4088.7,1
USA,Nashua,Medium,1,132,2003,Qtr 4,November,20,8,10192,100,S18_2870,Classic Cars,1,38,4965.84,Shipped,3800,1
USA,Nashua,Medium,1,169,2003,Qtr 4,November,20,12,10192,100,S18_3232,Classic Cars,1,26,3918.46,Shipped,2600,1
USA,Nashua,Medium,1,141,2003,Qtr 4,November,20,9,10192,100,S18_3685,Classic Cars,1,45,5340.6,Shipped,4500,1
USA,Nashua,Medium,1,90,2003,Qtr 4,November,20,2,10192,83.6,S24_2766,Classic Cars,1,46,3845.6,Shipped,3845.6,1
USA,Nashua,Medium,1,117,2003,Qtr 4,November,20,1,10192,100,S24_2887,Classic Cars,1,23,3052.33,Shipped,2300,1
USA,Nashua,Medium,1,107,2003,Qtr 4,November,20,5,10192,100,S24_3432,Classic Cars,1,46,5566,Shipped,4600,1
USA,Nashua,Medium,1,140,2003,Qtr 4,November,20,14,10192,100,S24_3856,Classic Cars,1,45,6319.35,Shipped,4500,1
USA,Nashua,Medium,1,214,2004,Qtr 4,November,4,1,10322,100,S10_1949,Classic Cars,1,40,6000.4,Shipped,4000,1
USA,Nashua,Medium,1,136,2004,Qtr 4,November,4,9,10322,100,S12_1666,Trucks and Buses,1,27,4784.13,Shipped,2700,1
USA,Nashua,Medium,1,102,2004,Qtr 4,November,4,14,10322,86.3,S18_1342,Vintage Cars,1,43,3710.9,Shipped,3710.9,1
USA,Nashua,Medium,1,168,2004,Qtr 4,November,4,2,10322,100,S18_2795,Vintage Cars,1,36,5797.44,Shipped,3600,1
USA,Nashua,Medium,1,101,2004,Qtr 4,November,4,12,10322,100,S18_2949,Vintage Cars,1,33,3524.73,Shipped,3300,1
USA,Nashua,Medium,1,44,2004,Qtr 4,November,4,4,10322,100,S24_2022,Vintage Cars,1,30,3500.1,Shipped,3000,1
USA,Nashua,Small,1,92,2003,Qtr 1,January,6,4,10100,86.51,S18_4409,Vintage Cars,1,22,1903.22,Shipped,1903.22,1
USA,Nashua,Small,1,41,2003,Qtr 1,January,6,1,10100,34.47,S24_3969,Vintage Cars,1,49,1689.03,Shipped,1689.03,1
USA,Nashua,Small,1,73,2003,Qtr 4,November,20,4,10192,69.82,S24_1046,Classic Cars,1,37,2583.34,Shipped,2583.3399999999997,1
USA,Nashua,Small,1,50,2003,Qtr 4,November,20,6,10192,53.83,S24_1628,Classic Cars,1,47,2530.01,Shipped,2530.0099999999998,1
USA,Nashua,Small,1,37,2003,Qtr 4,November,20,13,10192,30.59,S24_2972,Classic Cars,1,30,917.7,Shipped,917.7,1
USA,Nashua,Small,1,85,2003,Qtr 4,November,20,3,10192,72.77,S24_3191,Classic Cars,1,32,2328.64,Shipped,2328.64,1
USA,Nashua,Small,1,147,2004,Qtr 4,November,4,8,10322,61.99,S10_4962,Classic Cars,1,46,2851.54,Shipped,2851.54,1
USA,Nashua,Small,1,116,2004,Qtr 4,November,4,10,10322,100,S18_1097,Trucks and Buses,1,22,2251.04,Shipped,2200,1
USA,Nashua,Small,1,53,2004,Qtr 4,November,4,5,10322,57.68,S18_1367,Vintage Cars,1,41,2364.88,Shipped,2364.88,1
USA,Nashua,Small,1,60,2004,Qtr 4,November,4,11,10322,61.21,S18_2432,Trucks and Buses,1,35,2142.35,Shipped,2142.35,1
USA,Nashua,Small,1,62,2004,Qtr 4,November,4,13,10322,29.87,S18_2957,Vintage Cars,1,41,1224.67,Shipped,1224.67,1
USA,Nashua,Small,1,104,2004,Qtr 4,November,4,7,10322,47.04,S18_3136,Vintage Cars,1,48,2257.92,Shipped,2257.92,1
USA,Nashua,Small,1,33,2004,Qtr 4,November,4,3,10322,100,S24_1937,Vintage Cars,1,20,2624,Shipped,2000,1
USA,New Bedford,Large,1,173,2003,Qtr 4,November,14,12,10185,100,S12_3891,Classic Cars,1,43,7886.2,Shipped,4300,1
USA,New Bedford,Large,1,91,2005,Qtr 1,March,3,2,10388,100,S700_1691,Planes,1,46,10066.6,Shipped,4600,1
USA,New Bedford,Large,1,118,2005,Qtr 1,March,3,3,10388,100,S700_2834,Planes,1,50,7154.5,Shipped,5000,1
USA,New Bedford,Medium,1,136,2003,Qtr 3,August,10,15,10143,100,S10_4757,Classic Cars,1,49,5597.76,Shipped,4900,1
USA,New Bedford,Medium,1,157,2003,Qtr 3,August,10,7,10143,100,S18_1662,Planes,1,32,5248,Shipped,3200,1
USA,New Bedford,Medium,1,86,2003,Qtr 3,August,10,13,10143,74.84,S18_3029,Ships,1,46,3442.64,Shipped,3442.6400000000003,1
USA,New Bedford,Medium,1,105,2003,Qtr 3,August,10,12,10143,100,S18_3856,Vintage Cars,1,34,3455.76,Shipped,3400,1
USA,New Bedford,Medium,1,91,2003,Qtr 3,August,10,2,10143,100,S700_1691,Planes,1,36,3945.96,Shipped,3600,1
USA,New Bedford,Medium,1,136,2003,Qtr 4,October,21,2,10166,100,S18_3140,Vintage Cars,1,43,6930.74,Shipped,4300,1
USA,New Bedford,Medium,1,86,2003,Qtr 4,October,21,3,10166,100,S700_1938,Ships,1,29,3013.97,Shipped,2900,1
USA,New Bedford,Medium,1,207,2003,Qtr 4,November,14,13,10185,100,S12_1108,Classic Cars,1,21,3883.74,Shipped,2100,1
USA,New Bedford,Medium,1,151,2003,Qtr 4,November,14,14,10185,100,S12_3148,Classic Cars,1,33,4038.21,Shipped,3300,1
USA,New Bedford,Medium,1,136,2003,Qtr 4,November,14,9,10185,100,S18_3140,Vintage Cars,1,28,3442.04,Shipped,2800,1
USA,New Bedford,Medium,1,100,2003,Qtr 4,November,14,11,10185,80.67,S18_3259,Trains,1,49,3952.83,Shipped,3952.83,1
USA,New Bedford,Medium,1,143,2003,Qtr 4,November,14,16,10185,100,S18_4027,Classic Cars,1,39,5096.91,Shipped,3900,1
USA,New Bedford,Medium,1,87,2003,Qtr 4,November,14,8,10185,77.24,S18_4522,Vintage Cars,1,47,3630.28,Shipped,3630.2799999999997,1
USA,New Bedford,Medium,1,122,2003,Qtr 4,November,14,7,10185,100,S24_2011,Ships,1,30,3170.7,Shipped,3000,1
USA,New Bedford,Medium,1,100,2003,Qtr 4,November,14,4,10185,100,S700_3505,Ships,1,37,3891.66,Shipped,3700,1
USA,New Bedford,Medium,1,141,2004,Qtr 4,November,4,10,10321,100,S18_1129,Classic Cars,1,41,5803.14,Shipped,4100,1
USA,New Bedford,Medium,1,124,2004,Qtr 4,November,4,6,10321,100,S18_1589,Classic Cars,1,44,4489.76,Shipped,4400,1
USA,New Bedford,Medium,1,142,2004,Qtr 4,November,4,9,10321,100,S18_1984,Classic Cars,1,25,3734,Shipped,2500,1
USA,New Bedford,Medium,1,169,2004,Qtr 4,November,4,11,10321,100,S18_3232,Classic Cars,1,33,5700.09,Shipped,3300,1
USA,New Bedford,Medium,1,141,2004,Qtr 4,November,4,8,10321,100,S18_3685,Classic Cars,1,28,4232.76,Shipped,2800,1
USA,New Bedford,Medium,1,85,2004,Qtr 4,November,4,2,10321,84.75,S24_3191,Classic Cars,1,39,3305.25,Shipped,3305.25,1
USA,New Bedford,Medium,1,140,2004,Qtr 4,November,4,13,10321,100,S24_3856,Classic Cars,1,26,4052.88,Shipped,2600,1
USA,New Bedford,Medium,1,102,2005,Qtr 1,January,7,3,10365,100,S32_4485,Motorcycles,1,22,3425.18,Shipped,2200,1
USA,New Bedford,Medium,1,81,2005,Qtr 1,January,7,2,10365,100,S50_4713,Motorcycles,1,44,4984.32,Shipped,4400,1
USA,New Bedford,Medium,1,95,2005,Qtr 1,March,3,4,10388,76.36,S10_1678,Motorcycles,1,42,3207.12,Shipped,3207.12,1
USA,New Bedford,Medium,1,150,2005,Qtr 1,March,3,6,10388,100,S12_2823,Motorcycles,1,44,5951.44,Shipped,4400,1
USA,New Bedford,Medium,1,68,2005,Qtr 1,March,3,8,10388,100,S32_4289,Vintage Cars,1,35,3918.95,Shipped,3500,1
USA,New Bedford,Medium,1,43,2005,Qtr 1,March,3,1,10388,100,S50_1341,Vintage Cars,1,27,3211.38,Shipped,2700,1
USA,New Bedford,Small,1,68,2003,Qtr 3,August,10,8,10143,60.97,S24_2841,Planes,1,27,1646.19,Shipped,1646.19,1
USA,New Bedford,Small,1,65,2003,Qtr 3,August,10,9,10143,77.59,S24_3420,Vintage Cars,1,33,2560.47,Shipped,2560.4700000000003,1
USA,New Bedford,Small,1,83,2003,Qtr 3,August,10,14,10143,80.51,S24_3816,Vintage Cars,1,23,1851.73,Shipped,1851.73,1
USA,New Bedford,Small,1,68,2003,Qtr 3,August,10,6,10143,66.19,S24_3949,Planes,1,28,1853.32,Shipped,1853.32,1
USA,New Bedford,Small,1,43,2003,Qtr 3,August,10,1,10143,36.66,S50_1341,Vintage Cars,1,34,1246.44,Shipped,1246.4399999999998,1
USA,New Bedford,Small,1,90,2003,Qtr 3,August,10,11,10143,100,S700_2047,Ships,1,26,2612.48,Shipped,2600,1
USA,New Bedford,Small,1,99,2003,Qtr 3,August,10,4,10143,82.77,S700_2466,Planes,1,26,2152.02,Shipped,2152.02,1
USA,New Bedford,Small,1,72,2003,Qtr 3,August,10,16,10143,85.29,S700_2610,Ships,1,31,2643.99,Shipped,2643.9900000000002,1
USA,New Bedford,Small,1,80,2003,Qtr 3,August,10,3,10143,96,S700_3167,Planes,1,28,2688,Shipped,2688,1
USA,New Bedford,Small,1,74,2003,Qtr 3,August,10,5,10143,85.87,S700_4002,Planes,1,34,2919.58,Shipped,2919.58,1
USA,New Bedford,Small,1,49,2003,Qtr 3,August,10,10,10143,50.65,S72_1253,Planes,1,37,1874.05,Shipped,1874.05,1
USA,New Bedford,Small,1,87,2003,Qtr 4,October,21,1,10166,73.73,S18_4522,Vintage Cars,1,26,1916.98,Shipped,1916.98,1
USA,New Bedford,Small,1,88,2003,Qtr 4,November,14,2,10185,74.35,S24_3151,Vintage Cars,1,33,2453.55,Shipped,2453.5499999999997,1
USA,New Bedford,Small,1,58,2003,Qtr 4,November,14,15,10185,48.62,S50_1514,Trains,1,20,972.4,Shipped,972.4,1
USA,New Bedford,Small,1,66,2003,Qtr 4,November,14,3,10185,54,S700_1138,Ships,1,21,1134,Shipped,1134,1
USA,New Bedford,Small,1,86,2003,Qtr 4,November,14,10,10185,94.4,S700_1938,Ships,1,30,2832,Shipped,2832,1
USA,New Bedford,Small,1,72,2003,Qtr 4,November,14,1,10185,57.82,S700_2610,Ships,1,39,2254.98,Shipped,2254.98,1
USA,New Bedford,Small,1,99,2003,Qtr 4,November,14,5,10185,79.45,S700_3962,Ships,1,22,1747.9,Shipped,1747.9,1
USA,New Bedford,Small,1,54,2003,Qtr 4,November,14,6,10185,64.43,S72_3212,Ships,1,28,1804.04,Shipped,1804.0400000000002,1
USA,New Bedford,Small,1,115,2004,Qtr 4,November,4,15,10321,100,S12_4675,Classic Cars,1,24,2984.88,Shipped,2400,1
USA,New Bedford,Small,1,77,2004,Qtr 4,November,4,14,10321,78.54,S18_1889,Classic Cars,1,37,2905.98,Shipped,2905.98,1
USA,New Bedford,Small,1,132,2004,Qtr 4,November,4,7,10321,100,S18_2870,Classic Cars,1,27,2851.2,Shipped,2700,1
USA,New Bedford,Small,1,73,2004,Qtr 4,November,4,3,10321,70.55,S24_1046,Classic Cars,1,30,2116.5,Shipped,2116.5,1
USA,New Bedford,Small,1,50,2004,Qtr 4,November,4,5,10321,42.26,S24_1628,Classic Cars,1,48,2028.48,Shipped,2028.48,1
USA,New Bedford,Small,1,90,2004,Qtr 4,November,4,1,10321,72.7,S24_2766,Classic Cars,1,30,2181,Shipped,2181,1
USA,New Bedford,Small,1,37,2004,Qtr 4,November,4,12,10321,33.23,S24_2972,Classic Cars,1,37,1229.51,Shipped,1229.51,1
USA,New Bedford,Small,1,107,2004,Qtr 4,November,4,4,10321,89.95,S24_3432,Classic Cars,1,21,1888.95,Shipped,1888.95,1
USA,New Bedford,Small,1,141,2005,Qtr 1,January,7,1,10365,87.06,S18_1129,Classic Cars,1,30,2611.8,Shipped,2611.8,1
USA,New Bedford,Small,1,118,2005,Qtr 1,March,3,5,10388,44.51,S10_2016,Motorcycles,1,50,2225.5,Shipped,2225.5,1
USA,New Bedford,Small,1,193,2005,Qtr 1,March,3,7,10388,86.77,S10_4698,Motorcycles,1,21,1822.17,Shipped,1822.1699999999998,1
USA,New Haven,Large,1,207,2003,Qtr 4,November,26,5,10196,100,S12_1108,Classic Cars,1,47,8887.7,Shipped,4700,1
USA,New Haven,Large,1,173,2003,Qtr 4,November,26,4,10196,100,S12_3891,Classic Cars,1,38,7232.16,Shipped,3800,1
USA,New Haven,Medium,1,151,2003,Qtr 4,November,26,6,10196,100,S12_3148,Classic Cars,1,24,3807.12,Shipped,2400,1
USA,New Haven,Medium,1,136,2003,Qtr 4,November,26,1,10196,100,S18_3140,Vintage Cars,1,49,6893.81,Shipped,4900,1
USA,New Haven,Medium,1,100,2003,Qtr 4,November,26,3,10196,100,S18_3259,Trains,1,35,3564.75,Shipped,3500,1
USA,New Haven,Medium,1,143,2003,Qtr 4,November,26,8,10196,100,S18_4027,Classic Cars,1,27,4537.08,Shipped,2700,1
USA,New Haven,Medium,1,86,2003,Qtr 4,November,26,2,10196,94.4,S700_1938,Ships,1,50,4720,Shipped,4720,1
USA,New Haven,Medium,1,214,2004,Qtr 2,May,4,9,10245,100,S10_1949,Classic Cars,1,34,6120.34,Shipped,3400,1
USA,New Haven,Medium,1,147,2004,Qtr 2,May,4,2,10245,100,S10_4962,Classic Cars,1,28,4591.72,Shipped,2800,1
USA,New Haven,Medium,1,136,2004,Qtr 2,May,4,6,10245,100,S12_1666,Trucks and Buses,1,38,5920.4,Shipped,3800,1
USA,New Haven,Medium,1,116,2004,Qtr 2,May,4,8,10245,100,S18_1097,Trucks and Buses,1,29,3451,Shipped,2900,1
USA,New Haven,Medium,1,96,2004,Qtr 2,May,4,1,10245,100,S32_1268,Trucks and Buses,1,37,4133.64,Shipped,3700,1
USA,New Haven,Medium,1,64,2004,Qtr 2,May,4,5,10245,69.16,S32_3522,Trucks and Buses,1,44,3043.04,Shipped,3043.04,1
USA,New Haven,Medium,1,101,2004,Qtr 2,May,4,4,10245,100,S700_2824,Classic Cars,1,44,4628.8,Shipped,4400,1
USA,New Haven,Small,1,58,2003,Qtr 4,November,26,7,10196,62.09,S50_1514,Trains,1,46,2856.14,Shipped,2856.1400000000003,1
USA,New Haven,Small,1,121,2004,Qtr 2,May,4,3,10245,100,S18_4600,Trucks and Buses,1,21,2390.22,Shipped,2100,1
USA,New Haven,Small,1,50,2004,Qtr 2,May,4,7,10245,59.87,S18_4668,Vintage Cars,1,45,2694.15,Shipped,2694.15,1
USA,Newark,Large,1,193,2004,Qtr 2,May,18,4,10251,100,S10_4698,Motorcycles,1,43,7078.23,Shipped,4300,1
USA,Newark,Large,1,150,2004,Qtr 2,May,18,1,10251,100,S12_2823,Motorcycles,1,46,7552.28,Shipped,4600,1
USA,Newark,Large,1,99,2005,Qtr 2,April,3,10,10401,88.75,S700_2466,Planes,1,85,7543.75,On Hold,7543.75,1
USA,Newark,Large,1,80,2005,Qtr 2,April,3,9,10401,92,S700_3167,Planes,1,77,7084,On Hold,7084,1
USA,Newark,Medium,1,88,2004,Qtr 1,March,29,2,10233,94.71,S24_3151,Vintage Cars,1,40,3788.4,Shipped,3788.3999999999996,1
USA,Newark,Medium,1,95,2004,Qtr 2,May,18,2,10251,100,S10_1678,Motorcycles,1,28,3188.64,Shipped,2800,1
USA,Newark,Medium,1,118,2004,Qtr 2,May,18,5,10251,100,S10_2016,Motorcycles,1,44,5756.52,Shipped,4400,1
USA,Newark,Medium,1,84,2005,Qtr 2,April,3,3,10401,76.03,S18_2581,Planes,1,42,3193.26,On Hold,3193.26,1
USA,Newark,Medium,1,109,2005,Qtr 2,April,3,5,10401,96.29,S24_1785,Planes,1,38,3659.02,On Hold,3659.0200000000004,1
USA,Newark,Medium,1,68,2005,Qtr 2,April,3,12,10401,60.05,S24_3949,Planes,1,64,3843.2,On Hold,3843.2,1
USA,Newark,Medium,1,72,2005,Qtr 2,April,3,4,10401,81.14,S24_4278,Planes,1,52,4219.28,On Hold,4219.28,1
USA,Newark,Medium,1,99,2005,Qtr 2,April,3,1,10401,100,S32_1374,Motorcycles,1,49,4992.61,On Hold,4900,1
USA,Newark,Medium,1,68,2005,Qtr 2,April,3,6,10401,77.73,S32_4289,Vintage Cars,1,62,4819.26,On Hold,4819.26,1
USA,Newark,Small,1,66,2004,Qtr 1,March,29,3,10233,70.67,S700_1138,Ships,1,36,2544.12,Shipped,2544.12,1
USA,Newark,Small,1,72,2004,Qtr 1,March,29,1,10233,82.4,S700_2610,Ships,1,29,2389.6,Shipped,2389.6000000000004,1
USA,Newark,Small,1,60,2004,Qtr 2,May,18,6,10251,61.18,S18_2625,Motorcycles,1,29,1774.22,Shipped,1774.22,1
USA,Newark,Small,1,112,2004,Qtr 2,May,18,3,10251,100,S24_1578,Motorcycles,1,26,2637.18,Shipped,2600,1
USA,Newark,Small,1,43,2005,Qtr 2,April,3,7,10401,35.35,S50_1341,Vintage Cars,1,56,1979.6,On Hold,1979.6000000000001,1
USA,Newark,Small,1,91,2005,Qtr 2,April,3,8,10401,100,S700_1691,Planes,1,11,1135.31,On Hold,1100,1
USA,Newark,Small,1,118,2005,Qtr 2,April,3,2,10401,96.11,S700_2834,Planes,1,21,2018.31,On Hold,2018.31,1
USA,Newark,Small,1,74,2005,Qtr 2,April,3,11,10401,72.55,S700_4002,Planes,1,28,2031.4,On Hold,2031.3999999999999,1
USA,NYC,Large,1,163,2003,Qtr 2,April,4,4,10115,100,S18_2238,Classic Cars,1,46,7381.16,Shipped,4600,1
USA,NYC,Large,1,207,2003,Qtr 2,June,3,2,10127,100,S12_1108,Classic Cars,1,46,11279.2,Shipped,4600,1
USA,NYC,Large,1,151,2003,Qtr 2,June,3,3,10127,100,S12_3148,Classic Cars,1,46,7366.44,Shipped,4600,1
USA,NYC,Large,1,173,2003,Qtr 2,June,3,1,10127,100,S12_3891,Classic Cars,1,42,8138.76,Shipped,4200,1
USA,NYC,Large,1,163,2003,Qtr 2,June,3,10,10127,100,S18_2238,Classic Cars,1,45,7146.9,Shipped,4500,1
USA,NYC,Large,1,193,2004,Qtr 2,April,5,9,10237,100,S10_4698,Motorcycles,1,39,7023.9,Shipped,3900,1
USA,NYC,Large,1,143,2004,Qtr 3,September,8,2,10292,100,S18_4027,Classic Cars,1,44,7140.76,Shipped,4400,1
USA,NYC,Large,1,148,2004,Qtr 4,November,3,3,10319,100,S18_4721,Classic Cars,1,45,7901.1,Shipped,4500,1
USA,NYC,Large,1,163,2004,Qtr 4,November,5,8,10324,100,S18_2238,Classic Cars,1,47,7207.45,Shipped,4700,1
USA,NYC,Large,1,64,2004,Qtr 4,November,5,4,10324,100,S32_3522,Trucks and Buses,1,48,8209.44,Shipped,4800,1
USA,NYC,Large,1,169,2004,Qtr 4,December,1,6,10349,100,S18_3232,Classic Cars,1,48,7396.8,Shipped,4800,1
USA,NYC,Medium,1,102,2003,Qtr 1,January,10,2,10102,100,S18_1342,Vintage Cars,1,39,4808.31,Shipped,3900,1
USA,NYC,Medium,1,118,2003,Qtr 1,February,24,5,10107,99.91,S10_2016,Motorcycles,1,39,3896.49,Shipped,3896.49,1
USA,NYC,Medium,1,193,2003,Qtr 1,February,24,4,10107,100,S10_4698,Motorcycles,1,27,6065.55,Shipped,2700,1
USA,NYC,Medium,1,150,2003,Qtr 1,February,24,1,10107,100,S12_2823,Motorcycles,1,21,3036.6,Shipped,2100,1
USA,NYC,Medium,1,76,2003,Qtr 1,February,24,7,10107,83.03,S24_2000,Motorcycles,1,38,3155.14,Shipped,3155.14,1
USA,NYC,Medium,1,118,2003,Qtr 2,April,4,5,10115,100,S12_4473,Trucks and Buses,1,46,5723.78,Shipped,4600,1
USA,NYC,Medium,1,57,2003,Qtr 2,April,4,2,10115,69.36,S24_1444,Classic Cars,1,47,3259.92,Shipped,3259.92,1
USA,NYC,Medium,1,118,2003,Qtr 2,April,4,1,10115,100,S24_4048,Classic Cars,1,44,5568.64,Shipped,4400,1
USA,NYC,Medium,1,122,2003,Qtr 2,June,3,14,10127,100,S18_2319,Trucks and Buses,1,45,6295.95,Shipped,4500,1
USA,NYC,Medium,1,169,2003,Qtr 2,June,3,15,10127,100,S18_3232,Classic Cars,1,22,3837.24,Shipped,2200,1
USA,NYC,Medium,1,143,2003,Qtr 2,June,3,5,10127,100,S18_4027,Classic Cars,1,25,3447,Shipped,2500,1
USA,NYC,Medium,1,115,2003,Qtr 2,June,3,9,10127,100,S50_1392,Trucks and Buses,1,46,6176.42,Shipped,4600,1
USA,NYC,Medium,1,58,2003,Qtr 2,June,3,4,10127,69.12,S50_1514,Trains,1,46,3179.52,Shipped,3179.5200000000004,1
USA,NYC,Medium,1,214,2003,Qtr 4,October,20,1,10163,100,S10_1949,Classic Cars,1,21,4860.24,Shipped,2100,1
USA,NYC,Medium,1,101,2003,Qtr 4,October,20,2,10163,100,S18_2949,Vintage Cars,1,31,3329.09,Shipped,3100,1
USA,NYC,Medium,1,62,2003,Qtr 4,October,20,4,10163,69.96,S18_2957,Vintage Cars,1,48,3358.08,Shipped,3358.08,1
USA,NYC,Medium,1,104,2003,Qtr 4,October,20,3,10163,100,S18_3136,Vintage Cars,1,40,4900.8,Shipped,4000,1
USA,NYC,Medium,1,99,2003,Qtr 4,October,20,6,10163,100,S18_3320,Vintage Cars,1,43,4991.44,Shipped,4300,1
USA,NYC,Medium,1,97,2003,Qtr 4,October,20,5,10163,91.55,S24_4258,Vintage Cars,1,42,3845.1,Shipped,3845.1,1
USA,NYC,Medium,1,141,2003,Qtr 4,December,2,17,10204,100,S18_1129,Classic Cars,1,42,6182.4,Shipped,4200,1
USA,NYC,Medium,1,124,2003,Qtr 4,December,2,13,10204,100,S18_1589,Classic Cars,1,40,4032,Shipped,4000,1
USA,NYC,Medium,1,170,2003,Qtr 4,December,2,4,10204,100,S18_1749,Vintage Cars,1,33,5890.5,Shipped,3300,1
USA,NYC,Medium,1,142,2003,Qtr 4,December,2,16,10204,100,S18_1984,Classic Cars,1,38,6432.64,Shipped,3800,1
USA,NYC,Medium,1,127,2003,Qtr 4,December,2,1,10204,100,S18_2325,Vintage Cars,1,26,3206.32,Shipped,2600,1
USA,NYC,Medium,1,132,2003,Qtr 4,December,2,14,10204,100,S18_2870,Classic Cars,1,27,4169.88,Shipped,2700,1
USA,NYC,Medium,1,141,2003,Qtr 4,December,2,15,10204,100,S18_3685,Classic Cars,1,35,5735.8,Shipped,3500,1
USA,NYC,Medium,1,71,2003,Qtr 4,December,2,6,10204,76.26,S18_4933,Classic Cars,1,45,3431.7,Shipped,3431.7000000000003,1
USA,NYC,Medium,1,90,2003,Qtr 4,December,2,8,10204,96.32,S24_2766,Classic Cars,1,47,4527.04,Shipped,4527.04,1
USA,NYC,Medium,1,117,2003,Qtr 4,December,2,7,10204,100,S24_2887,Classic Cars,1,42,4242,Shipped,4200,1
USA,NYC,Medium,1,85,2003,Qtr 4,December,2,9,10204,79.62,S24_3191,Classic Cars,1,40,3184.8,Shipped,3184.8,1
USA,NYC,Medium,1,107,2003,Qtr 4,December,2,11,10204,91.02,S24_3432,Classic Cars,1,48,4368.96,Shipped,4368.96,1
USA,NYC,Medium,1,150,2004,Qtr 2,April,5,6,10237,100,S12_2823,Motorcycles,1,32,4193.28,Shipped,3200,1
USA,NYC,Medium,1,102,2004,Qtr 2,April,5,5,10237,100,S32_4485,Motorcycles,1,27,3113.64,Shipped,2700,1
USA,NYC,Medium,1,136,2004,Qtr 2,May,7,12,10248,100,S18_3140,Vintage Cars,1,32,3802.56,Cancelled,3200,1
USA,NYC,Medium,1,100,2004,Qtr 2,May,7,14,10248,100,S18_3259,Trains,1,42,5082.42,Cancelled,4200,1
USA,NYC,Medium,1,87,2004,Qtr 2,May,7,11,10248,75.48,S18_4522,Vintage Cars,1,42,3170.16,Cancelled,3170.1600000000003,1
USA,NYC,Medium,1,122,2004,Qtr 2,May,7,10,10248,100,S24_2011,Ships,1,48,6960.48,Cancelled,4800,1
USA,NYC,Medium,1,88,2004,Qtr 2,May,7,5,10248,100,S24_3151,Vintage Cars,1,30,3053.7,Cancelled,3000,1
USA,NYC,Medium,1,86,2004,Qtr 2,May,7,13,10248,100,S700_1938,Ships,1,40,4157.2,Cancelled,4000,1
USA,NYC,Medium,1,100,2004,Qtr 2,May,7,7,10248,100,S700_3505,Ships,1,30,3245.4,Cancelled,3000,1
USA,NYC,Medium,1,99,2004,Qtr 2,May,7,8,10248,90.37,S700_3962,Ships,1,35,3162.95,Cancelled,3162.9500000000003,1
USA,NYC,Medium,1,73,2004,Qtr 3,July,7,5,10267,80.1,S24_1046,Classic Cars,1,40,3204,Shipped,3204,1
USA,NYC,Medium,1,90,2004,Qtr 3,July,7,3,10267,87.24,S24_2766,Classic Cars,1,38,3315.12,Shipped,3315.12,1
USA,NYC,Medium,1,117,2004,Qtr 3,July,7,2,10267,100,S24_2887,Classic Cars,1,43,4645.72,Shipped,4300,1
USA,NYC,Medium,1,85,2004,Qtr 3,July,7,4,10267,96.74,S24_3191,Classic Cars,1,44,4256.56,Shipped,4256.5599999999995,1
USA,NYC,Medium,1,107,2004,Qtr 3,July,7,6,10267,100,S24_3432,Classic Cars,1,43,5110.98,Shipped,4300,1
USA,NYC,Medium,1,163,2004,Qtr 3,September,8,7,10292,100,S18_2238,Classic Cars,1,26,4554.94,Shipped,2600,1
USA,NYC,Medium,1,122,2004,Qtr 3,September,8,11,10292,100,S18_2319,Trucks and Buses,1,41,4528.86,Shipped,4100,1
USA,NYC,Medium,1,118,2004,Qtr 3,September,8,4,10292,100,S24_4048,Classic Cars,1,27,3832.38,Shipped,2700,1
USA,NYC,Medium,1,115,2004,Qtr 3,September,8,6,10292,100,S50_1392,Trucks and Buses,1,41,4983.14,Shipped,4100,1
USA,NYC,Medium,1,150,2004,Qtr 4,November,3,9,10319,100,S12_2823,Motorcycles,1,30,4111.8,Shipped,3000,1
USA,NYC,Medium,1,80,2004,Qtr 4,November,3,1,10319,73.98,S18_3278,Classic Cars,1,46,3403.08,Shipped,3403.0800000000004,1
USA,NYC,Medium,1,80,2004,Qtr 4,November,3,2,10319,85.69,S24_4620,Classic Cars,1,43,3684.67,Shipped,3684.67,1
USA,NYC,Medium,1,81,2004,Qtr 4,November,3,6,10319,77.29,S50_4713,Motorcycles,1,45,3478.05,Shipped,3478.05,1
USA,NYC,Medium,1,169,2004,Qtr 4,November,5,12,10324,100,S18_3232,Classic Cars,1,27,3155.49,Shipped,2700,1
USA,NYC,Medium,1,143,2004,Qtr 4,November,5,13,10324,100,S18_4027,Classic Cars,1,49,5379.71,Shipped,4900,1
USA,NYC,Medium,1,50,2004,Qtr 4,November,5,6,10324,100,S18_4668,Vintage Cars,1,38,6832.02,Shipped,3800,1
USA,NYC,Medium,1,127,2004,Qtr 4,November,5,2,10324,100,S24_2300,Trucks and Buses,1,31,3820.44,Shipped,3100,1
USA,NYC,Medium,1,35,2004,Qtr 4,November,5,9,10324,100,S24_2840,Classic Cars,1,30,3338.1,Shipped,3000,1
USA,NYC,Medium,1,97,2004,Qtr 4,November,5,3,10324,100,S24_4258,Vintage Cars,1,33,6267.69,Shipped,3300,1
USA,NYC,Medium,1,101,2004,Qtr 4,November,5,5,10324,100,S700_2824,Classic Cars,1,34,4248.3,Shipped,3400,1
USA,NYC,Medium,1,95,2004,Qtr 4,November,15,1,10329,100,S10_1678,Motorcycles,1,42,4396.14,Shipped,4200,1
USA,NYC,Medium,1,118,2004,Qtr 4,November,15,2,10329,100,S10_2016,Motorcycles,1,20,3176,Shipped,2000,1
USA,NYC,Medium,1,193,2004,Qtr 4,November,15,3,10329,100,S10_4698,Motorcycles,1,26,5868.2,Shipped,2600,1
USA,NYC,Medium,1,150,2004,Qtr 4,November,15,6,10329,100,S12_2823,Motorcycles,1,24,3542.64,Shipped,2400,1
USA,NYC,Medium,1,117,2004,Qtr 4,November,15,13,10329,83.63,S12_3380,Classic Cars,1,46,3846.98,Shipped,3846.9799999999996,1
USA,NYC,Medium,1,79,2004,Qtr 4,November,15,14,10329,100,S12_3990,Classic Cars,1,33,3607.56,Shipped,3300,1
USA,NYC,Medium,1,60,2004,Qtr 4,November,15,12,10329,100,S18_2625,Motorcycles,1,38,5266.04,Shipped,3800,1
USA,NYC,Medium,1,76,2004,Qtr 4,November,15,4,10329,94.43,S24_2000,Motorcycles,1,37,3493.91,Shipped,3493.9100000000003,1
USA,NYC,Medium,1,49,2004,Qtr 4,November,15,8,10329,86.13,S72_1253,Planes,1,44,3789.72,Shipped,3789.72,1
USA,NYC,Medium,1,143,2004,Qtr 4,November,21,3,10337,100,S18_4027,Classic Cars,1,36,5679.36,Shipped,3600,1
USA,NYC,Medium,1,87,2004,Qtr 4,November,21,2,10337,100,S18_4522,Vintage Cars,1,29,4498.19,Shipped,2900,1
USA,NYC,Medium,1,54,2004,Qtr 4,November,21,5,10337,97.16,S72_3212,Ships,1,42,4080.72,Shipped,4080.72,1
USA,NYC,Medium,1,173,2004,Qtr 4,December,1,10,10349,100,S12_3891,Classic Cars,1,26,4408.56,Shipped,2600,1
USA,NYC,Medium,1,118,2004,Qtr 4,December,1,9,10349,100,S12_4473,Trucks and Buses,1,48,5232.96,Shipped,4800,1
USA,NYC,Medium,1,163,2004,Qtr 4,December,1,8,10349,100,S18_2238,Classic Cars,1,38,6719.54,Shipped,3800,1
USA,NYC,Medium,1,122,2004,Qtr 4,December,1,7,10349,100,S18_2319,Trucks and Buses,1,38,5223.48,Shipped,3800,1
USA,NYC,Medium,1,143,2004,Qtr 4,December,1,5,10349,100,S18_4027,Classic Cars,1,34,4394.84,Shipped,3400,1
USA,NYC,Medium,1,118,2004,Qtr 4,December,1,2,10349,100,S24_4048,Classic Cars,1,23,3182.97,Shipped,2300,1
USA,NYC,Small,1,53,2003,Qtr 1,January,10,1,10102,50.14,S18_1367,Vintage Cars,1,41,2055.74,Shipped,2055.7400000000002,1
USA,NYC,Small,1,95,2003,Qtr 1,February,24,2,10107,95.7,S10_1678,Motorcycles,1,30,2871,Shipped,2871,1
USA,NYC,Small,1,60,2003,Qtr 1,February,24,6,10107,70.87,S18_2625,Motorcycles,1,29,2055.23,Shipped,2055.23,1
USA,NYC,Small,1,112,2003,Qtr 1,February,24,3,10107,100,S24_1578,Motorcycles,1,25,2845.75,Shipped,2500,1
USA,NYC,Small,1,99,2003,Qtr 1,February,24,8,10107,92.9,S32_1374,Motorcycles,1,20,1858,Shipped,1858,1
USA,NYC,Small,1,115,2003,Qtr 2,April,4,3,10115,100,S50_1392,Trucks and Buses,1,27,2843.91,Shipped,2700,1
USA,NYC,Small,1,118,2003,Qtr 2,June,3,11,10127,100,S12_4473,Trucks and Buses,1,24,2559.6,Shipped,2400,1
USA,NYC,Small,1,57,2003,Qtr 2,June,3,8,10127,60.69,S24_1444,Classic Cars,1,20,1213.8,Shipped,1213.8,1
USA,NYC,Small,1,35,2003,Qtr 2,June,3,12,10127,38.19,S24_2840,Classic Cars,1,39,1489.41,Shipped,1489.4099999999999,1
USA,NYC,Small,1,118,2003,Qtr 2,June,3,7,10127,96.99,S24_4048,Classic Cars,1,20,1939.8,Shipped,1939.8,1
USA,NYC,Small,1,54,2003,Qtr 2,June,3,13,10127,51.95,S32_2509,Trucks and Buses,1,45,2337.75,Shipped,2337.75,1
USA,NYC,Small,1,62,2003,Qtr 2,June,3,6,10127,70.84,S32_3207,Trains,1,29,2054.36,Shipped,2054.36,1
USA,NYC,Small,1,60,2003,Qtr 4,December,2,3,10204,71.44,S18_2248,Vintage Cars,1,23,1643.12,Shipped,1643.12,1
USA,NYC,Small,1,92,2003,Qtr 4,December,2,5,10204,85.59,S18_4409,Vintage Cars,1,29,2482.11,Shipped,2482.11,1
USA,NYC,Small,1,73,2003,Qtr 4,December,2,10,10204,62.47,S24_1046,Classic Cars,1,20,1249.4,Shipped,1249.4,1
USA,NYC,Small,1,50,2003,Qtr 4,December,2,12,10204,49.81,S24_1628,Classic Cars,1,45,2241.45,Shipped,2241.4500000000003,1
USA,NYC,Small,1,41,2003,Qtr 4,December,2,2,10204,33.23,S24_3969,Vintage Cars,1,39,1295.97,Shipped,1295.9699999999998,1
USA,NYC,Small,1,95,2004,Qtr 2,April,5,7,10237,100,S10_1678,Motorcycles,1,23,2333.12,Shipped,2300,1
USA,NYC,Small,1,62,2004,Qtr 2,April,5,1,10237,52.22,S18_3782,Motorcycles,1,26,1357.72,Shipped,1357.72,1
USA,NYC,Small,1,112,2004,Qtr 2,April,5,8,10237,100,S24_1578,Motorcycles,1,20,2299,Shipped,2000,1
USA,NYC,Small,1,69,2004,Qtr 2,April,5,4,10237,79.65,S24_2360,Motorcycles,1,26,2070.9,Shipped,2070.9,1
USA,NYC,Small,1,40,2004,Qtr 2,April,5,2,10237,40.23,S32_2206,Motorcycles,1,26,1045.98,Shipped,1045.98,1
USA,NYC,Small,1,81,2004,Qtr 2,April,5,3,10237,68.34,S50_4713,Motorcycles,1,20,1366.8,Shipped,1366.8000000000002,1
USA,NYC,Small,1,41,2004,Qtr 2,April,20,1,10242,36.93,S24_3969,Vintage Cars,1,46,1698.78,Shipped,1698.78,1
USA,NYC,Small,1,136,2004,Qtr 2,May,7,3,10248,100,S10_4757,Classic Cars,1,20,2910.4,Cancelled,2000,1
USA,NYC,Small,1,86,2004,Qtr 2,May,7,1,10248,73.98,S18_3029,Ships,1,21,1553.58,Cancelled,1553.5800000000002,1
USA,NYC,Small,1,83,2004,Qtr 2,May,7,2,10248,76.31,S24_3816,Vintage Cars,1,23,1755.13,Cancelled,1755.13,1
USA,NYC,Small,1,66,2004,Qtr 2,May,7,6,10248,71.34,S700_1138,Ships,1,36,2568.24,Cancelled,2568.2400000000002,1
USA,NYC,Small,1,72,2004,Qtr 2,May,7,4,10248,75.89,S700_2610,Ships,1,32,2428.48,Cancelled,2428.48,1
USA,NYC,Small,1,54,2004,Qtr 2,May,7,9,10248,65.52,S72_3212,Ships,1,23,1506.96,Cancelled,1506.9599999999998,1
USA,NYC,Small,1,71,2004,Qtr 3,July,7,1,10267,75.55,S18_4933,Classic Cars,1,36,2719.8,Shipped,2719.7999999999997,1
USA,NYC,Small,1,118,2004,Qtr 3,September,8,8,10292,100,S12_4473,Trucks and Buses,1,21,2214.87,Shipped,2100,1
USA,NYC,Small,1,169,2004,Qtr 3,September,8,12,10292,100,S18_3232,Classic Cars,1,21,2844.87,Shipped,2100,1
USA,NYC,Small,1,57,2004,Qtr 3,September,8,5,10292,53.75,S24_1444,Classic Cars,1,40,2150,Shipped,2150,1
USA,NYC,Small,1,35,2004,Qtr 3,September,8,9,10292,30.06,S24_2840,Classic Cars,1,39,1172.34,Shipped,1172.34,1
USA,NYC,Small,1,54,2004,Qtr 3,September,8,10,10292,46.53,S32_2509,Trucks and Buses,1,50,2326.5,Shipped,2326.5,1
USA,NYC,Small,1,62,2004,Qtr 3,September,8,3,10292,67.73,S32_3207,Trains,1,31,2099.63,Shipped,2099.63,1
USA,NYC,Small,1,58,2004,Qtr 3,September,8,1,10292,55.07,S50_1514,Trains,1,35,1927.45,Shipped,1927.45,1
USA,NYC,Small,1,62,2004,Qtr 4,November,3,4,10319,59.06,S18_3782,Motorcycles,1,44,2598.64,Shipped,2598.6400000000003,1
USA,NYC,Small,1,69,2004,Qtr 4,November,3,7,10319,81.73,S24_2360,Motorcycles,1,31,2533.63,Shipped,2533.63,1
USA,NYC,Small,1,40,2004,Qtr 4,November,3,5,10319,38.22,S32_2206,Motorcycles,1,29,1108.38,Shipped,1108.3799999999999,1
USA,NYC,Small,1,102,2004,Qtr 4,November,3,8,10319,100,S32_4485,Motorcycles,1,22,2626.8,Shipped,2200,1
USA,NYC,Small,1,151,2004,Qtr 4,November,5,1,10324,54.33,S12_3148,Classic Cars,1,27,1466.91,Shipped,1466.9099999999999,1
USA,NYC,Small,1,118,2004,Qtr 4,November,5,7,10324,58.38,S12_4473,Trucks and Buses,1,26,1517.88,Shipped,1517.88,1
USA,NYC,Small,1,122,2004,Qtr 4,November,5,10,10324,37.48,S18_2319,Trucks and Buses,1,33,1236.84,Shipped,1236.84,1
USA,NYC,Small,1,57,2004,Qtr 4,November,5,14,10324,69.16,S24_1444,Classic Cars,1,25,1729,Shipped,1729,1
USA,NYC,Small,1,96,2004,Qtr 4,November,5,11,10324,98.18,S32_1268,Trucks and Buses,1,20,1963.6,Shipped,1963.6000000000001,1
USA,NYC,Small,1,194,2004,Qtr 4,November,15,5,10329,71.47,S12_1099,Classic Cars,1,41,2930.27,Shipped,2930.27,1
USA,NYC,Small,1,115,2004,Qtr 4,November,15,15,10329,64.74,S12_4675,Classic Cars,1,39,2524.86,Shipped,2524.8599999999997,1
USA,NYC,Small,1,77,2004,Qtr 4,November,15,9,10329,100,S18_1889,Classic Cars,1,29,2954.81,Shipped,2900,1
USA,NYC,Small,1,80,2004,Qtr 4,November,15,10,10329,59.1,S18_3278,Classic Cars,1,38,2245.8,Shipped,2245.8,1
USA,NYC,Small,1,112,2004,Qtr 4,November,15,7,10329,87.78,S24_1578,Motorcycles,1,30,2633.4,Shipped,2633.4,1
USA,NYC,Small,1,99,2004,Qtr 4,November,15,11,10329,63.91,S32_1374,Motorcycles,1,45,2875.95,Shipped,2875.95,1
USA,NYC,Small,1,136,2004,Qtr 4,November,21,8,10337,48.05,S10_4757,Classic Cars,1,25,1201.25,Shipped,1201.25,1
USA,NYC,Small,1,122,2004,Qtr 4,November,21,4,10337,71.97,S24_2011,Ships,1,29,2087.13,Shipped,2087.13,1
USA,NYC,Small,1,58,2004,Qtr 4,November,21,6,10337,100,S50_1514,Trains,1,21,2296.77,Shipped,2100,1
USA,NYC,Small,1,86,2004,Qtr 4,November,21,9,10337,70.3,S700_1938,Ships,1,36,2530.8,Shipped,2530.7999999999997,1
USA,NYC,Small,1,100,2004,Qtr 4,November,21,1,10337,89.38,S700_3505,Ships,1,31,2770.78,Shipped,2770.7799999999997,1
USA,NYC,Small,1,99,2004,Qtr 4,November,21,7,10337,71.89,S700_3962,Ships,1,36,2588.04,Shipped,2588.04,1
USA,NYC,Small,1,57,2004,Qtr 4,December,1,4,10349,47.4,S24_1444,Classic Cars,1,48,2275.2,Shipped,2275.2,1
USA,NYC,Small,1,35,2004,Qtr 4,December,1,3,10349,37.13,S24_2840,Classic Cars,1,36,1336.68,Shipped,1336.68,1
USA,NYC,Small,1,54,2004,Qtr 4,December,1,1,10349,46.53,S32_2509,Trucks and Buses,1,33,1535.49,Shipped,1535.49,1
USA,Pasadena,Large,1,150,2003,Qtr 3,August,25,5,10145,100,S12_2823,Motorcycles,1,49,8339.8,Shipped,4900,1
USA,Pasadena,Large,1,60,2005,Qtr 1,January,12,4,10367,100,S18_2248,Vintage Cars,1,45,8884.8,Resolved,4500,1
USA,Pasadena,Medium,1,95,2003,Qtr 3,August,25,6,10145,83.26,S10_1678,Motorcycles,1,45,3746.7,Shipped,3746.7000000000003,1
USA,Pasadena,Medium,1,118,2003,Qtr 3,August,25,9,10145,100,S10_2016,Motorcycles,1,37,5192.95,Shipped,3700,1
USA,Pasadena,Medium,1,193,2003,Qtr 3,August,25,8,10145,100,S10_4698,Motorcycles,1,33,5176.38,Shipped,3300,1
USA,Pasadena,Medium,1,112,2003,Qtr 3,August,25,7,10145,95.8,S24_1578,Motorcycles,1,43,4119.4,Shipped,4119.4,1
USA,Pasadena,Medium,1,109,2003,Qtr 3,August,25,16,10145,87.54,S24_1785,Planes,1,40,3501.6,Shipped,3501.6000000000004,1
USA,Pasadena,Medium,1,76,2003,Qtr 3,August,25,11,10145,83.03,S24_2000,Motorcycles,1,47,3902.41,Shipped,3902.41,1
USA,Pasadena,Medium,1,99,2003,Qtr 3,August,25,12,10145,93.9,S32_1374,Motorcycles,1,33,3098.7,Shipped,3098.7000000000003,1
USA,Pasadena,Medium,1,102,2003,Qtr 3,August,25,4,10145,100,S32_4485,Motorcycles,1,27,3251.34,Shipped,2700,1
USA,Pasadena,Medium,1,81,2003,Qtr 3,August,25,2,10145,81.36,S50_4713,Motorcycles,1,38,3091.68,Shipped,3091.68,1
USA,Pasadena,Medium,1,150,2003,Qtr 4,November,18,1,10189,100,S12_2823,Motorcycles,1,28,4512.48,Shipped,2800,1
USA,Pasadena,Medium,1,170,2005,Qtr 1,January,12,3,10367,100,S18_1749,Vintage Cars,1,37,4703.81,Resolved,3700,1
USA,Pasadena,Medium,1,127,2005,Qtr 1,January,12,5,10367,100,S18_2325,Vintage Cars,1,27,4196.07,Resolved,2700,1
USA,Pasadena,Medium,1,168,2005,Qtr 1,January,12,7,10367,94.79,S18_2795,Vintage Cars,1,32,3033.28,Resolved,3033.28,1
USA,Pasadena,Medium,1,141,2005,Qtr 1,January,12,6,10367,100,S18_3685,Classic Cars,1,46,4808.38,Resolved,4600,1
USA,Pasadena,Medium,1,71,2005,Qtr 1,January,12,9,10367,85.25,S18_4933,Classic Cars,1,44,3751,Resolved,3751,1
USA,Pasadena,Medium,1,37,2005,Qtr 1,January,12,2,10367,100,S24_2972,Classic Cars,1,36,5018.4,Resolved,3600,1
USA,Pasadena,Small,1,84,2003,Qtr 3,August,25,14,10145,85.32,S18_2581,Planes,1,30,2559.6,Shipped,2559.6,1
USA,Pasadena,Small,1,60,2003,Qtr 3,August,25,10,10145,49.67,S18_2625,Motorcycles,1,30,1490.1,Shipped,1490.1000000000001,1
USA,Pasadena,Small,1,69,2003,Qtr 3,August,25,3,10145,60.95,S24_2360,Motorcycles,1,27,1645.65,Shipped,1645.65,1
USA,Pasadena,Small,1,72,2003,Qtr 3,August,25,15,10145,84.77,S24_4278,Planes,1,33,2797.41,Shipped,2797.41,1
USA,Pasadena,Small,1,40,2003,Qtr 3,August,25,1,10145,35.8,S32_2206,Motorcycles,1,31,1109.8,Shipped,1109.8,1
USA,Pasadena,Small,1,118,2003,Qtr 3,August,25,13,10145,100,S700_2834,Planes,1,20,2752.6,Shipped,2000,1
USA,Pasadena,Small,1,124,2005,Qtr 1,January,12,1,10367,56.3,S18_1589,Classic Cars,1,49,2758.7,Resolved,2758.7,1
USA,Pasadena,Small,1,92,2005,Qtr 1,January,12,8,10367,62.72,S18_4409,Vintage Cars,1,43,2696.96,Resolved,2696.96,1
USA,Pasadena,Small,1,73,2005,Qtr 1,January,12,10,10367,60.37,S24_1046,Classic Cars,1,21,1267.77,Resolved,1267.77,1
USA,Pasadena,Small,1,50,2005,Qtr 1,January,12,11,10367,38.5,S24_1628,Classic Cars,1,38,1463,Resolved,1463,1
USA,Pasadena,Small,1,33,2005,Qtr 1,January,12,13,10367,36.29,S24_1937,Vintage Cars,1,23,834.67,Resolved,834.67,1
USA,Pasadena,Small,1,44,2005,Qtr 1,January,12,12,10367,30.59,S24_2022,Vintage Cars,1,28,856.52,Resolved,856.52,1
USA,Philadelphia,Large,1,169,2003,Qtr 1,March,10,5,10109,100,S18_3232,Classic Cars,1,46,8257,Shipped,4600,1
USA,Philadelphia,Large,1,157,2004,Qtr 4,October,14,1,10307,100,S18_1662,Planes,1,39,7379.97,Shipped,3900,1
USA,Philadelphia,Medium,1,141,2003,Qtr 1,March,10,4,10109,100,S18_1129,Classic Cars,1,26,4379.18,Shipped,2600,1
USA,Philadelphia,Medium,1,142,2003,Qtr 1,March,10,3,10109,100,S18_1984,Classic Cars,1,38,4432.7,Shipped,3800,1
USA,Philadelphia,Medium,1,132,2003,Qtr 1,March,10,1,10109,100,S18_2870,Classic Cars,1,26,3157.44,Shipped,2600,1
USA,Philadelphia,Medium,1,141,2003,Qtr 1,March,10,2,10109,100,S18_3685,Classic Cars,1,47,6241.6,Shipped,4700,1
USA,Philadelphia,Medium,1,214,2003,Qtr 4,November,13,8,10183,100,S10_1949,Classic Cars,1,23,5372.57,Shipped,2300,1
USA,Philadelphia,Medium,1,147,2003,Qtr 4,November,13,1,10183,100,S10_4962,Classic Cars,1,28,3433.36,Shipped,2800,1
USA,Philadelphia,Medium,1,136,2003,Qtr 4,November,13,5,10183,100,S12_1666,Trucks and Buses,1,41,6163.94,Shipped,4100,1
USA,Philadelphia,Medium,1,101,2003,Qtr 4,November,13,9,10183,89.15,S18_2949,Vintage Cars,1,37,3298.55,Shipped,3298.55,1
USA,Philadelphia,Medium,1,97,2003,Qtr 4,November,13,12,10183,100,S24_4258,Vintage Cars,1,47,5035.11,Shipped,4700,1
USA,Philadelphia,Medium,1,64,2003,Qtr 4,November,13,4,10183,64.64,S32_3522,Trucks and Buses,1,49,3167.36,Shipped,3167.36,1
USA,Philadelphia,Medium,1,76,2004,Qtr 2,April,3,3,10236,87.6,S24_2000,Motorcycles,1,36,3153.6,Shipped,3153.6,1
USA,Philadelphia,Medium,1,105,2004,Qtr 4,October,14,6,10307,86.81,S18_3856,Vintage Cars,1,48,4166.88,Shipped,4166.88,1
USA,Philadelphia,Medium,1,90,2004,Qtr 4,October,14,5,10307,97.76,S700_2047,Ships,1,34,3323.84,Shipped,3323.84,1
USA,Philadelphia,Medium,1,141,2004,Qtr 4,November,17,6,10331,100,S18_1129,Classic Cars,1,46,6434.02,Shipped,4600,1
USA,Philadelphia,Medium,1,124,2004,Qtr 4,November,17,14,10331,100,S18_1589,Classic Cars,1,44,4849.24,Shipped,4400,1
USA,Philadelphia,Medium,1,170,2004,Qtr 4,November,17,7,10331,74.04,S18_1749,Vintage Cars,1,44,3257.76,Shipped,3257.76,1
USA,Philadelphia,Medium,1,169,2004,Qtr 4,November,17,11,10331,100,S18_3232,Classic Cars,1,27,4170.69,Shipped,2700,1
USA,Philadelphia,Medium,1,61,2004,Qtr 4,November,17,9,10331,100,S24_3371,Classic Cars,1,25,3078.5,Shipped,2500,1
USA,Philadelphia,Medium,1,140,2004,Qtr 4,November,17,1,10331,100,S24_3856,Classic Cars,1,21,3135.93,Shipped,2100,1
USA,Philadelphia,Medium,1,80,2004,Qtr 4,November,17,2,10331,100,S24_4620,Classic Cars,1,41,5715.4,Shipped,4100,1
USA,Philadelphia,Medium,1,40,2004,Qtr 4,November,17,3,10331,100,S32_2206,Motorcycles,1,28,4102.56,Shipped,2800,1
USA,Philadelphia,Medium,1,102,2004,Qtr 4,November,17,4,10331,100,S32_4485,Motorcycles,1,32,5026.56,Shipped,3200,1
USA,Philadelphia,Medium,1,81,2004,Qtr 4,November,17,5,10331,100,S50_4713,Motorcycles,1,20,3657.8,Shipped,2000,1
USA,Philadelphia,Small,1,37,2003,Qtr 1,March,10,6,10109,32.1,S24_2972,Classic Cars,1,29,930.9,Shipped,930.9000000000001,1
USA,Philadelphia,Small,1,116,2003,Qtr 4,November,13,7,10183,96.84,S18_1097,Trucks and Buses,1,21,2033.64,Shipped,2033.64,1
USA,Philadelphia,Small,1,62,2003,Qtr 4,November,13,11,10183,68.08,S18_2957,Vintage Cars,1,39,2655.12,Shipped,2655.12,1
USA,Philadelphia,Small,1,104,2003,Qtr 4,November,13,10,10183,100,S18_3136,Vintage Cars,1,22,2488.2,Shipped,2200,1
USA,Philadelphia,Small,1,121,2003,Qtr 4,November,13,2,10183,100,S18_4600,Trucks and Buses,1,21,2441.04,Shipped,2100,1
USA,Philadelphia,Small,1,50,2003,Qtr 4,November,13,6,10183,49.3,S18_4668,Vintage Cars,1,40,1972,Shipped,1972,1
USA,Philadelphia,Small,1,101,2003,Qtr 4,November,13,3,10183,86.99,S700_2824,Classic Cars,1,23,2000.77,Shipped,2000.77,1
USA,Philadelphia,Small,1,118,2004,Qtr 2,April,3,1,10236,100,S10_2016,Motorcycles,1,22,2852.08,Shipped,2200,1
USA,Philadelphia,Small,1,60,2004,Qtr 2,April,3,2,10236,55.72,S18_2625,Motorcycles,1,23,1281.56,Shipped,1281.56,1
USA,Philadelphia,Small,1,136,2004,Qtr 4,October,14,9,10307,100,S10_4757,Classic Cars,1,22,2692.8,Shipped,2200,1
USA,Philadelphia,Small,1,86,2004,Qtr 4,October,14,7,10307,83.44,S18_3029,Ships,1,31,2586.64,Shipped,2586.64,1
USA,Philadelphia,Small,1,68,2004,Qtr 4,October,14,2,10307,75.36,S24_2841,Planes,1,25,1884,Shipped,1884,1
USA,Philadelphia,Small,1,65,2004,Qtr 4,October,14,3,10307,71.67,S24_3420,Vintage Cars,1,22,1576.74,Shipped,1576.74,1
USA,Philadelphia,Small,1,83,2004,Qtr 4,October,14,8,10307,91.41,S24_3816,Vintage Cars,1,22,2011.02,Shipped,2011.02,1
USA,Philadelphia,Small,1,49,2004,Qtr 4,October,14,4,10307,53.63,S72_1253,Planes,1,34,1823.42,Shipped,1823.42,1
USA,Philadelphia,Small,1,142,2004,Qtr 4,November,17,8,10331,32.47,S18_1984,Classic Cars,1,30,974.1,Shipped,974.0999999999999,1
USA,Philadelphia,Small,1,132,2004,Qtr 4,November,17,10,10331,64.9,S18_2870,Classic Cars,1,26,1687.4,Shipped,1687.4,1
USA,Philadelphia,Small,1,141,2004,Qtr 4,November,17,12,10331,67.91,S18_3685,Classic Cars,1,26,1765.66,Shipped,1765.6599999999999,1
USA,Philadelphia,Small,1,37,2004,Qtr 4,November,17,13,10331,42.24,S24_2972,Classic Cars,1,27,1140.48,Shipped,1140.48,1
USA,San Diego,Large,1,141,2004,Qtr 1,February,26,6,10226,100,S18_3685,Classic Cars,1,46,7343.9,Shipped,4600,1
USA,San Diego,Medium,1,136,2004,Qtr 1,February,19,12,10222,100,S10_4757,Classic Cars,1,49,5997.6,Shipped,4900,1
USA,San Diego,Medium,1,157,2004,Qtr 1,February,19,4,10222,100,S18_1662,Planes,1,49,6954.08,Shipped,4900,1
USA,San Diego,Medium,1,86,2004,Qtr 1,February,19,10,10222,94.62,S18_3029,Ships,1,49,4636.38,Shipped,4636.38,1
USA,San Diego,Medium,1,105,2004,Qtr 1,February,19,9,10222,85.75,S18_3856,Vintage Cars,1,45,3858.75,Shipped,3858.75,1
USA,San Diego,Medium,1,88,2004,Qtr 1,February,19,14,10222,70.81,S24_3151,Vintage Cars,1,47,3328.07,Shipped,3328.07,1
USA,San Diego,Medium,1,65,2004,Qtr 1,February,19,6,10222,70.35,S24_3420,Vintage Cars,1,43,3025.05,Shipped,3025.0499999999997,1
USA,San Diego,Medium,1,83,2004,Qtr 1,February,19,11,10222,80.51,S24_3816,Vintage Cars,1,46,3703.46,Shipped,3703.46,1
USA,San Diego,Medium,1,99,2004,Qtr 1,February,19,1,10222,87.75,S700_2466,Planes,1,37,3246.75,Shipped,3246.75,1
USA,San Diego,Medium,1,100,2004,Qtr 1,February,19,16,10222,100,S700_3505,Ships,1,38,4187.22,Shipped,3800,1
USA,San Diego,Medium,1,74,2004,Qtr 1,February,19,2,10222,74.03,S700_4002,Planes,1,43,3183.29,Shipped,3183.29,1
USA,San Diego,Medium,1,124,2004,Qtr 1,February,26,4,10226,100,S18_1589,Classic Cars,1,38,4161.38,Shipped,3800,1
USA,San Diego,Medium,1,142,2004,Qtr 1,February,26,7,10226,100,S18_1984,Classic Cars,1,24,3892.08,Shipped,2400,1
USA,San Diego,Medium,1,132,2004,Qtr 1,February,26,5,10226,100,S18_2870,Classic Cars,1,24,3231.36,Shipped,2400,1
USA,San Diego,Medium,1,107,2004,Qtr 1,February,26,2,10226,92.09,S24_3432,Classic Cars,1,48,4420.32,Shipped,4420.32,1
USA,San Diego,Small,1,68,2004,Qtr 1,February,19,5,10222,81.53,S24_2841,Planes,1,32,2608.96,Shipped,2608.96,1
USA,San Diego,Small,1,68,2004,Qtr 1,February,19,3,10222,56.64,S24_3949,Planes,1,48,2718.72,Shipped,2718.7200000000003,1
USA,San Diego,Small,1,66,2004,Qtr 1,February,19,15,10222,62.67,S700_1138,Ships,1,31,1942.77,Shipped,1942.77,1
USA,San Diego,Small,1,90,2004,Qtr 1,February,19,8,10222,100,S700_2047,Ships,1,26,2659.54,Shipped,2600,1
USA,San Diego,Small,1,72,2004,Qtr 1,February,19,13,10222,80.95,S700_2610,Ships,1,36,2914.2,Shipped,2914.2000000000003,1
USA,San Diego,Small,1,99,2004,Qtr 1,February,19,17,10222,95.34,S700_3962,Ships,1,31,2955.54,Shipped,2955.54,1
USA,San Diego,Small,1,49,2004,Qtr 1,February,19,7,10222,45.69,S72_1253,Planes,1,31,1416.39,Shipped,1416.3899999999999,1
USA,San Diego,Small,1,54,2004,Qtr 1,February,19,18,10222,63.34,S72_3212,Ships,1,36,2280.24,Shipped,2280.2400000000002,1
USA,San Diego,Small,1,73,2004,Qtr 1,February,26,1,10226,60.26,S24_1046,Classic Cars,1,21,1265.46,Shipped,1265.46,1
USA,San Diego,Small,1,50,2004,Qtr 1,February,26,3,10226,43.27,S24_1628,Classic Cars,1,36,1557.72,Shipped,1557.72,1
USA,San Francisco,Large,1,194,2003,Qtr 4,October,10,2,10159,100,S12_1099,Classic Cars,1,41,8296.35,Shipped,4100,1
USA,San Francisco,Large,1,168,2003,Qtr 4,October,18,3,10162,100,S18_2795,Vintage Cars,1,48,7209.12,Shipped,4800,1
USA,San Francisco,Large,1,193,2003,Qtr 4,December,1,4,10201,100,S10_4698,Motorcycles,1,49,8065.89,Shipped,4900,1
USA,San Francisco,Large,1,99,2004,Qtr 4,November,18,2,10333,100,S18_3320,Vintage Cars,1,46,11336.7,Shipped,4600,1
USA,San Francisco,Large,1,214,2005,Qtr 1,February,17,3,10381,100,S10_1949,Classic Cars,1,36,8254.8,Shipped,3600,1
USA,San Francisco,Medium,1,102,2003,Qtr 1,March,25,6,10111,99.66,S18_1342,Vintage Cars,1,33,3288.78,Shipped,3288.7799999999997,1
USA,San Francisco,Medium,1,104,2003,Qtr 1,March,25,1,10111,100,S18_3136,Vintage Cars,1,43,4818.15,Shipped,4300,1
USA,San Francisco,Medium,1,99,2003,Qtr 1,March,25,4,10111,100,S18_3320,Vintage Cars,1,39,4178.85,Shipped,3900,1
USA,San Francisco,Medium,1,95,2003,Qtr 4,October,10,14,10159,100,S10_1678,Motorcycles,1,49,5205.27,Shipped,4900,1
USA,San Francisco,Medium,1,118,2003,Qtr 4,October,10,17,10159,100,S10_2016,Motorcycles,1,37,5016.83,Shipped,3700,1
USA,San Francisco,Medium,1,193,2003,Qtr 4,October,10,16,10159,100,S10_4698,Motorcycles,1,22,4132.7,Shipped,2200,1
USA,San Francisco,Medium,1,150,2003,Qtr 4,October,10,13,10159,100,S12_2823,Motorcycles,1,38,6238.84,Shipped,3800,1
USA,San Francisco,Medium,1,146,2003,Qtr 4,October,10,4,10159,100,S18_3482,Classic Cars,1,25,3638,Shipped,2500,1
USA,San Francisco,Medium,1,148,2003,Qtr 4,October,10,7,10159,100,S18_4721,Classic Cars,1,32,4618.88,Shipped,3200,1
USA,San Francisco,Medium,1,112,2003,Qtr 4,October,10,15,10159,100,S24_1578,Motorcycles,1,44,5355.68,Shipped,4400,1
USA,San Francisco,Medium,1,61,2003,Qtr 4,October,10,1,10159,69.8,S24_3371,Classic Cars,1,50,3490,Shipped,3490,1
USA,San Francisco,Medium,1,102,2003,Qtr 4,October,18,2,10162,91.44,S18_1342,Vintage Cars,1,48,4389.12,Shipped,4389.12,1
USA,San Francisco,Medium,1,170,2003,Qtr 4,October,18,9,10162,100,S18_1749,Vintage Cars,1,29,5176.5,Shipped,2900,1
USA,San Francisco,Medium,1,127,2003,Qtr 4,October,18,6,10162,100,S18_2325,Vintage Cars,1,38,4299.7,Shipped,3800,1
USA,San Francisco,Medium,1,92,2003,Qtr 4,October,18,10,10162,100,S18_4409,Vintage Cars,1,39,3912.09,Shipped,3900,1
USA,San Francisco,Medium,1,118,2003,Qtr 4,December,1,5,10201,100,S10_2016,Motorcycles,1,24,3025.92,Shipped,2400,1
USA,San Francisco,Medium,1,150,2003,Qtr 4,December,1,1,10201,100,S12_2823,Motorcycles,1,25,4029,Shipped,2500,1
USA,San Francisco,Medium,1,112,2003,Qtr 4,December,1,3,10201,100,S24_1578,Motorcycles,1,39,4351.23,Shipped,3900,1
USA,San Francisco,Medium,1,214,2004,Qtr 4,November,18,3,10333,100,S10_1949,Classic Cars,1,26,3003,Shipped,2600,1
USA,San Francisco,Medium,1,136,2004,Qtr 4,November,18,6,10333,99.21,S12_1666,Trucks and Buses,1,33,3273.93,Shipped,3273.93,1
USA,San Francisco,Medium,1,97,2004,Qtr 4,November,18,1,10333,100,S24_4258,Vintage Cars,1,39,4424.16,Shipped,3900,1
USA,San Francisco,Medium,1,147,2005,Qtr 1,February,17,6,10381,100,S10_4962,Classic Cars,1,37,6231.54,Shipped,3700,1
USA,San Francisco,Medium,1,116,2005,Qtr 1,February,17,2,10381,98,S18_1097,Trucks and Buses,1,48,4704,Shipped,4704,1
USA,San Francisco,Medium,1,101,2005,Qtr 1,February,17,8,10381,100,S18_2949,Vintage Cars,1,41,4319.76,Shipped,4100,1
USA,San Francisco,Medium,1,104,2005,Qtr 1,February,17,5,10381,100,S18_3136,Vintage Cars,1,35,4288.2,Shipped,3500,1
USA,San Francisco,Medium,1,136,2005,Qtr 1,February,23,4,10384,100,S10_4757,Classic Cars,1,34,4846.7,Shipped,3400,1
USA,San Francisco,Medium,1,88,2005,Qtr 1,February,23,2,10384,97.87,S24_3151,Vintage Cars,1,43,4208.41,Shipped,4208.41,1
USA,San Francisco,Medium,1,86,2005,Qtr 1,February,23,1,10384,100,S700_1938,Ships,1,49,6397.44,Shipped,4900,1
USA,San Francisco,Small,1,53,2003,Qtr 1,March,25,5,10111,49.06,S18_1367,Vintage Cars,1,48,2354.88,Shipped,2354.88,1
USA,San Francisco,Small,1,62,2003,Qtr 1,March,25,2,10111,64.33,S18_2957,Vintage Cars,1,28,1801.24,Shipped,1801.24,1
USA,San Francisco,Small,1,97,2003,Qtr 1,March,25,3,10111,86.68,S24_4258,Vintage Cars,1,26,2253.68,Shipped,2253.6800000000003,1
USA,San Francisco,Small,1,79,2003,Qtr 4,October,10,3,10159,73.42,S12_3990,Classic Cars,1,24,1762.08,Shipped,1762.08,1
USA,San Francisco,Small,1,60,2003,Qtr 4,October,10,18,10159,51.48,S18_2625,Motorcycles,1,42,2162.16,Shipped,2162.16,1
USA,San Francisco,Small,1,80,2003,Qtr 4,October,10,5,10159,81.21,S18_3278,Classic Cars,1,21,1705.41,Shipped,1705.4099999999999,1
USA,San Francisco,Small,1,62,2003,Qtr 4,October,10,8,10159,64.66,S18_3782,Motorcycles,1,21,1357.86,Shipped,1357.86,1
USA,San Francisco,Small,1,69,2003,Qtr 4,October,10,11,10159,80.34,S24_2360,Motorcycles,1,27,2169.18,Shipped,2169.1800000000003,1
USA,San Francisco,Small,1,80,2003,Qtr 4,October,10,6,10159,67.1,S24_4620,Classic Cars,1,23,1543.3,Shipped,1543.3,1
USA,San Francisco,Small,1,40,2003,Qtr 4,October,10,9,10159,35.4,S32_2206,Motorcycles,1,35,1239,Shipped,1239,1
USA,San Francisco,Small,1,102,2003,Qtr 4,October,10,12,10159,100,S32_4485,Motorcycles,1,23,2347.15,Shipped,2300,1
USA,San Francisco,Small,1,81,2003,Qtr 4,October,10,10,10159,71.6,S50_4713,Motorcycles,1,31,2219.6,Shipped,2219.6,1
USA,San Francisco,Small,1,53,2003,Qtr 4,October,18,1,10162,51.21,S18_1367,Vintage Cars,1,45,2304.45,Shipped,2304.45,1
USA,San Francisco,Small,1,60,2003,Qtr 4,October,18,8,10162,69.62,S18_2248,Vintage Cars,1,27,1879.74,Shipped,1879.7400000000002,1
USA,San Francisco,Small,1,33,2003,Qtr 4,October,18,5,10162,27.22,S24_1937,Vintage Cars,1,37,1007.14,Shipped,1007.14,1
USA,San Francisco,Small,1,44,2003,Qtr 4,October,18,4,10162,36.29,S24_2022,Vintage Cars,1,43,1560.47,Shipped,1560.47,1
USA,San Francisco,Small,1,41,2003,Qtr 4,October,18,7,10162,38.98,S24_3969,Vintage Cars,1,37,1442.26,Shipped,1442.26,1
USA,San Francisco,Small,1,95,2003,Qtr 4,December,1,2,10201,98.57,S10_1678,Motorcycles,1,22,2168.54,Shipped,2168.54,1
USA,San Francisco,Small,1,60,2003,Qtr 4,December,1,6,10201,64.81,S18_2625,Motorcycles,1,30,1944.3,Shipped,1944.3000000000002,1
USA,San Francisco,Small,1,76,2003,Qtr 4,December,1,7,10201,73.88,S24_2000,Motorcycles,1,25,1847,Shipped,1847,1
USA,San Francisco,Small,1,116,2004,Qtr 4,November,18,7,10333,40.25,S18_1097,Trucks and Buses,1,29,1167.25,Shipped,1167.25,1
USA,San Francisco,Small,1,101,2004,Qtr 4,November,18,5,10333,90.17,S18_2949,Vintage Cars,1,31,2795.27,Shipped,2795.27,1
USA,San Francisco,Small,1,50,2004,Qtr 4,November,18,8,10333,79.86,S18_4668,Vintage Cars,1,24,1916.64,Shipped,1916.6399999999999,1
USA,San Francisco,Small,1,64,2004,Qtr 4,November,18,4,10333,73.69,S32_3522,Trucks and Buses,1,33,2431.77,Shipped,2431.77,1
USA,San Francisco,Small,1,136,2005,Qtr 1,February,17,1,10381,100,S12_1666,Trucks and Buses,1,20,2952,Shipped,2000,1
USA,San Francisco,Small,1,53,2005,Qtr 1,February,17,9,10381,52.83,S18_1367,Vintage Cars,1,25,1320.75,Shipped,1320.75,1
USA,San Francisco,Small,1,60,2005,Qtr 1,February,17,7,10381,48.62,S18_2432,Trucks and Buses,1,35,1701.7,Shipped,1701.6999999999998,1
USA,San Francisco,Small,1,62,2005,Qtr 1,February,17,4,10381,68.08,S18_2957,Vintage Cars,1,40,2723.2,Shipped,2723.2,1
USA,San Francisco,Small,1,122,2005,Qtr 1,February,23,3,10384,80.54,S24_2011,Ships,1,28,2255.12,Shipped,2255.1200000000003,1
USA,San Jose,Large,1,157,2004,Qtr 2,May,11,14,10250,100,S18_1662,Planes,1,45,8160.3,Shipped,4500,1
USA,San Jose,Large,1,136,2005,Qtr 2,April,1,9,10400,100,S10_4757,Classic Cars,1,64,9661.44,Shipped,6400,1
USA,San Jose,Large,1,105,2005,Qtr 2,April,1,6,10400,100,S18_3856,Vintage Cars,1,58,7307.42,Shipped,5800,1
USA,San Jose,Large,1,124,2005,Qtr 2,April,22,11,10407,100,S18_1589,Classic Cars,1,59,7048.14,On Hold,5900,1
USA,San Jose,Large,1,170,2005,Qtr 2,April,22,2,10407,100,S18_1749,Vintage Cars,1,76,14082.8,On Hold,7600,1
USA,San Jose,Large,1,90,2005,Qtr 2,April,22,6,10407,94.5,S24_2766,Classic Cars,1,76,7182,On Hold,7182,1
USA,San Jose,Medium,1,68,2004,Qtr 2,May,11,13,10250,75.06,S24_3949,Planes,1,40,3002.4,Shipped,3002.4,1
USA,San Jose,Medium,1,99,2004,Qtr 2,May,11,2,10250,100,S32_1374,Motorcycles,1,31,3282.28,Shipped,3100,1
USA,San Jose,Medium,1,68,2004,Qtr 2,May,11,7,10250,61.22,S32_4289,Vintage Cars,1,50,3061,Shipped,3061,1
USA,San Jose,Medium,1,99,2004,Qtr 2,May,11,11,10250,100,S700_2466,Planes,1,35,3909.15,Shipped,3500,1
USA,San Jose,Medium,1,118,2004,Qtr 2,May,11,3,10250,100,S700_2834,Planes,1,44,6055.72,Shipped,4400,1
USA,San Jose,Medium,1,101,2004,Qtr 2,June,14,1,10257,88.14,S18_2949,Vintage Cars,1,50,4407,Shipped,4407,1
USA,San Jose,Medium,1,104,2004,Qtr 2,June,14,2,10257,84.82,S18_3136,Vintage Cars,1,37,3138.34,Shipped,3138.3399999999997,1
USA,San Jose,Medium,1,97,2004,Qtr 2,June,14,4,10257,78.89,S24_4258,Vintage Cars,1,46,3628.94,Shipped,3628.94,1
USA,San Jose,Medium,1,157,2005,Qtr 2,April,1,1,10400,100,S18_1662,Planes,1,34,6433.82,Shipped,3400,1
USA,San Jose,Medium,1,83,2005,Qtr 2,April,1,8,10400,72.96,S24_3816,Vintage Cars,1,42,3064.32,Shipped,3064.3199999999997,1
USA,San Jose,Medium,1,90,2005,Qtr 2,April,1,5,10400,87.8,S700_2047,Ships,1,46,4038.8,Shipped,4038.7999999999997,1
USA,San Jose,Medium,1,60,2005,Qtr 2,April,22,1,10407,72.65,S18_2248,Vintage Cars,1,42,3051.3,On Hold,3051.3,1
USA,San Jose,Medium,1,132,2005,Qtr 2,April,22,12,10407,100,S18_2870,Classic Cars,1,41,6386.16,On Hold,4100,1
USA,San Jose,Medium,1,71,2005,Qtr 2,April,22,4,10407,66.99,S18_4933,Classic Cars,1,66,4421.34,On Hold,4421.339999999999,1
USA,San Jose,Medium,1,117,2005,Qtr 2,April,22,5,10407,98.65,S24_2887,Classic Cars,1,59,5820.35,On Hold,5820.35,1
USA,San Jose,Medium,1,107,2005,Qtr 2,April,22,9,10407,86.73,S24_3432,Classic Cars,1,43,3729.39,On Hold,3729.3900000000003,1
USA,San Jose,Small,1,84,2004,Qtr 2,May,11,4,10250,98.84,S18_2581,Planes,1,27,2668.68,Shipped,2668.6800000000003,1
USA,San Jose,Small,1,109,2004,Qtr 2,May,11,6,10250,88.63,S24_1785,Planes,1,31,2747.53,Shipped,2747.5299999999997,1
USA,San Jose,Small,1,76,2004,Qtr 2,May,11,1,10250,87.6,S24_2000,Motorcycles,1,32,2803.2,Shipped,2803.2,1
USA,San Jose,Small,1,72,2004,Qtr 2,May,11,5,10250,74.62,S24_4278,Planes,1,37,2760.94,Shipped,2760.94,1
USA,San Jose,Small,1,43,2004,Qtr 2,May,11,8,10250,51.93,S50_1341,Vintage Cars,1,36,1869.48,Shipped,1869.48,1
USA,San Jose,Small,1,91,2004,Qtr 2,May,11,9,10250,91.34,S700_1691,Planes,1,31,2831.54,Shipped,2831.54,1
USA,San Jose,Small,1,80,2004,Qtr 2,May,11,10,10250,67.2,S700_3167,Planes,1,44,2956.8,Shipped,2956.8,1
USA,San Jose,Small,1,74,2004,Qtr 2,May,11,12,10250,62.19,S700_4002,Planes,1,38,2363.22,Shipped,2363.22,1
USA,San Jose,Small,1,62,2004,Qtr 2,June,14,3,10257,53.72,S18_2957,Vintage Cars,1,49,2632.28,Shipped,2632.2799999999997,1
USA,San Jose,Small,1,99,2004,Qtr 2,June,14,5,10257,89.29,S18_3320,Vintage Cars,1,26,2321.54,Shipped,2321.54,1
USA,San Jose,Small,1,86,2005,Qtr 2,April,1,7,10400,74.84,S18_3029,Ships,1,30,2245.2,Shipped,2245.2000000000003,1
USA,San Jose,Small,1,68,2005,Qtr 2,April,1,2,10400,61.66,S24_2841,Planes,1,24,1479.84,Shipped,1479.84,1
USA,San Jose,Small,1,65,2005,Qtr 2,April,1,3,10400,57.2,S24_3420,Vintage Cars,1,38,2173.6,Shipped,2173.6,1
USA,San Jose,Small,1,49,2005,Qtr 2,April,1,4,10400,56.12,S72_1253,Planes,1,20,1122.4,Shipped,1122.3999999999999,1
USA,San Jose,Small,1,92,2005,Qtr 2,April,22,3,10407,90.19,S18_4409,Vintage Cars,1,6,541.14,On Hold,541.14,1
USA,San Jose,Small,1,73,2005,Qtr 2,April,22,8,10407,76.43,S24_1046,Classic Cars,1,26,1987.18,On Hold,1987.1800000000003,1
USA,San Jose,Small,1,50,2005,Qtr 2,April,22,10,10407,40.25,S24_1628,Classic Cars,1,64,2576,On Hold,2576,1
USA,San Jose,Small,1,85,2005,Qtr 2,April,22,7,10407,81.33,S24_3191,Classic Cars,1,13,1057.29,On Hold,1057.29,1
USA,San Rafael,Large,1,194,2003,Qtr 3,July,2,7,10135,100,S12_1099,Classic Cars,1,42,8008.56,Shipped,4200,1
USA,San Rafael,Large,1,207,2003,Qtr 3,August,8,12,10142,100,S12_1108,Classic Cars,1,33,8023.29,Shipped,3300,1
USA,San Rafael,Large,1,173,2003,Qtr 3,August,8,11,10142,100,S12_3891,Classic Cars,1,46,9470.94,Shipped,4600,1
USA,San Rafael,Large,1,170,2003,Qtr 4,November,12,10,10182,100,S18_1749,Vintage Cars,1,44,7554.8,Shipped,4400,1
USA,San Rafael,Large,1,163,2004,Qtr 3,July,20,4,10271,100,S18_2238,Classic Cars,1,50,9169,Shipped,5000,1
USA,San Rafael,Large,1,207,2004,Qtr 3,August,20,5,10282,100,S12_1108,Classic Cars,1,41,7071.27,Shipped,4100,1
USA,San Rafael,Large,1,214,2004,Qtr 4,October,21,3,10312,100,S10_1949,Classic Cars,1,48,11623.7,Shipped,4800,1
USA,San Rafael,Large,1,170,2004,Qtr 4,October,21,17,10312,100,S18_1749,Vintage Cars,1,48,8078.4,Shipped,4800,1
USA,San Rafael,Large,1,99,2005,Qtr 1,February,17,7,10382,100,S18_3320,Vintage Cars,1,50,8935.5,Shipped,5000,1
USA,San Rafael,Large,1,50,2005,Qtr 1,February,17,2,10382,100,S18_4668,Vintage Cars,1,39,7827.3,Shipped,3900,1
USA,San Rafael,Large,1,146,2005,Qtr 1,March,4,1,10390,100,S18_3482,Classic Cars,1,50,7397,Shipped,5000,1
USA,San Rafael,Medium,1,136,2003,Qtr 1,March,26,2,10113,100,S12_1666,Trucks and Buses,1,21,3415.44,Shipped,2100,1
USA,San Rafael,Medium,1,116,2003,Qtr 1,March,26,4,10113,100,S18_1097,Trucks and Buses,1,49,4916.66,Shipped,4900,1
USA,San Rafael,Medium,1,117,2003,Qtr 3,July,2,5,10135,100,S12_3380,Classic Cars,1,48,6031.68,Shipped,4800,1
USA,San Rafael,Medium,1,77,2003,Qtr 3,July,2,3,10135,79.31,S18_1889,Classic Cars,1,48,3806.88,Shipped,3806.88,1
USA,San Rafael,Medium,1,80,2003,Qtr 3,July,2,10,10135,78,S18_3278,Classic Cars,1,45,3510,Shipped,3510,1
USA,San Rafael,Medium,1,146,2003,Qtr 3,July,2,9,10135,100,S18_3482,Classic Cars,1,42,5432.7,Shipped,4200,1
USA,San Rafael,Medium,1,148,2003,Qtr 3,July,2,12,10135,100,S18_4721,Classic Cars,1,31,4705.18,Shipped,3100,1
USA,San Rafael,Medium,1,140,2003,Qtr 3,July,2,2,10135,100,S24_3856,Classic Cars,1,47,6336.07,Shipped,4700,1
USA,San Rafael,Medium,1,81,2003,Qtr 3,July,2,15,10135,96,S50_4713,Motorcycles,1,44,4224,Shipped,4224,1
USA,San Rafael,Medium,1,151,2003,Qtr 3,August,8,13,10142,100,S12_3148,Classic Cars,1,33,4985.64,Shipped,3300,1
USA,San Rafael,Medium,1,136,2003,Qtr 3,August,8,8,10142,100,S18_3140,Vintage Cars,1,47,6034.33,Shipped,4700,1
USA,San Rafael,Medium,1,143,2003,Qtr 3,August,8,15,10142,100,S18_4027,Classic Cars,1,24,3791.52,Shipped,2400,1
USA,San Rafael,Medium,1,122,2003,Qtr 3,August,8,6,10142,100,S24_2011,Ships,1,33,3366,Shipped,3300,1
USA,San Rafael,Medium,1,88,2003,Qtr 3,August,8,1,10142,98.25,S24_3151,Vintage Cars,1,49,4814.25,Shipped,4814.25,1
USA,San Rafael,Medium,1,62,2003,Qtr 3,August,8,16,10142,74.57,S32_3207,Trains,1,42,3131.94,Shipped,3131.9399999999996,1
USA,San Rafael,Medium,1,86,2003,Qtr 3,August,8,9,10142,84.01,S700_1938,Ships,1,43,3612.43,Shipped,3612.4300000000003,1
USA,San Rafael,Medium,1,99,2003,Qtr 3,August,8,4,10142,85.41,S700_3962,Ships,1,38,3245.58,Shipped,3245.58,1
USA,San Rafael,Medium,1,168,2003,Qtr 4,November,12,4,10182,100,S18_2795,Vintage Cars,1,21,3047.73,Shipped,2100,1
USA,San Rafael,Medium,1,92,2003,Qtr 4,November,12,11,10182,100,S18_4409,Vintage Cars,1,36,3942.72,Shipped,3600,1
USA,San Rafael,Medium,1,71,2003,Qtr 4,November,12,12,10182,69.84,S18_4933,Classic Cars,1,44,3072.96,Shipped,3072.96,1
USA,San Rafael,Medium,1,73,2003,Qtr 4,November,12,16,10182,74.22,S24_1046,Classic Cars,1,47,3488.34,Shipped,3488.34,1
USA,San Rafael,Medium,1,85,2003,Qtr 4,November,12,15,10182,94.17,S24_3191,Classic Cars,1,33,3107.61,Shipped,3107.61,1
USA,San Rafael,Medium,1,107,2003,Qtr 4,November,12,17,10182,100,S24_3432,Classic Cars,1,49,6244.07,Shipped,4900,1
USA,San Rafael,Medium,1,147,2004,Qtr 1,March,11,9,10229,100,S10_4962,Classic Cars,1,50,6426.5,Shipped,5000,1
USA,San Rafael,Medium,1,136,2004,Qtr 1,March,11,13,10229,100,S12_1666,Trucks and Buses,1,25,3451,Shipped,2500,1
USA,San Rafael,Medium,1,118,2004,Qtr 1,March,11,1,10229,100,S12_4473,Trucks and Buses,1,36,4521.96,Shipped,3600,1
USA,San Rafael,Medium,1,122,2004,Qtr 1,March,11,4,10229,100,S18_2319,Trucks and Buses,1,26,3765.32,Shipped,2600,1
USA,San Rafael,Medium,1,169,2004,Qtr 1,March,11,5,10229,100,S18_3232,Classic Cars,1,22,4172.52,Shipped,2200,1
USA,San Rafael,Medium,1,121,2004,Qtr 1,March,11,10,10229,100,S18_4600,Trucks and Buses,1,41,4716.23,Shipped,4100,1
USA,San Rafael,Medium,1,127,2004,Qtr 1,March,11,6,10229,100,S24_2300,Trucks and Buses,1,48,5704.32,Shipped,4800,1
USA,San Rafael,Medium,1,101,2004,Qtr 1,March,11,11,10229,100,S700_2824,Classic Cars,1,50,5614,Shipped,5000,1
USA,San Rafael,Medium,1,118,2004,Qtr 3,July,20,5,10271,97.17,S12_4473,Trucks and Buses,1,31,3012.27,Shipped,3012.27,1
USA,San Rafael,Medium,1,122,2004,Qtr 3,July,20,8,10271,100,S18_2319,Trucks and Buses,1,50,5093.5,Shipped,5000,1
USA,San Rafael,Medium,1,169,2004,Qtr 3,July,20,9,10271,100,S18_3232,Classic Cars,1,20,3928.6,Shipped,2000,1
USA,San Rafael,Medium,1,127,2004,Qtr 3,July,20,10,10271,100,S24_2300,Trucks and Buses,1,43,5605.05,Shipped,4300,1
USA,San Rafael,Medium,1,118,2004,Qtr 3,July,20,1,10271,100,S24_4048,Classic Cars,1,22,3070.54,Shipped,2200,1
USA,San Rafael,Medium,1,115,2004,Qtr 3,July,20,3,10271,98.39,S50_1392,Trucks and Buses,1,34,3345.26,Shipped,3345.26,1
USA,San Rafael,Medium,1,151,2004,Qtr 3,August,20,6,10282,100,S12_3148,Classic Cars,1,27,4364.82,Shipped,2700,1
USA,San Rafael,Medium,1,173,2004,Qtr 3,August,20,4,10282,100,S12_3891,Classic Cars,1,24,3778.8,Shipped,2400,1
USA,San Rafael,Medium,1,163,2004,Qtr 3,August,20,13,10282,100,S18_2238,Classic Cars,1,23,3238.63,Shipped,2300,1
USA,San Rafael,Medium,1,136,2004,Qtr 3,August,20,1,10282,100,S18_3140,Vintage Cars,1,43,6695.53,Shipped,4300,1
USA,San Rafael,Medium,1,100,2004,Qtr 3,August,20,3,10282,100,S18_3259,Trains,1,36,4174.92,Shipped,3600,1
USA,San Rafael,Medium,1,143,2004,Qtr 3,August,20,8,10282,100,S18_4027,Classic Cars,1,31,4674.8,Shipped,3100,1
USA,San Rafael,Medium,1,118,2004,Qtr 3,August,20,10,10282,100,S24_4048,Classic Cars,1,39,4797.39,Shipped,3900,1
USA,San Rafael,Medium,1,115,2004,Qtr 3,August,20,12,10282,100,S50_1392,Trucks and Buses,1,38,4310.72,Shipped,3800,1
USA,San Rafael,Medium,1,86,2004,Qtr 3,August,20,2,10282,86.61,S700_1938,Ships,1,43,3724.23,Shipped,3724.23,1
USA,San Rafael,Medium,1,116,2004,Qtr 4,October,21,2,10312,100,S18_1097,Trucks and Buses,1,32,4181.44,Shipped,3200,1
USA,San Rafael,Medium,1,102,2004,Qtr 4,October,21,10,10312,89.38,S18_1342,Vintage Cars,1,43,3843.34,Shipped,3843.3399999999997,1
USA,San Rafael,Medium,1,127,2004,Qtr 4,October,21,14,10312,100,S18_2325,Vintage Cars,1,31,4729.36,Shipped,3100,1
USA,San Rafael,Medium,1,168,2004,Qtr 4,October,21,11,10312,100,S18_2795,Vintage Cars,1,25,3881.25,Shipped,2500,1
USA,San Rafael,Medium,1,101,2004,Qtr 4,October,21,4,10312,100,S18_2949,Vintage Cars,1,37,3711.1,Shipped,3700,1
USA,San Rafael,Medium,1,104,2004,Qtr 4,October,21,5,10312,100,S18_3136,Vintage Cars,1,38,4457.02,Shipped,3800,1
USA,San Rafael,Medium,1,99,2004,Qtr 4,October,21,8,10312,100,S18_3320,Vintage Cars,1,33,3535.95,Shipped,3300,1
USA,San Rafael,Medium,1,97,2004,Qtr 4,October,21,7,10312,100,S24_4258,Vintage Cars,1,44,4884.88,Shipped,4400,1
USA,San Rafael,Medium,1,96,2004,Qtr 4,November,19,1,10335,100,S32_1268,Trucks and Buses,1,44,4746.28,Shipped,4400,1
USA,San Rafael,Medium,1,214,2004,Qtr 4,December,10,10,10357,100,S10_1949,Classic Cars,1,32,5691.84,Shipped,3200,1
USA,San Rafael,Medium,1,147,2004,Qtr 4,December,10,9,10357,100,S10_4962,Classic Cars,1,43,5780.92,Shipped,4300,1
USA,San Rafael,Medium,1,136,2004,Qtr 4,December,10,8,10357,100,S12_1666,Trucks and Buses,1,49,5960.36,Shipped,4900,1
USA,San Rafael,Medium,1,116,2004,Qtr 4,December,10,1,10357,98,S18_1097,Trucks and Buses,1,39,3822,Shipped,3822,1
USA,San Rafael,Medium,1,101,2004,Qtr 4,December,10,6,10357,87.13,S18_2949,Vintage Cars,1,41,3572.33,Shipped,3572.33,1
USA,San Rafael,Medium,1,62,2004,Qtr 4,December,10,5,10357,70.58,S18_2957,Vintage Cars,1,49,3458.42,Shipped,3458.42,1
USA,San Rafael,Medium,1,104,2004,Qtr 4,December,10,4,10357,100,S18_3136,Vintage Cars,1,44,5160.76,Shipped,4400,1
USA,San Rafael,Medium,1,121,2004,Qtr 4,December,10,2,10357,100,S18_4600,Trucks and Buses,1,28,3559.64,Shipped,2800,1
USA,San Rafael,Medium,1,90,2005,Qtr 1,January,19,2,10368,100,S24_2766,Classic Cars,1,40,4107.2,Shipped,4000,1
USA,San Rafael,Medium,1,117,2005,Qtr 1,January,19,5,10368,100,S24_2887,Classic Cars,1,31,4223.13,Shipped,3100,1
USA,San Rafael,Medium,1,85,2005,Qtr 1,January,19,1,10368,79.62,S24_3191,Classic Cars,1,46,3662.52,Shipped,3662.5200000000004,1
USA,San Rafael,Medium,1,207,2005,Qtr 1,January,23,6,10371,100,S12_1108,Classic Cars,1,32,3560.64,Shipped,3200,1
USA,San Rafael,Medium,1,127,2005,Qtr 1,January,23,5,10371,100,S24_2300,Trucks and Buses,1,20,3449.4,Shipped,2000,1
USA,San Rafael,Medium,1,35,2005,Qtr 1,January,23,8,10371,100,S24_2840,Classic Cars,1,45,5545.8,Shipped,4500,1
USA,San Rafael,Medium,1,96,2005,Qtr 1,January,23,1,10371,100,S32_1268,Trucks and Buses,1,26,4044.04,Shipped,2600,1
USA,San Rafael,Medium,1,101,2005,Qtr 1,January,23,3,10371,100,S700_2824,Classic Cars,1,34,4301.34,Shipped,3400,1
USA,San Rafael,Medium,1,207,2005,Qtr 1,February,17,10,10382,100,S12_1108,Classic Cars,1,34,3823.64,Shipped,3400,1
USA,San Rafael,Medium,1,151,2005,Qtr 1,February,17,11,10382,100,S12_3148,Classic Cars,1,37,4071.85,Shipped,3700,1
USA,San Rafael,Medium,1,173,2005,Qtr 1,February,17,12,10382,95.35,S12_3891,Classic Cars,1,34,3241.9,Shipped,3241.8999999999996,1
USA,San Rafael,Medium,1,121,2005,Qtr 1,February,17,1,10382,100,S18_4600,Trucks and Buses,1,39,4890.6,Shipped,3900,1
USA,San Rafael,Medium,1,97,2005,Qtr 1,February,17,4,10382,100,S24_4258,Vintage Cars,1,33,4592.61,Shipped,3300,1
USA,San Rafael,Medium,1,64,2005,Qtr 1,February,17,8,10382,100,S32_3522,Trucks and Buses,1,48,6799.68,Shipped,4800,1
USA,San Rafael,Medium,1,83,2005,Qtr 1,February,28,2,10385,85.54,S24_3816,Vintage Cars,1,37,3164.98,Shipped,3164.98,1
USA,San Rafael,Medium,1,141,2005,Qtr 1,March,4,14,10390,93.77,S18_1129,Classic Cars,1,36,3375.72,Shipped,3375.72,1
USA,San Rafael,Medium,1,127,2005,Qtr 1,March,4,16,10390,98.99,S18_2325,Vintage Cars,1,31,3068.69,Shipped,3068.69,1
USA,San Rafael,Medium,1,80,2005,Qtr 1,March,4,9,10390,100,S18_3278,Classic Cars,1,40,5491.6,Shipped,4000,1
USA,San Rafael,Medium,1,62,2005,Qtr 1,March,4,2,10390,100,S18_3782,Motorcycles,1,36,5079.96,Shipped,3600,1
USA,San Rafael,Medium,1,148,2005,Qtr 1,March,4,3,10390,100,S18_4721,Classic Cars,1,49,6862.94,Shipped,4900,1
USA,San Rafael,Medium,1,37,2005,Qtr 1,March,4,5,10390,100,S24_2972,Classic Cars,1,37,4894.73,Shipped,3700,1
USA,San Rafael,Medium,1,140,2005,Qtr 1,March,4,8,10390,100,S24_3856,Classic Cars,1,45,6763.05,Shipped,4500,1
USA,San Rafael,Medium,1,81,2005,Qtr 1,March,4,13,10390,100,S50_4713,Motorcycles,1,22,3491.18,Shipped,2200,1
USA,San Rafael,Medium,1,173,2005,Qtr 1,March,23,3,10396,100,S12_3891,Classic Cars,1,33,6109.29,Shipped,3300,1
USA,San Rafael,Medium,1,136,2005,Qtr 1,March,23,2,10396,100,S18_3140,Vintage Cars,1,33,5273.73,Shipped,3300,1
USA,San Rafael,Medium,1,87,2005,Qtr 1,March,23,5,10396,100,S18_4522,Vintage Cars,1,45,4739.4,Shipped,4500,1
USA,San Rafael,Medium,1,122,2005,Qtr 1,March,23,6,10396,100,S24_2011,Ships,1,49,5720.75,Shipped,4900,1
USA,San Rafael,Medium,1,83,2005,Qtr 1,March,23,8,10396,90.57,S24_3816,Vintage Cars,1,37,3351.09,Shipped,3351.0899999999997,1
USA,San Rafael,Medium,1,168,2005,Qtr 2,May,29,1,10421,100,S18_2795,Vintage Cars,1,35,5433.75,In Process,3500,1
USA,San Rafael,Small,1,50,2003,Qtr 1,March,26,3,10113,49.81,S18_4668,Vintage Cars,1,50,2490.5,Shipped,2490.5,1
USA,San Rafael,Small,1,64,2003,Qtr 1,March,26,1,10113,68.52,S32_3522,Trucks and Buses,1,23,1575.96,Shipped,1575.9599999999998,1
USA,San Rafael,Small,1,79,2003,Qtr 3,July,2,8,10135,75.01,S12_3990,Classic Cars,1,24,1800.24,Shipped,1800.2400000000002,1
USA,San Rafael,Small,1,115,2003,Qtr 3,July,2,4,10135,97.89,S12_4675,Classic Cars,1,29,2838.81,Shipped,2838.81,1
USA,San Rafael,Small,1,62,2003,Qtr 3,July,2,13,10135,50.36,S18_3782,Motorcycles,1,45,2266.2,Shipped,2266.2,1
USA,San Rafael,Small,1,69,2003,Qtr 3,July,2,16,10135,61.64,S24_2360,Motorcycles,1,29,1787.56,Shipped,1787.56,1
USA,San Rafael,Small,1,37,2003,Qtr 3,July,2,1,10135,35.87,S24_2972,Classic Cars,1,20,717.4,Shipped,717.4,1
USA,San Rafael,Small,1,61,2003,Qtr 3,July,2,6,10135,66.13,S24_3371,Classic Cars,1,27,1785.51,Shipped,1785.5099999999998,1
USA,San Rafael,Small,1,80,2003,Qtr 3,July,2,11,10135,87.31,S24_4620,Classic Cars,1,23,2008.13,Shipped,2008.13,1
USA,San Rafael,Small,1,40,2003,Qtr 3,July,2,14,10135,40.23,S32_2206,Motorcycles,1,33,1327.59,Shipped,1327.59,1
USA,San Rafael,Small,1,102,2003,Qtr 3,July,2,17,10135,89.8,S32_4485,Motorcycles,1,30,2694,Shipped,2694,1
USA,San Rafael,Small,1,100,2003,Qtr 3,August,8,10,10142,97.81,S18_3259,Trains,1,22,2151.82,Shipped,2151.82,1
USA,San Rafael,Small,1,87,2003,Qtr 3,August,8,7,10142,70.22,S18_4522,Vintage Cars,1,24,1685.28,Shipped,1685.28,1
USA,San Rafael,Small,1,58,2003,Qtr 3,August,8,14,10142,49.79,S50_1514,Trains,1,42,2091.18,Shipped,2091.18,1
USA,San Rafael,Small,1,66,2003,Qtr 3,August,8,2,10142,64,S700_1138,Ships,1,41,2624,Shipped,2624,1
USA,San Rafael,Small,1,100,2003,Qtr 3,August,8,3,10142,100,S700_3505,Ships,1,21,2334.99,Shipped,2100,1
USA,San Rafael,Small,1,54,2003,Qtr 3,August,8,5,10142,44.23,S72_3212,Ships,1,39,1724.97,Shipped,1724.9699999999998,1
USA,San Rafael,Small,1,102,2003,Qtr 4,November,12,3,10182,87.33,S18_1342,Vintage Cars,1,25,2183.25,Shipped,2183.25,1
USA,San Rafael,Small,1,53,2003,Qtr 4,November,12,2,10182,54.45,S18_1367,Vintage Cars,1,32,1742.4,Shipped,1742.4,1
USA,San Rafael,Small,1,60,2003,Qtr 4,November,12,9,10182,61.15,S18_2248,Vintage Cars,1,38,2323.7,Shipped,2323.7,1
USA,San Rafael,Small,1,127,2003,Qtr 4,November,12,7,10182,100,S18_2325,Vintage Cars,1,20,2212,Shipped,2000,1
USA,San Rafael,Small,1,99,2003,Qtr 4,November,12,1,10182,86.31,S18_3320,Vintage Cars,1,33,2848.23,Shipped,2848.23,1
USA,San Rafael,Small,1,33,2003,Qtr 4,November,12,6,10182,36.84,S24_1937,Vintage Cars,1,39,1436.76,Shipped,1436.7600000000002,1
USA,San Rafael,Small,1,44,2003,Qtr 4,November,12,5,10182,36.74,S24_2022,Vintage Cars,1,31,1138.94,Shipped,1138.94,1
USA,San Rafael,Small,1,90,2003,Qtr 4,November,12,14,10182,73.6,S24_2766,Classic Cars,1,36,2649.6,Shipped,2649.6,1
USA,San Rafael,Small,1,117,2003,Qtr 4,November,12,13,10182,100,S24_2887,Classic Cars,1,20,2395.8,Shipped,2000,1
USA,San Rafael,Small,1,41,2003,Qtr 4,November,12,8,10182,42.26,S24_3969,Vintage Cars,1,23,971.98,Shipped,971.9799999999999,1
USA,San Rafael,Small,1,60,2004,Qtr 1,March,11,7,10229,59.55,S18_2432,Trucks and Buses,1,28,1667.4,Shipped,1667.3999999999999,1
USA,San Rafael,Small,1,50,2004,Qtr 1,March,11,14,10229,40.25,S18_4668,Vintage Cars,1,39,1569.75,Shipped,1569.75,1
USA,San Rafael,Small,1,35,2004,Qtr 1,March,11,2,10229,32.88,S24_2840,Classic Cars,1,33,1085.04,Shipped,1085.0400000000002,1
USA,San Rafael,Small,1,96,2004,Qtr 1,March,11,8,10229,100,S32_1268,Trucks and Buses,1,25,2793,Shipped,2500,1
USA,San Rafael,Small,1,54,2004,Qtr 1,March,11,3,10229,54.11,S32_2509,Trucks and Buses,1,23,1244.53,Shipped,1244.53,1
USA,San Rafael,Small,1,64,2004,Qtr 1,March,11,12,10229,73.04,S32_3522,Trucks and Buses,1,30,2191.2,Shipped,2191.2000000000003,1
USA,San Rafael,Small,1,60,2004,Qtr 3,July,20,11,10271,69.28,S18_2432,Trucks and Buses,1,25,1732,Shipped,1732,1
USA,San Rafael,Small,1,57,2004,Qtr 3,July,20,2,10271,64.74,S24_1444,Classic Cars,1,45,2913.3,Shipped,2913.2999999999997,1
USA,San Rafael,Small,1,35,2004,Qtr 3,July,20,6,10271,41.72,S24_2840,Classic Cars,1,38,1585.36,Shipped,1585.36,1
USA,San Rafael,Small,1,54,2004,Qtr 3,July,20,7,10271,47.62,S32_2509,Trucks and Buses,1,35,1666.7,Shipped,1666.6999999999998,1
USA,San Rafael,Small,1,57,2004,Qtr 3,August,20,11,10282,46.82,S24_1444,Classic Cars,1,29,1357.78,Shipped,1357.78,1
USA,San Rafael,Small,1,62,2004,Qtr 3,August,20,9,10282,59.65,S32_3207,Trains,1,36,2147.4,Shipped,2147.4,1
USA,San Rafael,Small,1,58,2004,Qtr 3,August,20,7,10282,66.78,S50_1514,Trains,1,37,2470.86,Shipped,2470.86,1
USA,San Rafael,Small,1,53,2004,Qtr 4,October,21,9,10312,44.21,S18_1367,Vintage Cars,1,25,1105.25,Shipped,1105.25,1
USA,San Rafael,Small,1,60,2004,Qtr 4,October,21,16,10312,61.15,S18_2248,Vintage Cars,1,30,1834.5,Shipped,1834.5,1
USA,San Rafael,Small,1,62,2004,Qtr 4,October,21,6,10312,53.72,S18_2957,Vintage Cars,1,35,1880.2,Shipped,1880.2,1
USA,San Rafael,Small,1,50,2004,Qtr 4,October,21,1,10312,56.85,S18_4668,Vintage Cars,1,39,2217.15,Shipped,2217.15,1
USA,San Rafael,Small,1,33,2004,Qtr 4,October,21,13,10312,29.54,S24_1937,Vintage Cars,1,39,1152.06,Shipped,1152.06,1
USA,San Rafael,Small,1,44,2004,Qtr 4,October,21,12,10312,37.63,S24_2022,Vintage Cars,1,23,865.49,Shipped,865.49,1
USA,San Rafael,Small,1,41,2004,Qtr 4,October,21,15,10312,35.29,S24_3969,Vintage Cars,1,31,1093.99,Shipped,1093.99,1
USA,San Rafael,Small,1,35,2004,Qtr 4,November,19,2,10335,37.13,S24_2840,Classic Cars,1,33,1225.29,Shipped,1225.2900000000002,1
USA,San Rafael,Small,1,54,2004,Qtr 4,November,19,3,10335,60.6,S32_2509,Trucks and Buses,1,40,2424,Shipped,2424,1
USA,San Rafael,Small,1,60,2004,Qtr 4,December,10,7,10357,61.99,S18_2432,Trucks and Buses,1,41,2541.59,Shipped,2541.59,1
USA,San Rafael,Small,1,99,2004,Qtr 4,December,10,3,10357,100,S18_3320,Vintage Cars,1,25,2604.25,Shipped,2500,1
USA,San Rafael,Small,1,107,2005,Qtr 1,January,19,4,10368,99.58,S24_3432,Classic Cars,1,20,1991.6,Shipped,1991.6,1
USA,San Rafael,Small,1,41,2005,Qtr 1,January,19,3,10368,37.34,S24_3969,Vintage Cars,1,46,1717.64,Shipped,1717.64,1
USA,San Rafael,Small,1,118,2005,Qtr 1,January,23,4,10371,35.71,S12_4473,Trucks and Buses,1,49,1749.79,Shipped,1749.79,1
USA,San Rafael,Small,1,163,2005,Qtr 1,January,23,7,10371,100,S18_2238,Classic Cars,1,25,2602.25,Shipped,2500,1
USA,San Rafael,Small,1,57,2005,Qtr 1,January,23,12,10371,97.27,S24_1444,Classic Cars,1,25,2431.75,Shipped,2431.75,1
USA,San Rafael,Small,1,118,2005,Qtr 1,January,23,9,10371,50.32,S24_4048,Classic Cars,1,28,1408.96,Shipped,1408.96,1
USA,San Rafael,Small,1,54,2005,Qtr 1,January,23,2,10371,66.47,S32_2509,Trucks and Buses,1,20,1329.4,Shipped,1329.4,1
USA,San Rafael,Small,1,62,2005,Qtr 1,January,23,11,10371,99.55,S32_3207,Trains,1,30,2986.5,Shipped,2986.5,1
USA,San Rafael,Small,1,115,2005,Qtr 1,January,23,10,10371,56.55,S50_1392,Trucks and Buses,1,48,2714.4,Shipped,2714.3999999999996,1
USA,San Rafael,Small,1,118,2005,Qtr 1,February,17,13,10382,66.58,S12_4473,Trucks and Buses,1,32,2130.56,Shipped,2130.56,1
USA,San Rafael,Small,1,163,2005,Qtr 1,February,17,5,10382,88,S18_2238,Classic Cars,1,25,2200,Shipped,2200,1
USA,San Rafael,Small,1,127,2005,Qtr 1,February,17,3,10382,100,S24_2300,Trucks and Buses,1,20,2654.4,Shipped,2000,1
USA,San Rafael,Small,1,96,2005,Qtr 1,February,17,6,10382,100,S32_1268,Trucks and Buses,1,26,2708.42,Shipped,2600,1
USA,San Rafael,Small,1,101,2005,Qtr 1,February,17,9,10382,54.84,S700_2824,Classic Cars,1,34,1864.56,Shipped,1864.5600000000002,1
USA,San Rafael,Small,1,66,2005,Qtr 1,February,28,1,10385,77.34,S700_1138,Ships,1,25,1933.5,Shipped,1933.5,1
USA,San Rafael,Small,1,142,2005,Qtr 1,March,4,15,10390,43.05,S18_1984,Classic Cars,1,34,1463.7,Shipped,1463.6999999999998,1
USA,San Rafael,Small,1,168,2005,Qtr 1,March,4,7,10390,78.11,S18_2795,Vintage Cars,1,26,2030.86,Shipped,2030.86,1
USA,San Rafael,Small,1,69,2005,Qtr 1,March,4,4,10390,65.13,S24_2360,Motorcycles,1,35,2279.55,Shipped,2279.5499999999997,1
USA,San Rafael,Small,1,61,2005,Qtr 1,March,4,6,10390,52.84,S24_3371,Classic Cars,1,46,2430.64,Shipped,2430.6400000000003,1
USA,San Rafael,Small,1,80,2005,Qtr 1,March,4,10,10390,82.42,S24_4620,Classic Cars,1,30,2472.6,Shipped,2472.6,1
USA,San Rafael,Small,1,40,2005,Qtr 1,March,4,11,10390,44.56,S32_2206,Motorcycles,1,41,1826.96,Shipped,1826.96,1
USA,San Rafael,Small,1,102,2005,Qtr 1,March,4,12,10390,48.98,S32_4485,Motorcycles,1,45,2204.1,Shipped,2204.1,1
USA,San Rafael,Small,1,100,2005,Qtr 1,March,23,4,10396,89.75,S18_3259,Trains,1,24,2154,Shipped,2154,1
USA,San Rafael,Small,1,88,2005,Qtr 1,March,23,7,10396,83.2,S24_3151,Vintage Cars,1,27,2246.4,Shipped,2246.4,1
USA,San Rafael,Small,1,66,2005,Qtr 1,March,23,1,10396,66.67,S700_1138,Ships,1,39,2600.13,Shipped,2600.13,1
USA,San Rafael,Small,1,44,2005,Qtr 2,May,29,2,10421,45.7,S24_2022,Vintage Cars,1,40,1828,In Process,1828,1
USA,White Plains,Large,1,169,2003,Qtr 4,November,25,10,10195,100,S18_3232,Classic Cars,1,50,7620.5,Shipped,5000,1
USA,White Plains,Medium,1,118,2003,Qtr 4,November,25,6,10195,100,S12_4473,Trucks and Buses,1,49,6445.46,Shipped,4900,1
USA,White Plains,Medium,1,163,2003,Qtr 4,November,25,5,10195,100,S18_2238,Classic Cars,1,27,5128.11,Shipped,2700,1
USA,White Plains,Medium,1,122,2003,Qtr 4,November,25,9,10195,100,S18_2319,Trucks and Buses,1,35,3608.15,Shipped,3500,1
USA,White Plains,Medium,1,118,2003,Qtr 4,November,25,2,10195,100,S24_4048,Classic Cars,1,34,3699.88,Shipped,3400,1
USA,White Plains,Medium,1,115,2003,Qtr 4,November,25,4,10195,100,S50_1392,Trucks and Buses,1,49,5161.17,Shipped,4900,1
USA,White Plains,Medium,1,118,2004,Qtr 4,October,15,2,10308,100,S10_2016,Motorcycles,1,34,4043.96,Shipped,3400,1
USA,White Plains,Medium,1,193,2004,Qtr 4,October,15,1,10308,100,S10_4698,Motorcycles,1,20,4570.4,Shipped,2000,1
USA,White Plains,Medium,1,109,2004,Qtr 4,October,15,9,10308,100,S24_1785,Planes,1,31,3493.7,Shipped,3100,1
USA,White Plains,Medium,1,68,2004,Qtr 4,October,15,16,10308,76.43,S24_3949,Planes,1,43,3286.49,Shipped,3286.4900000000002,1
USA,White Plains,Medium,1,72,2004,Qtr 4,October,15,8,10308,83.32,S24_4278,Planes,1,44,3666.08,Shipped,3666.08,1
USA,White Plains,Medium,1,68,2004,Qtr 4,October,15,10,10308,66.04,S32_4289,Vintage Cars,1,46,3037.84,Shipped,3037.84,1
USA,White Plains,Medium,1,99,2004,Qtr 4,October,15,14,10308,88.75,S700_2466,Planes,1,35,3106.25,Shipped,3106.25,1
USA,White Plains,Medium,1,118,2004,Qtr 4,October,15,6,10308,100,S700_2834,Planes,1,31,4009.23,Shipped,3100,1
USA,White Plains,Small,1,57,2003,Qtr 4,November,25,3,10195,66.47,S24_1444,Classic Cars,1,44,2924.68,Shipped,2924.68,1
USA,White Plains,Small,1,35,2003,Qtr 4,November,25,7,10195,28.29,S24_2840,Classic Cars,1,32,905.28,Shipped,905.28,1
USA,White Plains,Small,1,54,2003,Qtr 4,November,25,8,10195,43.29,S32_2509,Trucks and Buses,1,32,1385.28,Shipped,1385.28,1
USA,White Plains,Small,1,62,2003,Qtr 4,November,25,1,10195,54.68,S32_3207,Trains,1,33,1804.44,Shipped,1804.44,1
USA,White Plains,Small,1,84,2004,Qtr 4,October,15,7,10308,82.79,S18_2581,Planes,1,27,2235.33,Shipped,2235.3300000000004,1
USA,White Plains,Small,1,60,2004,Qtr 4,October,15,3,10308,52.09,S18_2625,Motorcycles,1,34,1771.06,Shipped,1771.0600000000002,1
USA,White Plains,Small,1,76,2004,Qtr 4,October,15,4,10308,63.22,S24_2000,Motorcycles,1,47,2971.34,Shipped,2971.34,1
USA,White Plains,Small,1,99,2004,Qtr 4,October,15,5,10308,79.91,S32_1374,Motorcycles,1,24,1917.84,Shipped,1917.84,1
USA,White Plains,Small,1,43,2004,Qtr 4,October,15,11,10308,43.64,S50_1341,Vintage Cars,1,47,2051.08,Shipped,2051.08,1
USA,White Plains,Small,1,91,2004,Qtr 4,October,15,12,10308,100,S700_1691,Planes,1,21,2224.95,Shipped,2100,1
USA,White Plains,Small,1,80,2004,Qtr 4,October,15,13,10308,87.2,S700_3167,Planes,1,21,1831.2,Shipped,1831.2,1
USA,White Plains,Small,1,74,2004,Qtr 4,October,15,15,10308,68.11,S700_4002,Planes,1,39,2656.29,Shipped,2656.29,1
